Candidate_ID,orig_rel,cf_rel,pred_orig,pred_cf,diff,abs_diff
SE-JD1-01,divergent,exact_or_related,77.81300000000022,81.19122666666676,3.3782266666665492,3.3782266666665492
SE-JD1-02,divergent,exact_or_related,76.67066333333305,75.25958174603173,-1.4110815873013252,1.4110815873013252
SE-JD1-03,exact_or_related,adjacent,79.30353333333325,80.29800000000006,0.9944666666668098,0.9944666666668098
SE-JD1-04,exact_or_related,adjacent,69.11481391053397,69.3273541269841,0.21254021645013665,0.21254021645013665
SE-JD1-05,adjacent,divergent,59.56185238095259,64.92171142857154,5.359859047618954,5.359859047618954
SE-JD1-06,adjacent,divergent,69.10542933621934,68.75701523809512,-0.3484140981242234,0.3484140981242234
SE-JD1-07,divergent,exact_or_related,68.25729904761909,70.51522577422575,2.2579267266066694,2.2579267266066694
SE-JD1-08,exact_or_related,adjacent,66.82668730158736,66.20810253968268,-0.6185847619046712,0.6185847619046712
SE-JD1-09,exact_or_related,adjacent,67.43724704961708,69.10542933621934,1.66818228660226,1.66818228660226
SE-JD1-10,exact_or_related,adjacent,67.43724704961708,69.10542933621934,1.66818228660226,1.66818228660226
SE-JD1-11,adjacent,divergent,69.3273541269841,69.20267666666689,-0.1246774603172156,0.1246774603172156
SE-JD1-12,exact_or_related,adjacent,74.76032333333335,74.52436761904765,-0.23595571428569428,0.23595571428569428
SE-JD1-13,exact_or_related,adjacent,77.71434285714281,82.5197428571427,4.805399999999892,4.805399999999892
SE-JD1-14,exact_or_related,adjacent,78.70590476190463,82.11110380952391,3.405199047619277,3.405199047619277
SE-JD1-15,exact_or_related,adjacent,80.66445000000026,80.46876666666678,-0.1956833333334771,0.1956833333334771
SE-JD1-16,exact_or_related,adjacent,79.30353333333325,80.29800000000006,0.9944666666668098,0.9944666666668098
SE-JD1-17,exact_or_related,adjacent,72.98866666666667,78.19681999999996,5.208153333333286,5.208153333333286
SE-JD1-18,exact_or_related,adjacent,70.16194015873015,69.3173155555556,-0.8446246031745517,0.8446246031745517
SE-JD1-19,exact_or_related,adjacent,63.08265142857163,60.10295904761917,-2.979692380952457,2.979692380952457
SE-JD1-20,divergent,exact_or_related,66.44247999999992,68.66308190476198,2.220601904762063,2.220601904762063
SE-JD1-21,exact_or_related,adjacent,76.02531666666698,76.54212000000008,0.516803333333101,0.516803333333101
SE-JD1-22,adjacent,divergent,80.12573333333363,79.03893333333343,-1.0868000000001956,1.0868000000001956
SE-JD1-23,exact_or_related,adjacent,69.88638444444436,70.26342444444433,0.3770399999999654,0.3770399999999654
SE-JD1-24,exact_or_related,adjacent,76.0858933333333,77.55226666666677,1.4663733333334648,1.4663733333334648
SE-JD1-25,exact_or_related,adjacent,70.99693480519477,68.87016199134193,-2.1267728138528383,2.1267728138528383
SE-JD1-26,adjacent,divergent,74.1665295238094,64.24752000000021,-9.919009523809194,9.919009523809194
SE-JD1-27,adjacent,divergent,80.12573333333363,79.03893333333343,-1.0868000000001956,1.0868000000001956
SE-JD1-28,exact_or_related,adjacent,73.17494666666644,76.20983999999989,3.034893333333443,3.034893333333443
SE-JD1-29,exact_or_related,adjacent,67.41628047619051,66.83436825396832,-0.5819122222221864,0.5819122222221864
SE-JD1-30,divergent,exact_or_related,71.6919533333332,66.27034047619036,-5.421612857142847,5.421612857142847
SE-JD1-31,exact_or_related,adjacent,61.87097000000019,63.66302000000004,1.792049999999847,1.792049999999847
SE-JD1-32,exact_or_related,adjacent,70.70989835386833,72.51858190476185,1.8086835508935195,1.8086835508935195
SE-JD1-33,divergent,exact_or_related,66.94896444444421,65.22256523809527,-1.726399206348944,1.726399206348944
SE-JD1-34,adjacent,divergent,68.51880634920632,64.94191333333329,-3.5768930158730257,3.5768930158730257
SE-JD1-35,exact_or_related,adjacent,76.53846857142857,72.5047676190476,-4.033700952380968,4.033700952380968
SE-JD1-36,adjacent,divergent,68.05693333333328,63.28039999999984,-4.77653333333344,4.77653333333344
SE-JD1-37,exact_or_related,adjacent,69.47468571428578,70.65623142857146,1.1815457142856758,1.1815457142856758
SE-JD1-38,exact_or_related,adjacent,74.12453523809516,69.5472085714286,-4.577326666666565,4.577326666666565
SE-JD1-39,exact_or_related,adjacent,69.475654761905,67.927592857143,-1.5480619047620081,1.5480619047620081
SE-JD1-40,divergent,exact_or_related,65.57691031746022,70.00162666666657,4.424716349206349,4.424716349206349
SE-JD1-41,adjacent,divergent,68.51880634920632,64.94191333333329,-3.5768930158730257,3.5768930158730257
SE-JD1-42,exact_or_related,adjacent,68.8567208502608,70.40944813297816,1.5527272827173562,1.5527272827173562
SE-JD1-43,divergent,exact_or_related,62.93364444444435,71.96476761904756,9.031123174603216,9.031123174603216
SE-JD1-44,exact_or_related,adjacent,70.70989835386833,72.51858190476185,1.8086835508935195,1.8086835508935195
SE-JD1-45,exact_or_related,adjacent,68.66308190476198,70.69770952380952,2.0346276190475407,2.0346276190475407
SE-JD1-46,exact_or_related,adjacent,67.64585904761927,78.07132095238099,10.425461904761718,10.425461904761718
SE-JD1-47,exact_or_related,adjacent,59.48741333333329,65.33934666666649,5.851933333333193,5.851933333333193
SE-JD1-48,exact_or_related,adjacent,74.12453523809516,69.5472085714286,-4.577326666666565,4.577326666666565
SE-JD1-49,divergent,exact_or_related,66.08924920634898,65.15698142857131,-0.9322677777776676,0.9322677777776676
SE-JD1-50,exact_or_related,adjacent,61.8753057142859,63.30883142857162,1.4335257142857216,1.4335257142857216
SE-JD1-51,adjacent,divergent,72.5047676190476,72.1616438095236,-0.3431238095240019,0.3431238095240019
SE-JD1-52,divergent,exact_or_related,81.81741333333332,85.63640000000007,3.8189866666667456,3.8189866666667456
SE-JD1-53,exact_or_related,adjacent,65.15698142857131,65.94823285714281,0.7912514285714991,0.7912514285714991
SE-JD1-54,adjacent,divergent,68.47423999999977,66.50166666666676,-1.9725733333330027,1.9725733333330027
SE-JD1-55,exact_or_related,adjacent,67.64585904761927,78.07132095238099,10.425461904761718,10.425461904761718
SE-JD1-56,adjacent,divergent,78.15160000000027,77.81300000000022,-0.3386000000000564,0.3386000000000564
SE-JD1-57,divergent,exact_or_related,81.37514666666667,81.17623999999998,-0.19890666666668722,0.19890666666668722
SE-JD1-58,exact_or_related,adjacent,71.36643904761904,73.5490266666667,2.1825876190476663,2.1825876190476663
SE-JD1-59,adjacent,divergent,82.9012000000002,75.27234666666654,-7.628853333333666,7.628853333333666
SE-JD1-60,adjacent,divergent,69.3173155555556,61.3636895238097,-7.953626031745898,7.953626031745898
SE-JD1-61,exact_or_related,adjacent,69.06710666666669,64.11187619047622,-4.955230476190465,4.955230476190465
SE-JD1-62,divergent,exact_or_related,63.284999999999805,61.8753057142859,-1.409694285713904,1.409694285713904
SE-JD1-63,exact_or_related,adjacent,61.87097000000019,63.66302000000004,1.792049999999847,1.792049999999847
SE-JD1-64,exact_or_related,adjacent,74.76032333333335,74.52436761904765,-0.23595571428569428,0.23595571428569428
SE-JD1-65,exact_or_related,adjacent,75.25958174603173,75.5771752380952,0.317593492063466,0.317593492063466
SE-JD1-66,exact_or_related,adjacent,69.90120047619047,70.58259047619048,0.6813900000000075,0.6813900000000075
SE-JD1-67,adjacent,divergent,83.4090400000001,84.69995333333323,1.2909133333331226,1.2909133333331226
SE-JD1-68,adjacent,divergent,80.33317428571424,74.82432761904755,-5.508846666666685,5.508846666666685
SE-JD1-69,exact_or_related,adjacent,79.80883333333325,80.52573333333322,0.716899999999967,0.716899999999967
SE-JD1-70,divergent,exact_or_related,76.99270380952382,74.87935999999999,-2.113343809523826,2.113343809523826
SE-JD1-71,adjacent,divergent,67.85761079365068,71.14788121767135,3.290270424020676,3.290270424020676
SE-JD1-72,exact_or_related,adjacent,70.72287999999988,82.65165333333344,11.928773333333567,11.928773333333567
SE-JD1-73,exact_or_related,adjacent,75.79032000000005,77.63119999999999,1.8408799999999417,1.8408799999999417
SE-JD1-74,adjacent,divergent,78.28806761904758,73.78496761904753,-4.503100000000046,4.503100000000046
SE-JD1-75,exact_or_related,adjacent,69.90120047619047,70.58259047619048,0.6813900000000075,0.6813900000000075
SE-JD1-76,divergent,exact_or_related,65.9231333333331,66.13712380952391,0.21399047619081557,0.21399047619081557
SE-JD1-77,exact_or_related,adjacent,69.37595733932737,70.3969170362972,1.0209596969698254,1.0209596969698254
SE-JD1-78,divergent,exact_or_related,79.96080000000003,80.66445000000026,0.7036500000002235,0.7036500000002235
SE-JD1-79,exact_or_related,adjacent,68.49511142857135,65.042142857143,-3.452968571428343,3.452968571428343
SE-JD1-80,exact_or_related,adjacent,76.27518476190481,81.16709333333341,4.891908571428601,4.891908571428601
SE-JD1-81,exact_or_related,adjacent,86.44483333333335,84.58626000000007,-1.8585733333332826,1.8585733333332826
SE-JD1-82,exact_or_related,adjacent,66.53268810744815,75.65200794871794,9.119319841269785,9.119319841269785
SE-JD1-83,exact_or_related,adjacent,77.28720000000004,82.70180000000003,5.414599999999993,5.414599999999993
SE-JD1-84,adjacent,divergent,82.56073428571422,75.42442761904759,-7.136306666666627,7.136306666666627
SE-JD1-85,exact_or_related,adjacent,58.369399999999835,60.71766095238094,2.3482609523811036,2.3482609523811036
SE-JD1-86,exact_or_related,adjacent,76.36574000000032,77.82677714285721,1.4610371428568953,1.4610371428568953
SE-JD1-87,exact_or_related,adjacent,66.90187229983815,73.5851290892768,6.6832567894386585,6.6832567894386585
SE-JD1-88,exact_or_related,adjacent,74.90183904761902,71.19305523809524,-3.70878380952378,3.70878380952378
SE-JD1-89,adjacent,divergent,77.55226666666677,77.48226666666672,-0.07000000000005002,0.07000000000005002
SE-JD1-90,exact_or_related,adjacent,67.43724704961708,69.10542933621934,1.66818228660226,1.66818228660226
SE-JD1-91,exact_or_related,adjacent,67.8060017460318,66.00767476190475,-1.7983269841270442,1.7983269841270442
SE-JD1-92,adjacent,divergent,64.97079238095226,65.51885714285734,0.5480647619050814,0.5480647619050814
SE-JD1-93,adjacent,divergent,69.50692555555564,70.95639047619076,1.4494649206351227,1.4494649206351227
SE-JD1-94,adjacent,divergent,84.81599999999975,81.55877333333318,-3.2572266666665683,3.2572266666665683
SE-JD1-95,divergent,exact_or_related,68.14000825396812,57.20800190476192,-10.932006349206198,10.932006349206198
SE-JD1-96,exact_or_related,adjacent,67.02666571428574,64.9586790476192,-2.067986666666542,2.067986666666542
SE-JD1-97,exact_or_related,adjacent,71.96476761904756,64.8451285714287,-7.119639047618861,7.119639047618861
SE-JD1-98,exact_or_related,adjacent,74.79159333333335,75.6990342857143,0.9074409523809521,0.9074409523809521
SE-JD1-99,exact_or_related,adjacent,66.7131333333333,68.05693333333328,1.3437999999999732,1.3437999999999732
SE-JD1-100,exact_or_related,adjacent,71.37431999999995,78.28806761904758,6.913747619047626,6.913747619047626
WD-JD2-01,divergent,exact_or_related,64.70880000000017,67.58861714285736,2.879817142857192,2.879817142857192
WD-JD2-02,divergent,exact_or_related,63.58440666666667,68.53979823953823,4.955391572871555,4.955391572871555
WD-JD2-03,divergent,exact_or_related,81.6149333333333,73.90102000000002,-7.713913333333281,7.713913333333281
WD-JD2-04,exact_or_related,adjacent,68.41595587301583,75.7142619047619,7.2983060317460655,7.2983060317460655
WD-JD2-05,adjacent,divergent,67.0857228571427,69.93188190476184,2.846159047619139,2.846159047619139
WD-JD2-06,divergent,exact_or_related,70.28397333333318,68.56573666666665,-1.7182366666665274,1.7182366666665274
WD-JD2-07,exact_or_related,adjacent,81.28448380952379,77.85250476190475,-3.4319790476190377,3.4319790476190377
WD-JD2-08,adjacent,divergent,78.33331428571424,80.5562971428571,2.222982857142867,2.222982857142867
WD-JD2-09,exact_or_related,adjacent,66.77845047619033,62.07319999999995,-4.705250476190379,4.705250476190379
WD-JD2-10,divergent,exact_or_related,81.62507333333332,81.85921333333341,0.23414000000009594,0.23414000000009594
WD-JD2-11,exact_or_related,adjacent,64.1655697691198,61.90620000000018,-2.2593697691196155,2.2593697691196155
WD-JD2-12,exact_or_related,adjacent,73.5130876190476,74.29566095238093,0.7825733333333318,0.7825733333333318
WD-JD2-13,exact_or_related,adjacent,63.97769333333354,60.27637333333333,-3.7013200000002087,3.7013200000002087
WD-JD2-14,exact_or_related,adjacent,76.90911873015864,77.45922476190478,0.5501060317461395,0.5501060317461395
WD-JD2-15,adjacent,divergent,80.69747714285712,74.47531333333349,-6.222163809523636,6.222163809523636
WD-JD2-16,divergent,exact_or_related,79.29257047619053,77.8116971428572,-1.480873333333335,1.480873333333335
WD-JD2-17,adjacent,divergent,87.4669599999997,83.88199999999986,-3.584959999999839,3.584959999999839
WD-JD2-18,adjacent,divergent,60.318453333333196,62.40951999999996,2.0910666666667623,2.0910666666667623
WD-JD2-19,exact_or_related,adjacent,61.082466666666654,61.43713333333333,0.3546666666666738,0.3546666666666738
WD-JD2-20,exact_or_related,adjacent,74.24863999999994,80.94407999999981,6.695439999999877,6.695439999999877
WD-JD2-21,divergent,exact_or_related,64.41507619047619,70.59997380952372,6.184897619047533,6.184897619047533
WD-JD2-22,exact_or_related,adjacent,70.34300015873013,71.10334476190498,0.7603446031748433,0.7603446031748433
WD-JD2-23,exact_or_related,adjacent,68.41595587301583,75.7142619047619,7.2983060317460655,7.2983060317460655
WD-JD2-24,exact_or_related,adjacent,64.1655697691198,61.90620000000018,-2.2593697691196155,2.2593697691196155
WD-JD2-25,adjacent,divergent,65.26733333333353,66.39832666666673,1.1309933333332083,1.1309933333332083
WD-JD2-26,exact_or_related,adjacent,73.56979047619062,76.42410666666667,2.8543161904760552,2.8543161904760552
WD-JD2-27,adjacent,divergent,70.02482666666666,63.58440666666667,-6.440419999999982,6.440419999999982
WD-JD2-28,exact_or_related,adjacent,75.94731904761898,81.83149999999998,5.884180952381001,5.884180952381001
WD-JD2-29,adjacent,divergent,76.46131619047623,72.74692000000013,-3.7143961904760943,3.7143961904760943
WD-JD2-30,exact_or_related,adjacent,71.58835333333332,77.37593333333334,5.78758000000002,5.78758000000002
WD-JD2-31,exact_or_related,adjacent,77.35975428571429,67.38394761904742,-9.97580666666687,9.97580666666687
WD-JD2-32,exact_or_related,adjacent,81.28448380952379,77.85250476190475,-3.4319790476190377,3.4319790476190377
WD-JD2-33,exact_or_related,adjacent,73.56979047619062,76.42410666666667,2.8543161904760552,2.8543161904760552
WD-JD2-34,exact_or_related,adjacent,79.38117333333342,80.51630666666667,1.1351333333332434,1.1351333333332434
WD-JD2-35,exact_or_related,adjacent,76.90911873015864,77.45922476190478,0.5501060317461395,0.5501060317461395
WD-JD2-36,exact_or_related,adjacent,62.2579815873016,62.35988000000004,0.10189841269843924,0.10189841269843924
WD-JD2-37,exact_or_related,adjacent,73.39435476190474,76.7714333333333,3.3770785714285694,3.3770785714285694
WD-JD2-38,exact_or_related,adjacent,63.522514242424236,66.50613900432904,2.9836247619048066,2.9836247619048066
WD-JD2-39,exact_or_related,adjacent,64.82962476190477,69.6073533333333,4.777728571428526,4.777728571428526
WD-JD2-40,exact_or_related,adjacent,68.53979823953823,70.02482666666666,1.4850284271284266,1.4850284271284266
WD-JD2-41,exact_or_related,adjacent,68.56573666666665,70.45790761904766,1.892170952381008,1.892170952381008
WD-JD2-42,exact_or_related,adjacent,77.39761666666665,74.12519666666667,-3.2724199999999826,3.2724199999999826
WD-JD2-43,adjacent,divergent,68.01393333333311,71.58040380952383,3.566470476190716,3.566470476190716
WD-JD2-44,exact_or_related,adjacent,75.2225666666667,82.68454761904785,7.461980952381154,7.461980952381154
WD-JD2-45,exact_or_related,adjacent,76.90911873015864,77.45922476190478,0.5501060317461395,0.5501060317461395
WD-JD2-46,exact_or_related,adjacent,57.169825714285764,56.94832000000003,-0.2215057142857333,0.2215057142857333
WD-JD2-47,adjacent,divergent,57.506320000000045,63.57064000000015,6.064320000000102,6.064320000000102
WD-JD2-48,exact_or_related,adjacent,62.20628650793644,64.41591095238093,2.2096244444444864,2.2096244444444864
WD-JD2-49,adjacent,divergent,78.33331428571424,80.5562971428571,2.222982857142867,2.222982857142867
WD-JD2-50,exact_or_related,adjacent,68.53979823953823,70.02482666666666,1.4850284271284266,1.4850284271284266
WD-JD2-51,exact_or_related,adjacent,63.522514242424236,66.50613900432904,2.9836247619048066,2.9836247619048066
WD-JD2-52,exact_or_related,adjacent,64.1655697691198,61.90620000000018,-2.2593697691196155,2.2593697691196155
WD-JD2-53,adjacent,divergent,75.96110666666691,71.28354666666661,-4.677560000000298,4.677560000000298
WD-JD2-54,adjacent,divergent,63.5904,63.88554000000004,0.29514000000003904,0.29514000000003904
WD-JD2-55,adjacent,divergent,83.1929199999999,80.89360190476187,-2.2993180952380357,2.2993180952380357
WD-JD2-56,exact_or_related,adjacent,83.76013333333317,81.76469999999972,-1.9954333333334517,1.9954333333334517
WD-JD2-57,adjacent,divergent,68.24560047619049,69.06802666666655,0.8224261904760652,0.8224261904760652
WD-JD2-58,exact_or_related,adjacent,74.16262095238072,76.58214666666666,2.419525714285939,2.419525714285939
WD-JD2-59,exact_or_related,adjacent,80.17078285714288,82.7457333333334,2.574950476190523,2.574950476190523
WD-JD2-60,divergent,exact_or_related,69.18662666666648,69.26087142857136,0.07424476190487894,0.07424476190487894
WD-JD2-61,exact_or_related,adjacent,66.03648333333331,60.04140000000018,-5.9950833333331275,5.9950833333331275
WD-JD2-62,exact_or_related,adjacent,64.27403999999991,73.44727619047616,9.173236190476246,9.173236190476246
WD-JD2-63,exact_or_related,adjacent,77.24010000000008,77.94846000000004,0.7083599999999564,0.7083599999999564
WD-JD2-64,adjacent,divergent,81.14723999999998,82.95977904761905,1.8125390476190688,1.8125390476190688
WD-JD2-65,adjacent,divergent,63.899600000000135,66.27840000000009,2.3787999999999556,2.3787999999999556
WD-JD2-66,exact_or_related,adjacent,61.082466666666654,61.43713333333333,0.3546666666666738,0.3546666666666738
WD-JD2-67,divergent,exact_or_related,83.42186666666663,82.88177523809512,-0.5400914285715146,0.5400914285715146
WD-JD2-68,divergent,exact_or_related,86.06485238095253,79.75548095238105,-6.309371428571481,6.309371428571481
WD-JD2-69,adjacent,divergent,77.35493333333349,83.24978571428582,5.894852380952329,5.894852380952329
WD-JD2-70,adjacent,divergent,82.7457333333334,85.44835238095246,2.702619047619052,2.702619047619052
WD-JD2-71,exact_or_related,adjacent,74.90117333333325,81.00207999999984,6.100906666666589,6.100906666666589
WD-JD2-72,divergent,exact_or_related,82.95977904761905,75.02350000000004,-7.93627904761901,7.93627904761901
WD-JD2-73,exact_or_related,adjacent,79.95681333333336,78.8865333333333,-1.0702800000000536,1.0702800000000536
WD-JD2-74,exact_or_related,adjacent,70.34300015873013,71.10334476190498,0.7603446031748433,0.7603446031748433
WD-JD2-75,adjacent,divergent,60.04140000000018,66.25483333333351,6.213433333333327,6.213433333333327
WD-JD2-76,divergent,exact_or_related,65.59234,77.39761666666665,11.805276666666657,11.805276666666657
WD-JD2-77,exact_or_related,adjacent,72.32484086580088,63.10308380952383,-9.221757056277049,9.221757056277049
WD-JD2-78,exact_or_related,adjacent,64.27403999999991,73.44727619047616,9.173236190476246,9.173236190476246
WD-JD2-79,adjacent,divergent,82.68454761904785,80.74764761904771,-1.9369000000001364,1.9369000000001364
WD-JD2-80,exact_or_related,adjacent,56.26799999999986,56.61399999999987,0.34600000000001074,0.34600000000001074
WD-JD2-81,exact_or_related,adjacent,77.8116971428572,79.11148714285726,1.2997900000000584,1.2997900000000584
WD-JD2-82,exact_or_related,adjacent,72.7937574603175,72.43592666666667,-0.3578307936508196,0.3578307936508196
WD-JD2-83,divergent,exact_or_related,79.43349999999987,74.6703106227106,-4.763189377289265,4.763189377289265
WD-JD2-84,divergent,exact_or_related,69.73149333333356,64.27403999999991,-5.457453333333646,5.457453333333646
WD-JD2-85,adjacent,divergent,69.6073533333333,67.65720000000005,-1.9501533333332475,1.9501533333332475
WD-JD2-86,adjacent,divergent,59.77740809523806,64.00733476190474,4.229926666666685,4.229926666666685
WD-JD2-87,divergent,exact_or_related,71.85175523809536,70.46065000000002,-1.3911052380953493,1.3911052380953493
WD-JD2-88,exact_or_related,adjacent,73.39435476190474,76.7714333333333,3.3770785714285694,3.3770785714285694
WD-JD2-89,exact_or_related,adjacent,66.8963199999999,64.62600000000005,-2.270319999999856,2.270319999999856
WD-JD2-90,exact_or_related,adjacent,70.59997380952372,73.77687714285713,3.1769033333334136,3.1769033333334136
WD-JD2-91,adjacent,divergent,72.43592666666667,69.46041079365081,-2.9755158730158655,2.9755158730158655
WD-JD2-92,adjacent,divergent,64.57764000000005,67.93175238095235,3.3541123809523015,3.3541123809523015
WD-JD2-93,divergent,exact_or_related,79.78472666666649,77.54390380952378,-2.240822857142703,2.240822857142703
WD-JD2-94,exact_or_related,adjacent,79.95681333333336,78.8865333333333,-1.0702800000000536,1.0702800000000536
WD-JD2-95,divergent,exact_or_related,62.977200000000025,62.800633333333394,-0.17656666666663057,0.17656666666663057
WD-JD2-96,exact_or_related,adjacent,69.26087142857136,74.95558857142859,5.694717142857229,5.694717142857229
WD-JD2-97,divergent,exact_or_related,72.82310000000017,77.24010000000008,4.416999999999916,4.416999999999916
WD-JD2-98,exact_or_related,adjacent,76.98699999999974,81.1696799999998,4.182680000000062,4.182680000000062
WD-JD2-99,exact_or_related,adjacent,66.00523428571445,60.53758666666668,-5.467647619047774,5.467647619047774
WD-JD2-100,divergent,exact_or_related,80.43985333333323,79.95681333333336,-0.4830399999998747,0.4830399999998747
FSD-JD3-01,exact_or_related,adjacent,71.6481911111112,68.00888666666667,-3.6393044444445337,3.6393044444445337
FSD-JD3-02,adjacent,divergent,68.51880634920632,64.94191333333329,-3.5768930158730257,3.5768930158730257
FSD-JD3-03,adjacent,divergent,79.29200000000003,76.70800000000001,-2.5840000000000174,2.5840000000000174
FSD-JD3-04,exact_or_related,adjacent,76.20458666666669,73.9845066666667,-2.2200799999999816,2.2200799999999816
FSD-JD3-05,adjacent,divergent,75.65200794871794,71.69989000000005,-3.952117948717884,3.952117948717884
FSD-JD3-06,divergent,exact_or_related,65.51885714285734,71.89817360750362,6.37931646464628,6.37931646464628
FSD-JD3-07,adjacent,divergent,64.8451285714287,62.93364444444435,-1.9114841269843552,1.9114841269843552
FSD-JD3-08,exact_or_related,adjacent,77.69720000000004,76.77487333333332,-0.92232666666672,0.92232666666672
FSD-JD3-09,exact_or_related,adjacent,74.67776190476191,74.42870666666664,-0.24905523809526642,0.24905523809526642
FSD-JD3-10,exact_or_related,adjacent,67.64585904761927,78.07132095238099,10.425461904761718,10.425461904761718
FSD-JD3-11,exact_or_related,adjacent,69.11481391053397,69.3273541269841,0.21254021645013665,0.21254021645013665
FSD-JD3-12,divergent,exact_or_related,76.66108666666663,74.5845266666666,-2.076560000000029,2.076560000000029
FSD-JD3-13,exact_or_related,adjacent,69.90120047619047,70.58259047619048,0.6813900000000075,0.6813900000000075
FSD-JD3-14,adjacent,divergent,81.16709333333341,84.29160666666655,3.124513333333141,3.124513333333141
FSD-JD3-15,divergent,exact_or_related,68.14000825396812,57.20800190476192,-10.932006349206198,10.932006349206198
FSD-JD3-16,exact_or_related,adjacent,65.15698142857131,65.94823285714281,0.7912514285714991,0.7912514285714991
FSD-JD3-17,divergent,exact_or_related,73.01236761904764,76.03896000000005,3.0265923809524082,3.0265923809524082
FSD-JD3-18,exact_or_related,adjacent,66.90187229983815,73.5851290892768,6.6832567894386585,6.6832567894386585
FSD-JD3-19,adjacent,divergent,71.94212000000023,65.63925333333349,-6.302866666666745,6.302866666666745
FSD-JD3-20,exact_or_related,adjacent,74.0391523809526,78.72486285714288,4.68571047619028,4.68571047619028
FSD-JD3-21,exact_or_related,adjacent,69.66209603174603,70.20973333333309,0.5476373015870593,0.5476373015870593
FSD-JD3-22,exact_or_related,adjacent,69.90120047619047,70.58259047619048,0.6813900000000075,0.6813900000000075
FSD-JD3-23,adjacent,divergent,76.99552,80.42591333333331,3.4303933333333134,3.4303933333333134
FSD-JD3-24,exact_or_related,adjacent,70.70989835386833,72.51858190476185,1.8086835508935195,1.8086835508935195
FSD-JD3-25,exact_or_related,adjacent,71.12372073926075,67.85761079365068,-3.2661099456100686,3.2661099456100686
FSD-JD3-26,exact_or_related,adjacent,71.6481911111112,68.00888666666667,-3.6393044444445337,3.6393044444445337
FSD-JD3-27,exact_or_related,adjacent,61.33901904761914,61.404904761904916,0.06588571428577694,0.06588571428577694
FSD-JD3-28,exact_or_related,adjacent,84.0134,83.4216,-0.5918000000000063,0.5918000000000063
FSD-JD3-29,exact_or_related,adjacent,77.58813809523815,80.1552466666668,2.5671085714286477,2.5671085714286477
FSD-JD3-30,exact_or_related,adjacent,73.48973333333328,74.85065333333334,1.360920000000064,1.360920000000064
FSD-JD3-31,exact_or_related,adjacent,63.45922666666666,57.5479371428571,-5.9112895238095575,5.9112895238095575
FSD-JD3-32,adjacent,divergent,75.65200794871794,71.69989000000005,-3.952117948717884,3.952117948717884
FSD-JD3-33,exact_or_related,adjacent,66.13712380952391,66.19644666666669,0.05932285714277441,0.05932285714277441
FSD-JD3-34,exact_or_related,adjacent,67.85069428571427,69.99879428571424,2.148099999999971,2.148099999999971
FSD-JD3-35,exact_or_related,adjacent,74.95355523809528,69.50692555555564,-5.446629682539637,5.446629682539637
FSD-JD3-36,exact_or_related,adjacent,64.25213142857136,61.43942380952388,-2.8127076190474796,2.8127076190474796
FSD-JD3-37,exact_or_related,adjacent,76.06292285714294,80.29927619047628,4.236353333333341,4.236353333333341
FSD-JD3-38,exact_or_related,adjacent,61.8753057142859,63.30883142857162,1.4335257142857216,1.4335257142857216
FSD-JD3-39,divergent,exact_or_related,72.83747063492059,74.67776190476191,1.840291269841316,1.840291269841316
FSD-JD3-40,exact_or_related,adjacent,66.90187229983815,73.5851290892768,6.6832567894386585,6.6832567894386585
FSD-JD3-41,exact_or_related,adjacent,74.79159333333335,75.6990342857143,0.9074409523809521,0.9074409523809521
FSD-JD3-42,adjacent,divergent,69.42241619047616,68.25729904761909,-1.1651171428570706,1.1651171428570706
FSD-JD3-43,adjacent,divergent,68.83167238095247,68.89703428571435,0.06536190476188608,0.06536190476188608
FSD-JD3-44,divergent,exact_or_related,65.37450666666666,72.98423428571431,7.609727619047646,7.609727619047646
FSD-JD3-45,adjacent,divergent,84.38408999999994,81.9156928571428,-2.4683971428571425,2.4683971428571425
FSD-JD3-46,exact_or_related,adjacent,63.45922666666666,57.5479371428571,-5.9112895238095575,5.9112895238095575
FSD-JD3-47,divergent,exact_or_related,70.58777920634917,69.47468571428578,-1.1130934920633848,1.1130934920633848
FSD-JD3-48,adjacent,divergent,69.10542933621934,68.75701523809512,-0.3484140981242234,0.3484140981242234
FSD-JD3-49,exact_or_related,adjacent,72.40278666666671,78.77179999999997,6.369013333333257,6.369013333333257
FSD-JD3-50,exact_or_related,adjacent,78.15663999999997,74.42611428571428,-3.7305257142856902,3.7305257142856902
FSD-JD3-51,divergent,exact_or_related,78.96884285714268,72.85030095238093,-6.1185419047617415,6.1185419047617415
FSD-JD3-52,divergent,exact_or_related,66.08924920634898,65.15698142857131,-0.9322677777776676,0.9322677777776676
FSD-JD3-53,divergent,exact_or_related,70.95639047619076,74.95355523809528,3.9971647619045143,3.9971647619045143
FSD-JD3-54,exact_or_related,adjacent,72.2700628571428,74.1665295238094,1.8964666666665977,1.8964666666665977
FSD-JD3-55,exact_or_related,adjacent,81.19122666666676,78.15160000000027,-3.039626666666493,3.039626666666493
FSD-JD3-56,exact_or_related,adjacent,70.70989835386833,72.51858190476185,1.8086835508935195,1.8086835508935195
FSD-JD3-57,exact_or_related,adjacent,67.64585904761927,78.07132095238099,10.425461904761718,10.425461904761718
FSD-JD3-58,exact_or_related,adjacent,71.89817360750362,64.97079238095226,-6.927381226551361,6.927381226551361
FSD-JD3-59,exact_or_related,adjacent,74.0391523809526,78.72486285714288,4.68571047619028,4.68571047619028
FSD-JD3-60,divergent,exact_or_related,83.2908761904764,84.95180952380984,1.6609333333334462,1.6609333333334462
FSD-JD3-61,exact_or_related,adjacent,73.60150000000007,79.65781333333345,6.056313333333378,6.056313333333378
FSD-JD3-62,exact_or_related,adjacent,67.64585904761927,78.07132095238099,10.425461904761718,10.425461904761718
FSD-JD3-63,divergent,exact_or_related,81.50907333333323,77.1085961904762,-4.400477142857028,4.400477142857028
FSD-JD3-64,divergent,exact_or_related,65.57691031746022,70.00162666666657,4.424716349206349,4.424716349206349
FSD-JD3-65,exact_or_related,adjacent,77.33680333333344,77.03607333333336,-0.30073000000007255,0.30073000000007255
FSD-JD3-66,divergent,exact_or_related,84.69995333333323,76.99983666666668,-7.7001166666665455,7.7001166666665455
FSD-JD3-67,exact_or_related,adjacent,79.41541333333326,81.01403333333333,1.5986200000000679,1.5986200000000679
FSD-JD3-68,exact_or_related,adjacent,68.20459999999986,65.78320000000012,-2.4213999999997355,2.4213999999997355
FSD-JD3-69,exact_or_related,adjacent,72.7272507936508,73.29852857142859,0.5712777777777944,0.5712777777777944
FSD-JD3-70,adjacent,divergent,71.9059657142857,73.15990666666653,1.2539409523808303,1.2539409523808303
FSD-JD3-71,exact_or_related,adjacent,77.71434285714281,82.5197428571427,4.805399999999892,4.805399999999892
FSD-JD3-72,exact_or_related,adjacent,69.47468571428578,70.65623142857146,1.1815457142856758,1.1815457142856758
FSD-JD3-73,exact_or_related,adjacent,66.30229333333332,66.68096666666655,0.37867333333322506,0.37867333333322506
FSD-JD3-74,adjacent,divergent,65.98249396825418,66.10004666666651,0.1175526984123394,0.1175526984123394
FSD-JD3-75,exact_or_related,adjacent,82.45844666666656,81.82583999999993,-0.6326066666666321,0.6326066666666321
FSD-JD3-76,exact_or_related,adjacent,71.12372073926075,67.85761079365068,-3.2661099456100686,3.2661099456100686
FSD-JD3-77,exact_or_related,adjacent,76.27518476190481,81.16709333333341,4.891908571428601,4.891908571428601
FSD-JD3-78,exact_or_related,adjacent,71.12372073926075,67.85761079365068,-3.2661099456100686,3.2661099456100686
FSD-JD3-79,exact_or_related,adjacent,68.8567208502608,70.40944813297816,1.5527272827173562,1.5527272827173562
FSD-JD3-80,adjacent,divergent,81.61339333333335,79.86737333333323,-1.7460200000001151,1.7460200000001151
FSD-JD3-81,divergent,exact_or_related,72.1616438095236,76.53846857142857,4.37682476190497,4.37682476190497
FSD-JD3-82,exact_or_related,adjacent,72.7272507936508,73.29852857142859,0.5712777777777944,0.5712777777777944
FSD-JD3-83,adjacent,divergent,68.87016199134193,73.27346666666655,4.40330467532462,4.40330467532462
FSD-JD3-84,exact_or_related,adjacent,70.70989835386833,72.51858190476185,1.8086835508935195,1.8086835508935195
FSD-JD3-85,adjacent,divergent,69.3273541269841,69.20267666666689,-0.1246774603172156,0.1246774603172156
FSD-JD3-86,exact_or_related,adjacent,66.27034047619036,75.05245999999997,8.782119523809612,8.782119523809612
FSD-JD3-87,exact_or_related,adjacent,66.53268810744815,75.65200794871794,9.119319841269785,9.119319841269785
FSD-JD3-88,exact_or_related,adjacent,72.36279444444445,76.27280095238098,3.9100065079365294,3.9100065079365294
FSD-JD3-89,exact_or_related,adjacent,78.33519999999992,80.64640000000003,2.311200000000113,2.311200000000113
FSD-JD3-90,exact_or_related,adjacent,60.60411714285717,64.36925047619039,3.7651333333332175,3.7651333333332175
FSD-JD3-91,exact_or_related,adjacent,69.90120047619047,70.58259047619048,0.6813900000000075,0.6813900000000075
FSD-JD3-92,exact_or_related,adjacent,71.89817360750362,64.97079238095226,-6.927381226551361,6.927381226551361
FSD-JD3-93,divergent,exact_or_related,73.89141428571423,75.27573333333322,1.3843190476189875,1.3843190476189875
FSD-JD3-94,exact_or_related,adjacent,63.21535999999998,63.089660000000066,-0.12569999999991666,0.12569999999991666
FSD-JD3-95,exact_or_related,adjacent,71.96476761904756,64.8451285714287,-7.119639047618861,7.119639047618861
FSD-JD3-96,adjacent,divergent,57.5479371428571,64.28589333333326,6.737956190476162,6.737956190476162
FSD-JD3-97,adjacent,divergent,57.5479371428571,64.28589333333326,6.737956190476162,6.737956190476162
FSD-JD3-98,exact_or_related,adjacent,66.82668730158736,66.20810253968268,-0.6185847619046712,0.6185847619046712
FSD-JD3-99,divergent,exact_or_related,73.15990666666653,69.43093238095234,-3.7289742857141874,3.7289742857141874
FSD-JD3-100,exact_or_related,adjacent,67.43724704961708,69.10542933621934,1.66818228660226,1.66818228660226
AD-JD4-01,exact_or_related,adjacent,69.11481391053397,69.3273541269841,0.21254021645013665,0.21254021645013665
AD-JD4-02,adjacent,divergent,82.52200000000026,85.19281999999988,2.6708199999996225,2.6708199999996225
AD-JD4-03,divergent,exact_or_related,81.37514666666667,81.17623999999998,-0.19890666666668722,0.19890666666668722
AD-JD4-04,exact_or_related,adjacent,68.47895428571432,68.54353904761905,0.06458476190472595,0.06458476190472595
AD-JD4-05,adjacent,divergent,80.64640000000003,79.21287999999996,-1.4335200000000725,1.4335200000000725
AD-JD4-06,exact_or_related,adjacent,71.6481911111112,68.00888666666667,-3.6393044444445337,3.6393044444445337
AD-JD4-07,adjacent,divergent,61.404904761904916,66.15434476190484,4.749439999999922,4.749439999999922
AD-JD4-08,exact_or_related,adjacent,60.60411714285717,64.36925047619039,3.7651333333332175,3.7651333333332175
AD-JD4-09,exact_or_related,adjacent,71.89817360750362,64.97079238095226,-6.927381226551361,6.927381226551361
AD-JD4-10,exact_or_related,adjacent,69.9673028571428,82.52200000000026,12.554697142857464,12.554697142857464
AD-JD4-11,exact_or_related,adjacent,75.25958174603173,75.5771752380952,0.317593492063466,0.317593492063466
AD-JD4-12,adjacent,divergent,70.20973333333309,63.0118000000001,-7.1979333333329905,7.1979333333329905
AD-JD4-13,exact_or_related,adjacent,76.53493333333316,80.12573333333363,3.5908000000004705,3.5908000000004705
AD-JD4-14,exact_or_related,adjacent,69.43093238095234,71.9059657142857,2.475033333333357,2.475033333333357
AD-JD4-15,exact_or_related,adjacent,67.85069428571427,69.99879428571424,2.148099999999971,2.148099999999971
AD-JD4-16,exact_or_related,adjacent,71.37431999999995,78.28806761904758,6.913747619047626,6.913747619047626
AD-JD4-17,exact_or_related,adjacent,76.57706666666652,79.35033333333361,2.7732666666670838,2.7732666666670838
AD-JD4-18,exact_or_related,adjacent,66.90187229983815,73.5851290892768,6.6832567894386585,6.6832567894386585
AD-JD4-19,exact_or_related,adjacent,68.47895428571432,68.54353904761905,0.06458476190472595,0.06458476190472595
AD-JD4-20,adjacent,divergent,60.10295904761917,62.18964666666679,2.0866876190476162,2.0866876190476162
AD-JD4-21,adjacent,divergent,73.5490266666667,76.64589333333328,3.096866666666571,3.096866666666571
AD-JD4-22,divergent,exact_or_related,74.06012507936508,67.64585904761927,-6.414266031745811,6.414266031745811
AD-JD4-23,exact_or_related,adjacent,57.79805714285697,57.15425714285705,-0.6437999999999207,0.6437999999999207
AD-JD4-24,exact_or_related,adjacent,72.02843999999993,82.56073428571422,10.532294285714286,10.532294285714286
AD-JD4-25,exact_or_related,adjacent,69.43093238095234,71.9059657142857,2.475033333333357,2.475033333333357
AD-JD4-26,exact_or_related,adjacent,66.90187229983815,73.5851290892768,6.6832567894386585,6.6832567894386585
AD-JD4-27,divergent,exact_or_related,73.27346666666655,70.99693480519477,-2.2765318614717813,2.2765318614717813
AD-JD4-28,exact_or_related,adjacent,56.084455238095245,61.26767999999994,5.183224761904697,5.183224761904697
AD-JD4-29,adjacent,divergent,83.4216,82.50827333333326,-0.9133266666667339,0.9133266666667339
AD-JD4-30,exact_or_related,adjacent,77.69720000000004,76.77487333333332,-0.92232666666672,0.92232666666672
AD-JD4-31,exact_or_related,adjacent,69.11481391053397,69.3273541269841,0.21254021645013665,0.21254021645013665
AD-JD4-32,exact_or_related,adjacent,76.53846857142857,72.5047676190476,-4.033700952380968,4.033700952380968
AD-JD4-33,divergent,exact_or_related,74.82432761904755,72.92417333333327,-1.9001542857142795,1.9001542857142795
AD-JD4-34,adjacent,divergent,84.58382000000012,80.40427333333328,-4.1795466666668375,4.1795466666668375
AD-JD4-35,exact_or_related,adjacent,76.28414523809523,80.10280000000009,3.8186547619048525,3.8186547619048525
AD-JD4-36,adjacent,divergent,69.5472085714286,66.30683809523808,-3.2403704761905203,3.2403704761905203
AD-JD4-37,adjacent,divergent,73.5851290892768,71.26954816738818,-2.3155809218886247,2.3155809218886247
AD-JD4-38,divergent,exact_or_related,58.87010666666649,67.02666571428574,8.156559047619254,8.156559047619254
AD-JD4-39,exact_or_related,adjacent,61.33901904761914,61.404904761904916,0.06588571428577694,0.06588571428577694
AD-JD4-40,adjacent,divergent,73.08742380952387,78.96884285714268,5.881419047618806,5.881419047618806
AD-JD4-41,divergent,exact_or_related,74.68185000000028,76.75511174603177,2.0732617460314913,2.0732617460314913
AD-JD4-42,exact_or_related,adjacent,69.47468571428578,70.65623142857146,1.1815457142856758,1.1815457142856758
AD-JD4-43,exact_or_related,adjacent,73.0489688888889,73.06119047619055,0.012221587301652903,0.012221587301652903
AD-JD4-44,divergent,exact_or_related,83.55959999999979,78.37872380952405,-5.180876190475743,5.180876190475743
AD-JD4-45,exact_or_related,adjacent,57.79805714285697,57.15425714285705,-0.6437999999999207,0.6437999999999207
AD-JD4-46,exact_or_related,adjacent,76.28414523809523,80.10280000000009,3.8186547619048525,3.8186547619048525
AD-JD4-47,divergent,exact_or_related,74.06012507936508,67.64585904761927,-6.414266031745811,6.414266031745811
AD-JD4-48,exact_or_related,adjacent,72.98423428571431,68.80173666666687,-4.182497619047439,4.182497619047439
AD-JD4-49,exact_or_related,adjacent,71.96476761904756,64.8451285714287,-7.119639047618861,7.119639047618861
AD-JD4-50,divergent,exact_or_related,79.15350952380933,73.0489688888889,-6.10454063492044,6.10454063492044
AD-JD4-51,divergent,exact_or_related,66.01776999999996,67.8060017460318,1.7882317460318404,1.7882317460318404
AD-JD4-52,exact_or_related,adjacent,69.74926666666661,65.98249396825418,-3.7667726984124386,3.7667726984124386
AD-JD4-53,exact_or_related,adjacent,69.06710666666669,64.11187619047622,-4.955230476190465,4.955230476190465
AD-JD4-54,exact_or_related,adjacent,67.8060017460318,66.00767476190475,-1.7983269841270442,1.7983269841270442
AD-JD4-55,exact_or_related,adjacent,75.24414333333351,78.55640000000004,3.312256666666528,3.312256666666528
AD-JD4-56,adjacent,divergent,71.9059657142857,73.15990666666653,1.2539409523808303,1.2539409523808303
AD-JD4-57,exact_or_related,adjacent,72.98423428571431,68.80173666666687,-4.182497619047439,4.182497619047439
AD-JD4-58,adjacent,divergent,69.3173155555556,61.3636895238097,-7.953626031745898,7.953626031745898
AD-JD4-59,divergent,exact_or_related,66.10004666666651,69.74926666666661,3.649220000000099,3.649220000000099
AD-JD4-60,exact_or_related,adjacent,69.50812809523808,68.3936000000001,-1.1145280952379721,1.1145280952379721
AD-JD4-61,exact_or_related,adjacent,67.02666571428574,64.9586790476192,-2.067986666666542,2.067986666666542
AD-JD4-62,exact_or_related,adjacent,77.91290904761905,84.38408999999994,6.471180952380891,6.471180952380891
AD-JD4-63,exact_or_related,adjacent,68.8567208502608,70.40944813297816,1.5527272827173562,1.5527272827173562
AD-JD4-64,divergent,exact_or_related,61.3636895238097,70.16194015873015,8.79825063492045,8.79825063492045
AD-JD4-65,exact_or_related,adjacent,81.19122666666676,78.15160000000027,-3.039626666666493,3.039626666666493
AD-JD4-66,exact_or_related,adjacent,74.67776190476191,74.42870666666664,-0.24905523809526642,0.24905523809526642
AD-JD4-67,exact_or_related,adjacent,74.5845266666666,80.8047933333334,6.220266666666788,6.220266666666788
AD-JD4-68,adjacent,divergent,80.86017047619053,75.48613714285696,-5.374033333333571,5.374033333333571
AD-JD4-69,exact_or_related,adjacent,71.96476761904756,64.8451285714287,-7.119639047618861,7.119639047618861
AD-JD4-70,exact_or_related,adjacent,59.66570857142875,62.6730742857144,3.0073657142856476,3.0073657142856476
AD-JD4-71,exact_or_related,adjacent,74.01393999999999,74.1566609523808,0.14272095238081306,0.14272095238081306
AD-JD4-72,exact_or_related,adjacent,66.82668730158736,66.20810253968268,-0.6185847619046712,0.6185847619046712
AD-JD4-73,divergent,exact_or_related,66.09649999999982,67.41628047619051,1.3197804761906866,1.3197804761906866
AD-JD4-74,adjacent,divergent,72.32621444444455,67.68806666666667,-4.638147777777874,4.638147777777874
AD-JD4-75,exact_or_related,adjacent,70.70989835386833,72.51858190476185,1.8086835508935195,1.8086835508935195
AD-JD4-76,exact_or_related,adjacent,76.20458666666669,73.9845066666667,-2.2200799999999816,2.2200799999999816
AD-JD4-77,adjacent,divergent,82.56073428571422,75.42442761904759,-7.136306666666627,7.136306666666627
AD-JD4-78,exact_or_related,adjacent,72.98423428571431,68.80173666666687,-4.182497619047439,4.182497619047439
AD-JD4-79,exact_or_related,adjacent,68.8567208502608,70.40944813297816,1.5527272827173562,1.5527272827173562
AD-JD4-80,divergent,exact_or_related,79.96080000000003,80.66445000000026,0.7036500000002235,0.7036500000002235
AD-JD4-81,divergent,exact_or_related,63.864733333333454,62.742000000000154,-1.1227333333333007,1.1227333333333007
AD-JD4-82,exact_or_related,adjacent,77.71434285714281,82.5197428571427,4.805399999999892,4.805399999999892
AD-JD4-83,exact_or_related,adjacent,76.06292285714294,80.29927619047628,4.236353333333341,4.236353333333341
AD-JD4-84,adjacent,divergent,61.79608571428566,61.2086533333332,-0.5874323809524569,0.5874323809524569
AD-JD4-85,adjacent,divergent,72.5047676190476,72.1616438095236,-0.3431238095240019,0.3431238095240019
AD-JD4-86,exact_or_related,adjacent,70.16194015873015,69.3173155555556,-0.8446246031745517,0.8446246031745517
AD-JD4-87,divergent,exact_or_related,75.77818333333336,77.58813809523815,1.809954761904791,1.809954761904791
AD-JD4-88,adjacent,divergent,65.042142857143,66.59759999999983,1.5554571428568238,1.5554571428568238
AD-JD4-89,exact_or_related,adjacent,71.12372073926075,67.85761079365068,-3.2661099456100686,3.2661099456100686
AD-JD4-90,exact_or_related,adjacent,59.48741333333329,65.33934666666649,5.851933333333193,5.851933333333193
AD-JD4-91,exact_or_related,adjacent,76.99983666666668,83.4090400000001,6.409203333333423,6.409203333333423
AD-JD4-92,divergent,exact_or_related,67.21373333333312,69.06710666666669,1.8533733333335647,1.8533733333335647
AD-JD4-93,exact_or_related,adjacent,74.95355523809528,69.50692555555564,-5.446629682539637,5.446629682539637
AD-JD4-94,exact_or_related,adjacent,76.26693333333311,74.12731428571423,-2.139619047618879,2.139619047618879
AD-JD4-95,exact_or_related,adjacent,69.47468571428578,70.65623142857146,1.1815457142856758,1.1815457142856758
AD-JD4-96,divergent,exact_or_related,79.15350952380933,73.0489688888889,-6.10454063492044,6.10454063492044
AD-JD4-97,exact_or_related,adjacent,71.12372073926075,67.85761079365068,-3.2661099456100686,3.2661099456100686
AD-JD4-98,exact_or_related,adjacent,70.00162666666657,73.3871476190476,3.385520952381029,3.385520952381029
AD-JD4-99,exact_or_related,adjacent,61.120106666666814,61.84195904761915,0.7218523809523347,0.7218523809523347
AD-JD4-100,exact_or_related,adjacent,70.41812444444422,70.2432977777776,-0.17482666666661828,0.17482666666661828
FE-JD5-01,adjacent,divergent,82.9749799999997,82.03757999999985,-0.9373999999998546,0.9373999999998546
FE-JD5-02,exact_or_related,adjacent,82.74675428571418,86.9049257142855,4.158171428571322,4.158171428571322
FE-JD5-03,exact_or_related,adjacent,77.49121571428573,75.96110666666691,-1.5301090476188222,1.5301090476188222
FE-JD5-04,exact_or_related,adjacent,79.80491809523785,77.88277619047608,-1.922141904761773,1.922141904761773
FE-JD5-05,adjacent,divergent,65.26733333333353,66.39832666666673,1.1309933333332083,1.1309933333332083
FE-JD5-06,exact_or_related,adjacent,82.80370952380962,83.08868095238101,0.2849714285713958,0.2849714285713958
FE-JD5-07,adjacent,divergent,68.24560047619049,69.06802666666655,0.8224261904760652,0.8224261904760652
FE-JD5-08,exact_or_related,adjacent,79.38117333333342,80.51630666666667,1.1351333333332434,1.1351333333332434
FE-JD5-09,exact_or_related,adjacent,73.56979047619062,76.42410666666667,2.8543161904760552,2.8543161904760552
FE-JD5-10,divergent,exact_or_related,66.25483333333351,66.03648333333331,-0.21835000000019988,0.21835000000019988
FE-JD5-11,exact_or_related,adjacent,70.34300015873013,71.10334476190498,0.7603446031748433,0.7603446031748433
FE-JD5-12,exact_or_related,adjacent,69.26087142857136,74.95558857142859,5.694717142857229,5.694717142857229
FE-JD5-13,exact_or_related,adjacent,73.0483257142857,74.24591999999994,1.1975942857142456,1.1975942857142456
FE-JD5-14,exact_or_related,adjacent,78.56891714285698,83.3939333333332,4.825016190476219,4.825016190476219
FE-JD5-15,exact_or_related,adjacent,81.85921333333341,82.59533999999991,0.7361266666664932,0.7361266666664932
FE-JD5-16,adjacent,divergent,74.68751999999976,70.00848666666666,-4.679033333333109,4.679033333333109
FE-JD5-17,exact_or_related,adjacent,68.14526111111095,69.39524952380945,1.2499884126984995,1.2499884126984995
FE-JD5-18,exact_or_related,adjacent,77.39761666666665,74.12519666666667,-3.2724199999999826,3.2724199999999826
FE-JD5-19,exact_or_related,adjacent,77.49121571428573,75.96110666666691,-1.5301090476188222,1.5301090476188222
FE-JD5-20,adjacent,divergent,74.95558857142859,69.18662666666648,-5.768961904762108,5.768961904762108
FE-JD5-21,exact_or_related,adjacent,73.56979047619062,76.42410666666667,2.8543161904760552,2.8543161904760552
FE-JD5-22,exact_or_related,adjacent,80.54389571428572,80.73985666666657,0.19596095238084388,0.19596095238084388
FE-JD5-23,divergent,exact_or_related,61.463733333333344,61.44053333333338,-0.023199999999967247,0.023199999999967247
FE-JD5-24,adjacent,divergent,59.9772333333333,64.52569999999997,4.54846666666667,4.54846666666667
FE-JD5-25,adjacent,divergent,61.90620000000018,66.24420714285728,4.338007142857094,4.338007142857094
FE-JD5-26,adjacent,divergent,81.80534000000003,81.16800666666671,-0.6373333333333164,0.6373333333333164
FE-JD5-27,exact_or_related,adjacent,69.20090760461757,66.99170666666674,-2.2092009379508255,2.2092009379508255
FE-JD5-28,exact_or_related,adjacent,78.56891714285698,83.3939333333332,4.825016190476219,4.825016190476219
FE-JD5-29,exact_or_related,adjacent,70.97623809523799,78.37639999999983,7.400161904761845,7.400161904761845
FE-JD5-30,divergent,exact_or_related,72.75644000000001,69.20090760461757,-3.5555323953824427,3.5555323953824427
FE-JD5-31,exact_or_related,adjacent,74.64461142857141,74.33579428571433,-0.3088171428570803,0.3088171428570803
FE-JD5-32,exact_or_related,adjacent,68.56573666666665,70.45790761904766,1.892170952381008,1.892170952381008
FE-JD5-33,exact_or_related,adjacent,68.41595587301583,75.7142619047619,7.2983060317460655,7.2983060317460655
FE-JD5-34,adjacent,divergent,71.10334476190498,67.74972666666673,-3.3536180952382466,3.3536180952382466
FE-JD5-35,adjacent,divergent,75.71066666666664,75.90510666666671,0.19444000000007122,0.19444000000007122
FE-JD5-36,exact_or_related,adjacent,66.03648333333331,60.04140000000018,-5.9950833333331275,5.9950833333331275
FE-JD5-37,exact_or_related,adjacent,65.10782326118317,63.899600000000135,-1.2082232611830364,1.2082232611830364
FE-JD5-38,adjacent,divergent,73.5736580952382,72.29352000000002,-1.2801380952381862,1.2801380952381862
FE-JD5-39,exact_or_related,adjacent,80.54389571428572,80.73985666666657,0.19596095238084388,0.19596095238084388
FE-JD5-40,exact_or_related,adjacent,75.76929047619045,80.85639047619058,5.0871000000001345,5.0871000000001345
FE-JD5-41,exact_or_related,adjacent,79.08439333333338,76.53159999999997,-2.552793333333412,2.552793333333412
FE-JD5-42,exact_or_related,adjacent,69.26087142857136,74.95558857142859,5.694717142857229,5.694717142857229
FE-JD5-43,exact_or_related,adjacent,63.84887428571432,59.05813333333322,-4.7907409523811,4.7907409523811
FE-JD5-44,exact_or_related,adjacent,77.49121571428573,75.96110666666691,-1.5301090476188222,1.5301090476188222
FE-JD5-45,exact_or_related,adjacent,66.66198761904776,64.19089333333329,-2.4710942857144715,2.4710942857144715
FE-JD5-46,exact_or_related,adjacent,70.59997380952372,73.77687714285713,3.1769033333334136,3.1769033333334136
FE-JD5-47,exact_or_related,adjacent,84.78219047619038,81.0059999999998,-3.7761904761905782,3.7761904761905782
FE-JD5-48,exact_or_related,adjacent,71.20166380952371,68.8277133333334,-2.373950476190302,2.373950476190302
FE-JD5-49,divergent,exact_or_related,83.24724476190464,79.38117333333342,-3.8660714285712174,3.8660714285712174
FE-JD5-50,exact_or_related,adjacent,63.522514242424236,66.50613900432904,2.9836247619048066,2.9836247619048066
FE-JD5-51,exact_or_related,adjacent,82.03635619047638,78.33331428571424,-3.703041904762145,3.703041904762145
FE-JD5-52,adjacent,divergent,78.37639999999983,79.5594142857141,1.1830142857142647,1.1830142857142647
FE-JD5-53,exact_or_related,adjacent,72.32484086580088,63.10308380952383,-9.221757056277049,9.221757056277049
FE-JD5-54,exact_or_related,adjacent,83.73953285714283,81.92181619047614,-1.8177166666666977,1.8177166666666977
FE-JD5-55,exact_or_related,adjacent,67.66511774891774,67.0857228571427,-0.5793948917750384,0.5793948917750384
FE-JD5-56,exact_or_related,adjacent,72.7872666666666,71.31125999999996,-1.4760066666666347,1.4760066666666347
FE-JD5-57,exact_or_related,adjacent,65.39143777777797,67.08852666666662,1.6970888888886577,1.6970888888886577
FE-JD5-58,exact_or_related,adjacent,70.35786523809524,73.28636904761889,2.9285038095236473,2.9285038095236473
FE-JD5-59,exact_or_related,adjacent,82.80370952380962,83.08868095238101,0.2849714285713958,0.2849714285713958
FE-JD5-60,exact_or_related,adjacent,57.169825714285764,56.94832000000003,-0.2215057142857333,0.2215057142857333
FE-JD5-61,exact_or_related,adjacent,64.82962476190477,69.6073533333333,4.777728571428526,4.777728571428526
FE-JD5-62,adjacent,divergent,76.7714333333333,72.3498814285715,-4.421551904761799,4.421551904761799
FE-JD5-63,exact_or_related,adjacent,73.39435476190474,76.7714333333333,3.3770785714285694,3.3770785714285694
FE-JD5-64,exact_or_related,adjacent,74.87199999999999,78.10534666666663,3.233346666666648,3.233346666666648
FE-JD5-65,exact_or_related,adjacent,76.35399999999996,79.44974666666666,3.095746666666699,3.095746666666699
FE-JD5-66,exact_or_related,adjacent,69.20090760461757,66.99170666666674,-2.2092009379508255,2.2092009379508255
FE-JD5-67,adjacent,divergent,84.87920000000005,83.92411142857142,-0.9550885714286323,0.9550885714286323
FE-JD5-68,exact_or_related,adjacent,62.73798999999996,60.318453333333196,-2.4195366666667653,2.4195366666667653
FE-JD5-69,exact_or_related,adjacent,61.679600000000015,60.61319999999996,-1.0664000000000513,1.0664000000000513
FE-JD5-70,exact_or_related,adjacent,74.08656380952388,76.46131619047623,2.3747523809523443,2.3747523809523443
FE-JD5-71,adjacent,divergent,67.78936380952402,68.99196666666664,1.2026028571426224,1.2026028571426224
FE-JD5-72,exact_or_related,adjacent,70.34300015873013,71.10334476190498,0.7603446031748433,0.7603446031748433
FE-JD5-73,exact_or_related,adjacent,64.1655697691198,61.90620000000018,-2.2593697691196155,2.2593697691196155
FE-JD5-74,adjacent,divergent,62.07319999999995,68.98324761904759,6.9100476190476385,6.9100476190476385
FE-JD5-75,exact_or_related,adjacent,77.8116971428572,79.11148714285726,1.2997900000000584,1.2997900000000584
FE-JD5-76,exact_or_related,adjacent,68.14526111111095,69.39524952380945,1.2499884126984995,1.2499884126984995
FE-JD5-77,exact_or_related,adjacent,83.73953285714283,81.92181619047614,-1.8177166666666977,1.8177166666666977
FE-JD5-78,divergent,exact_or_related,72.29352000000002,73.6957815873016,1.402261587301581,1.402261587301581
FE-JD5-79,exact_or_related,adjacent,77.8116971428572,79.11148714285726,1.2997900000000584,1.2997900000000584
FE-JD5-80,exact_or_related,adjacent,76.77569571428569,71.32826666666665,-5.447429047619039,5.447429047619039
FE-JD5-81,exact_or_related,adjacent,81.70159999999993,81.2844333333332,-0.41716666666673063,0.41716666666673063
FE-JD5-82,exact_or_related,adjacent,77.36772952380961,76.26949333333329,-1.098236190476328,1.098236190476328
FE-JD5-83,adjacent,divergent,79.51574285714293,80.7886333333333,1.2728904761903692,1.2728904761903692
FE-JD5-84,adjacent,divergent,68.8277133333334,65.706,-3.1217133333334033,3.1217133333334033
FE-JD5-85,adjacent,divergent,66.95131428571446,69.2859733333334,2.334659047618942,2.334659047618942
FE-JD5-86,exact_or_related,adjacent,63.70239999999998,63.20200000000015,-0.5003999999998356,0.5003999999998356
FE-JD5-87,divergent,exact_or_related,75.90510666666671,78.05854000000006,2.1534333333333535,2.1534333333333535
FE-JD5-88,exact_or_related,adjacent,61.34618666666668,58.79298666666657,-2.5532000000001105,2.5532000000001105
FE-JD5-89,exact_or_related,adjacent,68.56573666666665,70.45790761904766,1.892170952381008,1.892170952381008
FE-JD5-90,exact_or_related,adjacent,67.66511774891774,67.0857228571427,-0.5793948917750384,0.5793948917750384
FE-JD5-91,exact_or_related,adjacent,80.64416746031749,82.9749799999997,2.3308125396822135,2.3308125396822135
FE-JD5-92,exact_or_related,adjacent,78.12746666666634,82.11439999999979,3.986933333333454,3.986933333333454
FE-JD5-93,exact_or_related,adjacent,80.64416746031749,82.9749799999997,2.3308125396822135,2.3308125396822135
FE-JD5-94,exact_or_related,adjacent,70.35786523809524,73.28636904761889,2.9285038095236473,2.9285038095236473
FE-JD5-95,divergent,exact_or_related,63.88554000000004,66.7993533333334,2.9138133333333585,2.9138133333333585
FE-JD5-96,adjacent,divergent,80.14097047619056,79.79790380952383,-0.34306666666672925,0.34306666666672925
FE-JD5-97,adjacent,divergent,82.17606666666683,80.74055142857137,-1.435515238095462,1.435515238095462
FE-JD5-98,exact_or_related,adjacent,77.24010000000008,77.94846000000004,0.7083599999999564,0.7083599999999564
FE-JD5-99,adjacent,divergent,59.05813333333322,62.39746666666666,3.3393333333334425,3.3393333333334425
FE-JD5-100,exact_or_related,adjacent,64.3894933333333,64.48032000000003,0.09082666666672878,0.09082666666672878
RD-JD6-01,divergent,exact_or_related,59.09799999999991,61.679600000000015,2.5816000000001083,2.5816000000001083
RD-JD6-02,adjacent,divergent,71.31125999999996,64.45306,-6.858199999999968,6.858199999999968
RD-JD6-03,divergent,exact_or_related,71.39070666666687,76.90911873015864,5.518412063491766,5.518412063491766
RD-JD6-04,exact_or_related,adjacent,69.26243015873018,68.24560047619049,-1.0168296825396936,1.0168296825396936
RD-JD6-05,divergent,exact_or_related,64.45306,72.7872666666666,8.334206666666603,8.334206666666603
RD-JD6-06,exact_or_related,adjacent,68.53979823953823,70.02482666666666,1.4850284271284266,1.4850284271284266
RD-JD6-07,divergent,exact_or_related,68.23614666666646,75.40779412698416,7.1716474603177005,7.1716474603177005
RD-JD6-08,exact_or_related,adjacent,77.36772952380961,76.26949333333329,-1.098236190476328,1.098236190476328
RD-JD6-09,adjacent,divergent,67.08852666666662,67.46712000000004,0.37859333333341283,0.37859333333341283
RD-JD6-10,adjacent,divergent,73.77687714285713,64.41507619047619,-9.361800952380946,9.361800952380946
RD-JD6-11,adjacent,divergent,77.35493333333349,83.24978571428582,5.894852380952329,5.894852380952329
RD-JD6-12,exact_or_related,adjacent,79.83424761904746,82.41696666666661,2.5827190476191504,2.5827190476191504
RD-JD6-13,exact_or_related,adjacent,74.55463098124098,70.81689238095241,-3.7377386002885657,3.7377386002885657
RD-JD6-14,exact_or_related,adjacent,67.66511774891774,67.0857228571427,-0.5793948917750384,0.5793948917750384
RD-JD6-15,exact_or_related,adjacent,74.6703106227106,79.17447047619035,4.504159853479749,4.504159853479749
RD-JD6-16,exact_or_related,adjacent,82.03635619047638,78.33331428571424,-3.703041904762145,3.703041904762145
RD-JD6-17,divergent,exact_or_related,65.52413333333335,63.32495999999985,-2.199173333333505,2.199173333333505
RD-JD6-18,exact_or_related,adjacent,71.20166380952371,68.8277133333334,-2.373950476190302,2.373950476190302
RD-JD6-19,divergent,exact_or_related,76.84420000000009,79.90845333333337,3.0642533333332835,3.0642533333332835
RD-JD6-20,adjacent,divergent,67.0857228571427,69.93188190476184,2.846159047619139,2.846159047619139
RD-JD6-21,divergent,exact_or_related,69.06802666666655,69.26243015873018,0.1944034920636284,0.1944034920636284
RD-JD6-22,adjacent,divergent,81.76469999999972,82.01106666666647,0.246366666666745,0.246366666666745
RD-JD6-23,adjacent,divergent,71.32826666666665,68.35968666666672,-2.968579999999932,2.968579999999932
RD-JD6-24,exact_or_related,adjacent,65.09909047619068,57.506320000000045,-7.592770476190637,7.592770476190637
RD-JD6-25,exact_or_related,adjacent,76.77569571428569,71.32826666666665,-5.447429047619039,5.447429047619039
RD-JD6-26,exact_or_related,adjacent,72.32484086580088,63.10308380952383,-9.221757056277049,9.221757056277049
RD-JD6-27,exact_or_related,adjacent,82.03635619047638,78.33331428571424,-3.703041904762145,3.703041904762145
RD-JD6-28,exact_or_related,adjacent,68.53979823953823,70.02482666666666,1.4850284271284266,1.4850284271284266
RD-JD6-29,exact_or_related,adjacent,59.176453333333164,60.45079999999994,1.2743466666667729,1.2743466666667729
RD-JD6-30,exact_or_related,adjacent,70.59997380952372,73.77687714285713,3.1769033333334136,3.1769033333334136
RD-JD6-31,exact_or_related,adjacent,62.2579815873016,62.35988000000004,0.10189841269843924,0.10189841269843924
RD-JD6-32,exact_or_related,adjacent,62.963199999999986,61.086266666666624,-1.876933333333362,1.876933333333362
RD-JD6-33,exact_or_related,adjacent,82.38586476190463,86.95415999999973,4.568295238095104,4.568295238095104
RD-JD6-34,exact_or_related,adjacent,64.82962476190477,69.6073533333333,4.777728571428526,4.777728571428526
RD-JD6-35,exact_or_related,adjacent,64.27403999999991,73.44727619047616,9.173236190476246,9.173236190476246
RD-JD6-36,adjacent,divergent,76.42410666666667,70.37999999999994,-6.044106666666735,6.044106666666735
RD-JD6-37,exact_or_related,adjacent,83.73953285714283,81.92181619047614,-1.8177166666666977,1.8177166666666977
RD-JD6-38,exact_or_related,adjacent,82.74675428571418,86.9049257142855,4.158171428571322,4.158171428571322
RD-JD6-39,exact_or_related,adjacent,65.39143777777797,67.08852666666662,1.6970888888886577,1.6970888888886577
RD-JD6-40,exact_or_related,adjacent,63.522514242424236,66.50613900432904,2.9836247619048066,2.9836247619048066
RD-JD6-41,adjacent,divergent,74.57887333333312,79.78472666666649,5.205853333333366,5.205853333333366
RD-JD6-42,exact_or_related,adjacent,83.59366666666632,85.75939999999977,2.165733333333449,2.165733333333449
RD-JD6-43,exact_or_related,adjacent,70.38804428571405,68.01393333333311,-2.3741109523809314,2.3741109523809314
RD-JD6-44,divergent,exact_or_related,72.29352000000002,73.6957815873016,1.402261587301581,1.402261587301581
RD-JD6-45,exact_or_related,adjacent,69.20090760461757,66.99170666666674,-2.2092009379508255,2.2092009379508255
RD-JD6-46,exact_or_related,adjacent,68.41595587301583,75.7142619047619,7.2983060317460655,7.2983060317460655
RD-JD6-47,exact_or_related,adjacent,78.33039999999971,81.39131333333314,3.0609133333334313,3.0609133333334313
RD-JD6-48,exact_or_related,adjacent,77.39761666666665,74.12519666666667,-3.2724199999999826,3.2724199999999826
RD-JD6-49,exact_or_related,adjacent,63.32495999999985,64.09519999999999,0.7702400000001433,0.7702400000001433
RD-JD6-50,divergent,exact_or_related,63.58440666666667,68.53979823953823,4.955391572871555,4.955391572871555
RD-JD6-51,divergent,exact_or_related,70.37999999999994,73.56979047619062,3.18979047619068,3.18979047619068
RD-JD6-52,exact_or_related,adjacent,74.6703106227106,79.17447047619035,4.504159853479749,4.504159853479749
RD-JD6-53,exact_or_related,adjacent,77.35975428571429,67.38394761904742,-9.97580666666687,9.97580666666687
RD-JD6-54,adjacent,divergent,80.82200000000002,80.86419999999984,0.04219999999982349,0.04219999999982349
RD-JD6-55,divergent,exact_or_related,82.22998571428572,75.38362000000005,-6.8463657142856675,6.8463657142856675
RD-JD6-56,exact_or_related,adjacent,74.16262095238072,76.58214666666666,2.419525714285939,2.419525714285939
RD-JD6-57,divergent,exact_or_related,72.75644000000001,69.20090760461757,-3.5555323953824427,3.5555323953824427
RD-JD6-58,exact_or_related,adjacent,79.5160333333333,81.66749999999993,2.1514666666666358,2.1514666666666358
RD-JD6-59,exact_or_related,adjacent,74.64461142857141,74.33579428571433,-0.3088171428570803,0.3088171428570803
RD-JD6-60,divergent,exact_or_related,83.11335523809517,83.73953285714283,0.6261776190476667,0.6261776190476667
RD-JD6-61,adjacent,divergent,68.8277133333334,65.706,-3.1217133333334033,3.1217133333334033
RD-JD6-62,exact_or_related,adjacent,74.6703106227106,79.17447047619035,4.504159853479749,4.504159853479749
RD-JD6-63,adjacent,divergent,75.55603428571428,75.89968190476195,0.3436476190476725,0.3436476190476725
RD-JD6-64,adjacent,divergent,82.39299999999976,81.45293333333322,-0.9400666666665387,0.9400666666665387
RD-JD6-65,exact_or_related,adjacent,77.22279333333356,75.21625333333333,-2.0065400000002285,2.0065400000002285
RD-JD6-66,exact_or_related,adjacent,65.33749428571431,65.07685999999998,-0.2606342857143318,0.2606342857143318
RD-JD6-67,exact_or_related,adjacent,77.36772952380961,76.26949333333329,-1.098236190476328,1.098236190476328
RD-JD6-68,exact_or_related,adjacent,67.58861714285736,64.86519999999993,-2.7234171428574285,2.7234171428574285
RD-JD6-69,exact_or_related,adjacent,74.08656380952388,76.46131619047623,2.3747523809523443,2.3747523809523443
RD-JD6-70,adjacent,divergent,75.55603428571428,75.89968190476195,0.3436476190476725,0.3436476190476725
RD-JD6-71,exact_or_related,adjacent,66.00523428571445,60.53758666666668,-5.467647619047774,5.467647619047774
RD-JD6-72,exact_or_related,adjacent,69.26243015873018,68.24560047619049,-1.0168296825396936,1.0168296825396936
RD-JD6-73,exact_or_related,adjacent,81.28093333333346,81.63779999999984,0.35686666666637734,0.35686666666637734
RD-JD6-74,divergent,exact_or_related,82.95977904761905,75.02350000000004,-7.93627904761901,7.93627904761901
RD-JD6-75,exact_or_related,adjacent,59.79143333333319,60.993299999999955,1.201866666666767,1.201866666666767
RD-JD6-76,exact_or_related,adjacent,63.84887428571432,59.05813333333322,-4.7907409523811,4.7907409523811
RD-JD6-77,divergent,exact_or_related,79.77458095238076,71.490038095238,-8.284542857142753,8.284542857142753
RD-JD6-78,adjacent,divergent,72.43592666666667,69.46041079365081,-2.9755158730158655,2.9755158730158655
RD-JD6-79,exact_or_related,adjacent,63.32495999999985,64.09519999999999,0.7702400000001433,0.7702400000001433
RD-JD6-80,adjacent,divergent,70.02482666666666,63.58440666666667,-6.440419999999982,6.440419999999982
RD-JD6-81,exact_or_related,adjacent,66.7993533333334,63.5904,-3.2089533333333975,3.2089533333333975
RD-JD6-82,divergent,exact_or_related,80.74055142857137,79.69895523809531,-1.0415961904760564,1.0415961904760564
RD-JD6-83,exact_or_related,adjacent,82.80370952380962,83.08868095238101,0.2849714285713958,0.2849714285713958
RD-JD6-84,exact_or_related,adjacent,80.64416746031749,82.9749799999997,2.3308125396822135,2.3308125396822135
RD-JD6-85,exact_or_related,adjacent,77.83700952380946,77.61420952380946,-0.22279999999999234,0.22279999999999234
RD-JD6-86,exact_or_related,adjacent,68.14526111111095,69.39524952380945,1.2499884126984995,1.2499884126984995
RD-JD6-87,adjacent,divergent,76.86333333333337,82.39508571428574,5.531752380952369,5.531752380952369
RD-JD6-88,exact_or_related,adjacent,71.28669428571428,69.00727047619048,-2.2794238095237915,2.2794238095237915
RD-JD6-89,divergent,exact_or_related,61.44682000000005,58.20582190476193,-3.240998095238119,3.240998095238119
RD-JD6-90,adjacent,divergent,64.48032000000003,65.72192000000001,1.241599999999977,1.241599999999977
RD-JD6-91,exact_or_related,adjacent,83.73953285714283,81.92181619047614,-1.8177166666666977,1.8177166666666977
RD-JD6-92,exact_or_related,adjacent,69.05880316017317,66.95131428571446,-2.10748887445871,2.10748887445871
RD-JD6-93,exact_or_related,adjacent,68.53979823953823,70.02482666666666,1.4850284271284266,1.4850284271284266
RD-JD6-94,adjacent,divergent,80.73985666666657,80.46839571428563,-0.2714609523809344,0.2714609523809344
RD-JD6-95,exact_or_related,adjacent,71.20166380952371,68.8277133333334,-2.373950476190302,2.373950476190302
RD-JD6-96,exact_or_related,adjacent,79.96493333333355,81.0440666666666,1.079133333333047,1.079133333333047
RD-JD6-97,adjacent,divergent,81.34973333333345,86.06485238095253,4.715119047619083,4.715119047619083
RD-JD6-98,exact_or_related,adjacent,72.32484086580088,63.10308380952383,-9.221757056277049,9.221757056277049
RD-JD6-99,divergent,exact_or_related,79.88063999999987,78.33186666666639,-1.5487733333334859,1.5487733333334859
RD-JD6-100,exact_or_related,adjacent,69.26087142857136,74.95558857142859,5.694717142857229,5.694717142857229
UID-JD7-01,adjacent,divergent,67.38394761904742,68.23671999999993,0.8527723809525156,0.8527723809525156
UID-JD7-02,exact_or_related,adjacent,75.7049333333334,80.65263333333337,4.947699999999969,4.947699999999969
UID-JD7-03,exact_or_related,adjacent,78.23302873015868,80.69747714285712,2.464448412698445,2.464448412698445
UID-JD7-04,adjacent,divergent,69.00727047619048,69.84951428571433,0.8422438095238505,0.8422438095238505
UID-JD7-05,exact_or_related,adjacent,64.1655697691198,61.90620000000018,-2.2593697691196155,2.2593697691196155
UID-JD7-06,adjacent,divergent,74.68751999999976,70.00848666666666,-4.679033333333109,4.679033333333109
UID-JD7-07,exact_or_related,adjacent,72.7872666666666,71.31125999999996,-1.4760066666666347,1.4760066666666347
UID-JD7-08,exact_or_related,adjacent,74.2512,78.00774666666663,3.7565466666666367,3.7565466666666367
UID-JD7-09,exact_or_related,adjacent,77.24010000000008,77.94846000000004,0.7083599999999564,0.7083599999999564
UID-JD7-10,adjacent,divergent,77.88277619047608,75.48062,-2.4021561904760773,2.4021561904760773
UID-JD7-11,exact_or_related,adjacent,77.39761666666665,74.12519666666667,-3.2724199999999826,3.2724199999999826
UID-JD7-12,exact_or_related,adjacent,72.7937574603175,72.43592666666667,-0.3578307936508196,0.3578307936508196
UID-JD7-13,exact_or_related,adjacent,69.91306666666655,74.87773333333328,4.96466666666673,4.96466666666673
UID-JD7-14,divergent,exact_or_related,81.6591999999998,77.00671571428575,-4.652484285714053,4.652484285714053
UID-JD7-15,exact_or_related,adjacent,72.32484086580088,63.10308380952383,-9.221757056277049,9.221757056277049
UID-JD7-16,exact_or_related,adjacent,63.84887428571432,59.05813333333322,-4.7907409523811,4.7907409523811
UID-JD7-17,adjacent,divergent,75.7142619047619,69.45013714285713,-6.2641247619047675,6.2641247619047675
UID-JD7-18,exact_or_related,adjacent,80.81020571428564,84.87920000000005,4.06899428571441,4.06899428571441
UID-JD7-19,exact_or_related,adjacent,79.74957809523829,76.90703428571435,-2.8425438095239457,2.8425438095239457
UID-JD7-20,exact_or_related,adjacent,76.31665333333336,78.3131200000001,1.9964666666667341,1.9964666666667341
UID-JD7-21,exact_or_related,adjacent,63.70239999999998,63.20200000000015,-0.5003999999998356,0.5003999999998356
UID-JD7-22,exact_or_related,adjacent,82.63993142857127,87.4669599999997,4.8270285714284284,4.8270285714284284
UID-JD7-23,divergent,exact_or_related,69.8835333333333,66.8963199999999,-2.9872133333334006,2.9872133333334006
UID-JD7-24,exact_or_related,adjacent,62.2579815873016,62.35988000000004,0.10189841269843924,0.10189841269843924
UID-JD7-25,adjacent,divergent,71.10334476190498,67.74972666666673,-3.3536180952382466,3.3536180952382466
UID-JD7-26,exact_or_related,adjacent,63.02212761904759,64.29350000000004,1.2713723809524495,1.2713723809524495
UID-JD7-27,exact_or_related,adjacent,80.54389571428572,80.73985666666657,0.19596095238084388,0.19596095238084388
UID-JD7-28,exact_or_related,adjacent,68.41595587301583,75.7142619047619,7.2983060317460655,7.2983060317460655
UID-JD7-29,exact_or_related,adjacent,71.490038095238,78.7243666666665,7.234328571428492,7.234328571428492
UID-JD7-30,exact_or_related,adjacent,81.70159999999993,81.2844333333332,-0.41716666666673063,0.41716666666673063
UID-JD7-31,adjacent,divergent,64.86519999999993,64.70880000000017,-0.1563999999997634,0.1563999999997634
UID-JD7-32,exact_or_related,adjacent,58.912699999999916,57.44576666666656,-1.4669333333333583,1.4669333333333583
UID-JD7-33,exact_or_related,adjacent,74.57772992784994,64.57764000000005,-10.0000899278499,10.0000899278499
UID-JD7-34,exact_or_related,adjacent,77.35975428571429,67.38394761904742,-9.97580666666687,9.97580666666687
UID-JD7-35,exact_or_related,adjacent,77.54401714285692,82.68059999999981,5.136582857142898,5.136582857142898
UID-JD7-36,exact_or_related,adjacent,71.6917999999998,74.80309999999974,3.111299999999943,3.111299999999943
UID-JD7-37,exact_or_related,adjacent,64.82962476190477,69.6073533333333,4.777728571428526,4.777728571428526
UID-JD7-38,exact_or_related,adjacent,78.33186666666639,82.08639999999981,3.754533333333427,3.754533333333427
UID-JD7-39,exact_or_related,adjacent,68.53979823953823,70.02482666666666,1.4850284271284266,1.4850284271284266
UID-JD7-40,exact_or_related,adjacent,74.08656380952388,76.46131619047623,2.3747523809523443,2.3747523809523443
UID-JD7-41,adjacent,divergent,82.68454761904785,80.74764761904771,-1.9369000000001364,1.9369000000001364
UID-JD7-42,adjacent,divergent,64.09519999999999,65.52413333333335,1.4289333333333616,1.4289333333333616
UID-JD7-43,divergent,exact_or_related,83.11335523809517,83.73953285714283,0.6261776190476667,0.6261776190476667
UID-JD7-44,exact_or_related,adjacent,78.23302873015868,80.69747714285712,2.464448412698445,2.464448412698445
UID-JD7-45,exact_or_related,adjacent,62.73798999999996,60.318453333333196,-2.4195366666667653,2.4195366666667653
UID-JD7-46,exact_or_related,adjacent,62.20628650793644,64.41591095238093,2.2096244444444864,2.2096244444444864
UID-JD7-47,exact_or_related,adjacent,64.92489999999984,59.9772333333333,-4.947666666666535,4.947666666666535
UID-JD7-48,exact_or_related,adjacent,67.58861714285736,64.86519999999993,-2.7234171428574285,2.7234171428574285
UID-JD7-49,exact_or_related,adjacent,67.66511774891774,67.0857228571427,-0.5793948917750384,0.5793948917750384
UID-JD7-50,exact_or_related,adjacent,71.28669428571428,69.00727047619048,-2.2794238095237915,2.2794238095237915
UID-JD7-51,adjacent,divergent,80.65263333333337,81.99103904761904,1.3384057142856705,1.3384057142856705
UID-JD7-52,adjacent,divergent,79.90469666666672,79.4258957142858,-0.47880095238092224,0.47880095238092224
UID-JD7-53,exact_or_related,adjacent,55.48125333333331,56.27786666666661,0.7966133333332976,0.7966133333332976
UID-JD7-54,exact_or_related,adjacent,81.38568000000008,81.80534000000003,0.41965999999995063,0.41965999999995063
UID-JD7-55,adjacent,divergent,85.75939999999977,83.73990666666651,-2.0194933333332585,2.0194933333332585
UID-JD7-56,exact_or_related,adjacent,83.73953285714283,81.92181619047614,-1.8177166666666977,1.8177166666666977
UID-JD7-57,exact_or_related,adjacent,69.20090760461757,66.99170666666674,-2.2092009379508255,2.2092009379508255
UID-JD7-58,exact_or_related,adjacent,69.26243015873018,68.24560047619049,-1.0168296825396936,1.0168296825396936
UID-JD7-59,adjacent,divergent,82.77386666666669,81.88159999999984,-0.8922666666668562,0.8922666666668562
UID-JD7-60,adjacent,divergent,73.44727619047616,69.73149333333356,-3.7157828571425995,3.7157828571425995
UID-JD7-61,adjacent,divergent,66.99170666666674,72.75644000000001,5.764733333333268,5.764733333333268
UID-JD7-62,exact_or_related,adjacent,67.66511774891774,67.0857228571427,-0.5793948917750384,0.5793948917750384
UID-JD7-63,adjacent,divergent,64.15626666666691,63.37360476190484,-0.7826619047620653,0.7826619047620653
UID-JD7-64,adjacent,divergent,73.77687714285713,64.41507619047619,-9.361800952380946,9.361800952380946
UID-JD7-65,adjacent,divergent,64.57764000000005,67.93175238095235,3.3541123809523015,3.3541123809523015
UID-JD7-66,adjacent,divergent,59.453833333333215,66.2271733333334,6.773340000000182,6.773340000000182
UID-JD7-67,exact_or_related,adjacent,69.63244380952382,74.68751999999976,5.055076190475944,5.055076190475944
UID-JD7-68,exact_or_related,adjacent,78.73294666666686,81.9088400000001,3.175893333333235,3.175893333333235
UID-JD7-69,exact_or_related,adjacent,75.77509999999998,76.44453333333323,0.6694333333332452,0.6694333333332452
UID-JD7-70,divergent,exact_or_related,68.99196666666664,68.4033165800866,-0.5886500865800457,0.5886500865800457
UID-JD7-71,adjacent,divergent,74.95558857142859,69.18662666666648,-5.768961904762108,5.768961904762108
UID-JD7-72,exact_or_related,adjacent,75.02350000000004,81.14723999999998,6.123739999999941,6.123739999999941
UID-JD7-73,exact_or_related,adjacent,62.20628650793644,64.41591095238093,2.2096244444444864,2.2096244444444864
UID-JD7-74,exact_or_related,adjacent,74.6703106227106,79.17447047619035,4.504159853479749,4.504159853479749
UID-JD7-75,divergent,exact_or_related,65.706,71.20166380952371,5.495663809523705,5.495663809523705
UID-JD7-76,divergent,exact_or_related,62.68700000000019,74.55463098124098,11.867630981240787,11.867630981240787
UID-JD7-77,exact_or_related,adjacent,72.32484086580088,63.10308380952383,-9.221757056277049,9.221757056277049
UID-JD7-78,exact_or_related,adjacent,68.4033165800866,67.78936380952402,-0.6139527705625767,0.6139527705625767
UID-JD7-79,exact_or_related,adjacent,69.05880316017317,66.95131428571446,-2.10748887445871,2.10748887445871
UID-JD7-80,adjacent,divergent,83.79399999999985,81.2242133333332,-2.5697866666666584,2.5697866666666584
UID-JD7-81,adjacent,divergent,63.10308380952383,67.16206030303024,4.058976493506414,4.058976493506414
UID-JD7-82,adjacent,divergent,78.02302380952403,78.7735504761906,0.7505266666665591,0.7505266666665591
UID-JD7-83,divergent,exact_or_related,80.89360190476187,81.51893904761906,0.625337142857191,0.625337142857191
UID-JD7-84,adjacent,divergent,82.31253333333319,84.47565238095238,2.1631190476191904,2.1631190476191904
UID-JD7-85,divergent,exact_or_related,67.93175238095235,74.57772992784994,6.645977546897598,6.645977546897598
UID-JD7-86,adjacent,divergent,62.53520000000018,64.9852342857143,2.4500342857141177,2.4500342857141177
UID-JD7-87,exact_or_related,adjacent,70.34300015873013,71.10334476190498,0.7603446031748433,0.7603446031748433
UID-JD7-88,exact_or_related,adjacent,62.2579815873016,62.35988000000004,0.10189841269843924,0.10189841269843924
UID-JD7-89,adjacent,divergent,68.8277133333334,65.706,-3.1217133333334033,3.1217133333334033
UID-JD7-90,exact_or_related,adjacent,83.38536238095261,79.90469666666672,-3.480665714285891,3.480665714285891
UID-JD7-91,adjacent,divergent,73.77687714285713,64.41507619047619,-9.361800952380946,9.361800952380946
UID-JD7-92,exact_or_related,adjacent,80.64416746031749,82.9749799999997,2.3308125396822135,2.3308125396822135
UID-JD7-93,adjacent,divergent,62.07319999999995,68.98324761904759,6.9100476190476385,6.9100476190476385
UID-JD7-94,exact_or_related,adjacent,70.35786523809524,73.28636904761889,2.9285038095236473,2.9285038095236473
UID-JD7-95,exact_or_related,adjacent,69.26243015873018,68.24560047619049,-1.0168296825396936,1.0168296825396936
UID-JD7-96,exact_or_related,adjacent,65.33749428571431,65.07685999999998,-0.2606342857143318,0.2606342857143318
UID-JD7-97,exact_or_related,adjacent,75.94731904761898,81.83149999999998,5.884180952381001,5.884180952381001
UID-JD7-98,exact_or_related,adjacent,68.53979823953823,70.02482666666666,1.4850284271284266,1.4850284271284266
UID-JD7-99,exact_or_related,adjacent,68.41595587301583,75.7142619047619,7.2983060317460655,7.2983060317460655
UID-JD7-100,exact_or_related,adjacent,66.66198761904776,64.19089333333329,-2.4710942857144715,2.4710942857144715
BE-JD8-01,adjacent,divergent,69.50692555555564,70.95639047619076,1.4494649206351227,1.4494649206351227
BE-JD8-02,exact_or_related,adjacent,69.06710666666669,64.11187619047622,-4.955230476190465,4.955230476190465
BE-JD8-03,exact_or_related,adjacent,64.25213142857136,61.43942380952388,-2.8127076190474796,2.8127076190474796
BE-JD8-04,exact_or_related,adjacent,67.40205714285707,66.89031619047618,-0.5117409523808902,0.5117409523808902
BE-JD8-05,exact_or_related,adjacent,69.74926666666661,65.98249396825418,-3.7667726984124386,3.7667726984124386
BE-JD8-06,exact_or_related,adjacent,59.221071904761956,61.18910476190485,1.9680328571428944,1.9680328571428944
BE-JD8-07,exact_or_related,adjacent,60.60411714285717,64.36925047619039,3.7651333333332175,3.7651333333332175
BE-JD8-08,exact_or_related,adjacent,69.50812809523808,68.3936000000001,-1.1145280952379721,1.1145280952379721
BE-JD8-09,adjacent,divergent,73.5851290892768,71.26954816738818,-2.3155809218886247,2.3155809218886247
BE-JD8-10,divergent,exact_or_related,73.27346666666655,70.99693480519477,-2.2765318614717813,2.2765318614717813
BE-JD8-11,adjacent,divergent,64.69968190476202,62.035939999999975,-2.663741904762041,2.663741904762041
BE-JD8-12,adjacent,divergent,64.97079238095226,65.51885714285734,0.5480647619050814,0.5480647619050814
BE-JD8-13,adjacent,divergent,64.9586790476192,58.87010666666649,-6.088572380952712,6.088572380952712
BE-JD8-14,divergent,exact_or_related,75.77818333333336,77.58813809523815,1.809954761904791,1.809954761904791
BE-JD8-15,divergent,exact_or_related,80.7375999999999,77.45165333333327,-3.285946666666632,3.285946666666632
BE-JD8-16,exact_or_related,adjacent,71.12372073926075,67.85761079365068,-3.2661099456100686,3.2661099456100686
BE-JD8-17,exact_or_related,adjacent,77.91290904761905,84.38408999999994,6.471180952380891,6.471180952380891
BE-JD8-18,exact_or_related,adjacent,85.63640000000007,77.76559999999995,-7.870800000000116,7.870800000000116
BE-JD8-19,exact_or_related,adjacent,74.39258666666662,74.82274095238098,0.43015428571436587,0.43015428571436587
BE-JD8-20,exact_or_related,adjacent,71.12372073926075,67.85761079365068,-3.2661099456100686,3.2661099456100686
BE-JD8-21,adjacent,divergent,69.10542933621934,68.75701523809512,-0.3484140981242234,0.3484140981242234
BE-JD8-22,exact_or_related,adjacent,73.17494666666644,76.20983999999989,3.034893333333443,3.034893333333443
BE-JD8-23,exact_or_related,adjacent,66.90187229983815,73.5851290892768,6.6832567894386585,6.6832567894386585
BE-JD8-24,exact_or_related,adjacent,74.12453523809516,69.5472085714286,-4.577326666666565,4.577326666666565
BE-JD8-25,adjacent,divergent,78.00078761904761,81.50907333333323,3.50828571428562,3.50828571428562
BE-JD8-26,adjacent,divergent,68.87016199134193,73.27346666666655,4.40330467532462,4.40330467532462
BE-JD8-27,adjacent,divergent,69.10542933621934,68.75701523809512,-0.3484140981242234,0.3484140981242234
BE-JD8-28,exact_or_related,adjacent,73.1788399999998,82.1490000000001,8.970160000000305,8.970160000000305
BE-JD8-29,adjacent,divergent,76.27480000000003,80.88839999999975,4.613599999999721,4.613599999999721
BE-JD8-30,exact_or_related,adjacent,67.43724704961708,69.10542933621934,1.66818228660226,1.66818228660226
BE-JD8-31,exact_or_related,adjacent,71.12372073926075,67.85761079365068,-3.2661099456100686,3.2661099456100686
BE-JD8-32,exact_or_related,adjacent,61.92903380952388,62.70817333333336,0.7791395238094836,0.7791395238094836
BE-JD8-33,exact_or_related,adjacent,76.53493333333316,80.12573333333363,3.5908000000004705,3.5908000000004705
BE-JD8-34,exact_or_related,adjacent,67.43724704961708,69.10542933621934,1.66818228660226,1.66818228660226
BE-JD8-35,exact_or_related,adjacent,66.90187229983815,73.5851290892768,6.6832567894386585,6.6832567894386585
BE-JD8-36,divergent,exact_or_related,79.91957285714271,72.36279444444445,-7.5567784126982644,7.5567784126982644
BE-JD8-37,exact_or_related,adjacent,70.99693480519477,68.87016199134193,-2.1267728138528383,2.1267728138528383
BE-JD8-38,exact_or_related,adjacent,70.99693480519477,68.87016199134193,-2.1267728138528383,2.1267728138528383
BE-JD8-39,exact_or_related,adjacent,71.57663333333352,79.0830133333335,7.506379999999979,7.506379999999979
BE-JD8-40,adjacent,divergent,68.87016199134193,73.27346666666655,4.40330467532462,4.40330467532462
BE-JD8-41,adjacent,divergent,74.1665295238094,64.24752000000021,-9.919009523809194,9.919009523809194
BE-JD8-42,exact_or_related,adjacent,74.79159333333335,75.6990342857143,0.9074409523809521,0.9074409523809521
BE-JD8-43,exact_or_related,adjacent,81.03184285714262,80.94900952380948,-0.08283333333314147,0.08283333333314147
BE-JD8-44,adjacent,divergent,76.20983999999989,75.28833999999985,-0.9215000000000373,0.9215000000000373
BE-JD8-45,exact_or_related,adjacent,71.6481911111112,68.00888666666667,-3.6393044444445337,3.6393044444445337
BE-JD8-46,exact_or_related,adjacent,70.00162666666657,73.3871476190476,3.385520952381029,3.385520952381029
BE-JD8-47,exact_or_related,adjacent,67.41628047619051,66.83436825396832,-0.5819122222221864,0.5819122222221864
BE-JD8-48,exact_or_related,adjacent,77.45718666666662,74.75357999999999,-2.70360666666663,2.70360666666663
BE-JD8-49,exact_or_related,adjacent,71.37431999999995,78.28806761904758,6.913747619047626,6.913747619047626
BE-JD8-50,divergent,exact_or_related,67.68160444444425,69.88638444444436,2.204780000000113,2.204780000000113
BE-JD8-51,exact_or_related,adjacent,71.12372073926075,67.85761079365068,-3.2661099456100686,3.2661099456100686
BE-JD8-52,adjacent,divergent,84.38408999999994,81.9156928571428,-2.4683971428571425,2.4683971428571425
BE-JD8-53,adjacent,divergent,78.07132095238099,74.06012507936508,-4.011195873015907,4.011195873015907
BE-JD8-54,exact_or_related,adjacent,72.36279444444445,76.27280095238098,3.9100065079365294,3.9100065079365294
BE-JD8-55,divergent,exact_or_related,71.26954816738818,66.90187229983815,-4.367675867550034,4.367675867550034
BE-JD8-56,adjacent,divergent,70.58259047619048,73.37499476190504,2.792404285714568,2.792404285714568
BE-JD8-57,adjacent,divergent,73.3871476190476,65.57691031746022,-7.810237301587378,7.810237301587378
BE-JD8-58,exact_or_related,adjacent,70.70989835386833,72.51858190476185,1.8086835508935195,1.8086835508935195
BE-JD8-59,exact_or_related,adjacent,71.32527238095237,71.94212000000023,0.61684761904786,0.61684761904786
BE-JD8-60,adjacent,divergent,77.76559999999995,81.81741333333332,4.051813333333371,4.051813333333371
BE-JD8-61,exact_or_related,adjacent,76.06292285714294,80.29927619047628,4.236353333333341,4.236353333333341
BE-JD8-62,exact_or_related,adjacent,70.72287999999988,82.65165333333344,11.928773333333567,11.928773333333567
BE-JD8-63,exact_or_related,adjacent,71.12372073926075,67.85761079365068,-3.2661099456100686,3.2661099456100686
BE-JD8-64,exact_or_related,adjacent,59.221071904761956,61.18910476190485,1.9680328571428944,1.9680328571428944
BE-JD8-65,divergent,exact_or_related,80.40427333333328,83.49748666666649,3.0932133333332104,3.0932133333332104
BE-JD8-66,adjacent,divergent,78.00078761904761,81.50907333333323,3.50828571428562,3.50828571428562
BE-JD8-67,adjacent,divergent,82.13093333333335,79.68543333333331,-2.445500000000038,2.445500000000038
BE-JD8-68,adjacent,divergent,71.9059657142857,73.15990666666653,1.2539409523808303,1.2539409523808303
BE-JD8-69,exact_or_related,adjacent,70.16194015873015,69.3173155555556,-0.8446246031745517,0.8446246031745517
BE-JD8-70,adjacent,divergent,59.56185238095259,64.92171142857154,5.359859047618954,5.359859047618954
BE-JD8-71,exact_or_related,adjacent,69.74926666666661,65.98249396825418,-3.7667726984124386,3.7667726984124386
BE-JD8-72,exact_or_related,adjacent,66.72788666666672,67.01657333333334,0.2886866666666208,0.2886866666666208
BE-JD8-73,adjacent,divergent,72.51858190476185,70.29040619047622,-2.2281757142856264,2.2281757142856264
BE-JD8-74,exact_or_related,adjacent,78.61560000000023,80.13000000000008,1.5143999999998528,1.5143999999998528
BE-JD8-75,adjacent,divergent,69.3173155555556,61.3636895238097,-7.953626031745898,7.953626031745898
BE-JD8-76,adjacent,divergent,76.99552,80.42591333333331,3.4303933333333134,3.4303933333333134
BE-JD8-77,divergent,exact_or_related,64.23269333333356,63.0654266666667,-1.1672666666668547,1.1672666666668547
BE-JD8-78,exact_or_related,adjacent,70.89095148518152,70.74308116328122,-0.14787032190029947,0.14787032190029947
BE-JD8-79,adjacent,divergent,78.8683428571431,78.64739999999999,-0.22094285714311468,0.22094285714311468
BE-JD8-80,exact_or_related,adjacent,74.68192415584441,68.83167238095247,-5.8502517748919445,5.8502517748919445
BE-JD8-81,exact_or_related,adjacent,86.74363999999973,81.92715999999997,-4.816479999999757,4.816479999999757
BE-JD8-82,exact_or_related,adjacent,77.2418933333334,79.29200000000003,2.050106666666636,2.050106666666636
BE-JD8-83,divergent,exact_or_related,68.75701523809512,67.43724704961708,-1.3197681884780366,1.3197681884780366
BE-JD8-84,exact_or_related,adjacent,82.59169999999992,79.15236000000004,-3.4393399999998735,3.4393399999998735
BE-JD8-85,exact_or_related,adjacent,66.53268810744815,75.65200794871794,9.119319841269785,9.119319841269785
BE-JD8-86,exact_or_related,adjacent,69.90120047619047,70.58259047619048,0.6813900000000075,0.6813900000000075
BE-JD8-87,exact_or_related,adjacent,82.19826666666694,80.96680000000005,-1.2314666666668899,1.2314666666668899
BE-JD8-88,exact_or_related,adjacent,62.26068000000005,62.002407619047695,-0.2582723809523557,0.2582723809523557
BE-JD8-89,exact_or_related,adjacent,67.43724704961708,69.10542933621934,1.66818228660226,1.66818228660226
BE-JD8-90,exact_or_related,adjacent,69.43093238095234,71.9059657142857,2.475033333333357,2.475033333333357
BE-JD8-91,adjacent,divergent,68.80173666666687,65.37450666666666,-3.4272300000002076,3.4272300000002076
BE-JD8-92,exact_or_related,adjacent,73.63627333333355,76.99552,3.3592466666664507,3.3592466666664507
BE-JD8-93,exact_or_related,adjacent,77.56913333333337,80.12397428571425,2.5548409523808857,2.5548409523808857
BE-JD8-94,exact_or_related,adjacent,68.21785333333338,72.32621444444455,4.108361111111165,4.108361111111165
BE-JD8-95,exact_or_related,adjacent,80.01364285714293,80.4032695238096,0.3896266666666719,0.3896266666666719
BE-JD8-96,exact_or_related,adjacent,72.98423428571431,68.80173666666687,-4.182497619047439,4.182497619047439
BE-JD8-97,exact_or_related,adjacent,69.11481391053397,69.3273541269841,0.21254021645013665,0.21254021645013665
BE-JD8-98,adjacent,divergent,68.87016199134193,73.27346666666655,4.40330467532462,4.40330467532462
BE-JD8-99,divergent,exact_or_related,67.12296000000025,63.21535999999998,-3.907600000000265,3.907600000000265
BE-JD8-100,divergent,exact_or_related,72.59073333333315,79.30353333333325,6.712800000000101,6.712800000000101
APD-JD9-01,divergent,exact_or_related,70.31679428571428,65.85017999999992,-4.466614285714357,4.466614285714357
APD-JD9-02,exact_or_related,adjacent,74.95355523809528,69.50692555555564,-5.446629682539637,5.446629682539637
APD-JD9-03,adjacent,divergent,69.42241619047616,68.25729904761909,-1.1651171428570706,1.1651171428570706
APD-JD9-04,exact_or_related,adjacent,70.51522577422575,69.42241619047616,-1.0928095837495988,1.0928095837495988
APD-JD9-05,divergent,exact_or_related,78.50497333333331,83.00039999999993,4.495426666666617,4.495426666666617
APD-JD9-06,exact_or_related,adjacent,70.38205999999978,68.51880634920632,-1.8632536507934674,1.8632536507934674
APD-JD9-07,exact_or_related,adjacent,68.8567208502608,70.40944813297816,1.5527272827173562,1.5527272827173562
APD-JD9-08,adjacent,divergent,69.5472085714286,66.30683809523808,-3.2403704761905203,3.2403704761905203
APD-JD9-09,exact_or_related,adjacent,65.03558222222236,68.47423999999977,3.438657777777408,3.438657777777408
APD-JD9-10,exact_or_related,adjacent,83.45660000000001,77.23300000000006,-6.223599999999948,6.223599999999948
APD-JD9-11,exact_or_related,adjacent,67.43724704961708,69.10542933621934,1.66818228660226,1.66818228660226
APD-JD9-12,adjacent,divergent,69.3273541269841,69.20267666666689,-0.1246774603172156,0.1246774603172156
APD-JD9-13,exact_or_related,adjacent,71.36643904761904,73.5490266666667,2.1825876190476663,2.1825876190476663
APD-JD9-14,adjacent,divergent,73.9845066666667,73.87307539682537,-0.11143126984133289,0.11143126984133289
APD-JD9-15,adjacent,divergent,65.78320000000012,66.96759999999992,1.1843999999997976,1.1843999999997976
APD-JD9-16,adjacent,divergent,72.51858190476185,70.29040619047622,-2.2281757142856264,2.2281757142856264
APD-JD9-17,exact_or_related,adjacent,75.25958174603173,75.5771752380952,0.317593492063466,0.317593492063466
APD-JD9-18,exact_or_related,adjacent,67.85069428571427,69.99879428571424,2.148099999999971,2.148099999999971
APD-JD9-19,adjacent,divergent,70.58259047619048,73.37499476190504,2.792404285714568,2.792404285714568
APD-JD9-20,adjacent,divergent,68.80173666666687,65.37450666666666,-3.4272300000002076,3.4272300000002076
APD-JD9-21,exact_or_related,adjacent,79.8724399999998,79.64824761904754,-0.22419238095226035,0.22419238095226035
APD-JD9-22,exact_or_related,adjacent,59.221071904761956,61.18910476190485,1.9680328571428944,1.9680328571428944
APD-JD9-23,exact_or_related,adjacent,78.70590476190463,82.11110380952391,3.405199047619277,3.405199047619277
APD-JD9-24,exact_or_related,adjacent,67.85069428571427,69.99879428571424,2.148099999999971,2.148099999999971
APD-JD9-25,exact_or_related,adjacent,67.02666571428574,64.9586790476192,-2.067986666666542,2.067986666666542
APD-JD9-26,exact_or_related,adjacent,58.24831666666668,62.843733333333155,4.595416666666473,4.595416666666473
APD-JD9-27,adjacent,divergent,60.10295904761917,62.18964666666679,2.0866876190476162,2.0866876190476162
APD-JD9-28,adjacent,divergent,68.83167238095247,68.89703428571435,0.06536190476188608,0.06536190476188608
APD-JD9-29,exact_or_related,adjacent,83.94059999999972,82.60933333333337,-1.3312666666663517,1.3312666666663517
APD-JD9-30,adjacent,divergent,70.69770952380952,66.44247999999992,-4.255229523809604,4.255229523809604
APD-JD9-31,adjacent,divergent,73.06119047619055,79.15350952380933,6.092319047618787,6.092319047618787
APD-JD9-32,adjacent,divergent,77.63174000000002,77.62577333333338,-0.005966666666637366,0.005966666666637366
APD-JD9-33,exact_or_related,adjacent,60.60411714285717,64.36925047619039,3.7651333333332175,3.7651333333332175
APD-JD9-34,divergent,exact_or_related,73.37499476190504,69.90120047619047,-3.4737942857145754,3.4737942857145754
APD-JD9-35,adjacent,divergent,72.51858190476185,70.29040619047622,-2.2281757142856264,2.2281757142856264
APD-JD9-36,exact_or_related,adjacent,68.31000666666655,64.69968190476202,-3.610324761904536,3.610324761904536
APD-JD9-37,exact_or_related,adjacent,74.76032333333335,74.52436761904765,-0.23595571428569428,0.23595571428569428
APD-JD9-38,exact_or_related,adjacent,70.99693480519477,68.87016199134193,-2.1267728138528383,2.1267728138528383
APD-JD9-39,exact_or_related,adjacent,67.8060017460318,66.00767476190475,-1.7983269841270442,1.7983269841270442
APD-JD9-40,exact_or_related,adjacent,67.43724704961708,69.10542933621934,1.66818228660226,1.66818228660226
APD-JD9-41,divergent,exact_or_related,67.46050761904769,67.40205714285707,-0.05845047619061461,0.05845047619061461
APD-JD9-42,adjacent,divergent,84.58382000000012,80.40427333333328,-4.1795466666668375,4.1795466666668375
APD-JD9-43,adjacent,divergent,69.50692555555564,70.95639047619076,1.4494649206351227,1.4494649206351227
APD-JD9-44,exact_or_related,adjacent,67.02666571428574,64.9586790476192,-2.067986666666542,2.067986666666542
APD-JD9-45,exact_or_related,adjacent,72.36279444444445,76.27280095238098,3.9100065079365294,3.9100065079365294
APD-JD9-46,exact_or_related,adjacent,69.50812809523808,68.3936000000001,-1.1145280952379721,1.1145280952379721
APD-JD9-47,exact_or_related,adjacent,66.90187229983815,73.5851290892768,6.6832567894386585,6.6832567894386585
APD-JD9-48,divergent,exact_or_related,79.68543333333331,79.0267000000001,-0.6587333333332026,0.6587333333332026
APD-JD9-49,divergent,exact_or_related,70.95639047619076,74.95355523809528,3.9971647619045143,3.9971647619045143
APD-JD9-50,exact_or_related,adjacent,76.36574000000032,77.82677714285721,1.4610371428568953,1.4610371428568953
APD-JD9-51,divergent,exact_or_related,68.75701523809512,67.43724704961708,-1.3197681884780366,1.3197681884780366
APD-JD9-52,exact_or_related,adjacent,72.8187314285715,69.000715873016,-3.8180155555554904,3.8180155555554904
APD-JD9-53,adjacent,divergent,69.10542933621934,68.75701523809512,-0.3484140981242234,0.3484140981242234
APD-JD9-54,divergent,exact_or_related,79.25810952380957,80.01364285714293,0.7555333333333607,0.7555333333333607
APD-JD9-55,adjacent,divergent,62.843733333333155,59.970373333333164,-2.873359999999991,2.873359999999991
APD-JD9-56,adjacent,divergent,74.42870666666664,72.83747063492059,-1.5912360317460497,1.5912360317460497
APD-JD9-57,adjacent,divergent,71.94212000000023,65.63925333333349,-6.302866666666745,6.302866666666745
APD-JD9-58,exact_or_related,adjacent,77.58813809523815,80.1552466666668,2.5671085714286477,2.5671085714286477
APD-JD9-59,adjacent,divergent,73.73357428571406,74.58026095238088,0.8466866666668267,0.8466866666668267
APD-JD9-60,adjacent,divergent,84.58626000000007,81.5207066666667,-3.0655533333333693,3.0655533333333693
APD-JD9-61,adjacent,divergent,78.6609504761905,78.23070380952377,-0.4302466666667186,0.4302466666667186
APD-JD9-62,adjacent,divergent,68.00888666666667,73.15266666666645,5.143779999999779,5.143779999999779
APD-JD9-63,adjacent,divergent,80.75255333333328,79.4571333333333,-1.2954199999999787,1.2954199999999787
APD-JD9-64,exact_or_related,adjacent,69.50812809523808,68.3936000000001,-1.1145280952379721,1.1145280952379721
APD-JD9-65,divergent,exact_or_related,59.970373333333164,58.24831666666668,-1.7220566666664823,1.7220566666664823
APD-JD9-66,adjacent,divergent,69.10542933621934,68.75701523809512,-0.3484140981242234,0.3484140981242234
APD-JD9-67,exact_or_related,adjacent,66.53268810744815,75.65200794871794,9.119319841269785,9.119319841269785
APD-JD9-68,adjacent,divergent,75.05245999999997,71.6919533333332,-3.3605066666667653,3.3605066666667653
APD-JD9-69,exact_or_related,adjacent,84.95180952380984,82.81980952380965,-2.1320000000001897,2.1320000000001897
APD-JD9-70,exact_or_related,adjacent,78.4614666666664,81.82773333333328,3.3662666666668883,3.3662666666668883
APD-JD9-71,exact_or_related,adjacent,70.16194015873015,69.3173155555556,-0.8446246031745517,0.8446246031745517
APD-JD9-72,adjacent,divergent,78.6609504761905,78.23070380952377,-0.4302466666667186,0.4302466666667186
APD-JD9-73,exact_or_related,adjacent,59.221071904761956,61.18910476190485,1.9680328571428944,1.9680328571428944
APD-JD9-74,divergent,exact_or_related,75.81213333333332,74.39258666666662,-1.4195466666667045,1.4195466666667045
APD-JD9-75,exact_or_related,adjacent,71.12372073926075,67.85761079365068,-3.2661099456100686,3.2661099456100686
APD-JD9-76,divergent,exact_or_related,70.58777920634917,69.47468571428578,-1.1130934920633848,1.1130934920633848
APD-JD9-77,exact_or_related,adjacent,70.72287999999988,82.65165333333344,11.928773333333567,11.928773333333567
APD-JD9-78,divergent,exact_or_related,85.19281999999988,69.9673028571428,-15.225517142857086,15.225517142857086
APD-JD9-79,divergent,exact_or_related,80.88839999999975,83.70100000000012,2.812600000000373,2.812600000000373
APD-JD9-80,adjacent,divergent,75.05245999999997,71.6919533333332,-3.3605066666667653,3.3605066666667653
APD-JD9-81,exact_or_related,adjacent,67.40205714285707,66.89031619047618,-0.5117409523808902,0.5117409523808902
APD-JD9-82,exact_or_related,adjacent,69.475654761905,67.927592857143,-1.5480619047620081,1.5480619047620081
APD-JD9-83,exact_or_related,adjacent,69.9673028571428,82.52200000000026,12.554697142857464,12.554697142857464
APD-JD9-84,exact_or_related,adjacent,71.36643904761904,73.5490266666667,2.1825876190476663,2.1825876190476663
APD-JD9-85,adjacent,divergent,70.58259047619048,73.37499476190504,2.792404285714568,2.792404285714568
APD-JD9-86,exact_or_related,adjacent,70.51522577422575,69.42241619047616,-1.0928095837495988,1.0928095837495988
APD-JD9-87,adjacent,divergent,69.50692555555564,70.95639047619076,1.4494649206351227,1.4494649206351227
APD-JD9-88,divergent,exact_or_related,80.41051333333328,80.5963628571427,0.18584952380940933,0.18584952380940933
APD-JD9-89,divergent,exact_or_related,68.25729904761909,70.51522577422575,2.2579267266066694,2.2579267266066694
APD-JD9-90,exact_or_related,adjacent,74.67776190476191,74.42870666666664,-0.24905523809526642,0.24905523809526642
APD-JD9-91,exact_or_related,adjacent,82.59169999999992,79.15236000000004,-3.4393399999998735,3.4393399999998735
APD-JD9-92,exact_or_related,adjacent,77.45718666666662,74.75357999999999,-2.70360666666663,2.70360666666663
APD-JD9-93,divergent,exact_or_related,67.68806666666667,68.21785333333338,0.529786666666709,0.529786666666709
APD-JD9-94,adjacent,divergent,82.70180000000003,78.90920000000001,-3.7926000000000215,3.7926000000000215
APD-JD9-95,divergent,exact_or_related,65.09653333333355,69.37595733932737,4.279424005993818,4.279424005993818
APD-JD9-96,exact_or_related,adjacent,79.17866666666694,79.7586742857143,0.5800076190473646,0.5800076190473646
APD-JD9-97,divergent,exact_or_related,65.65159999999997,61.36189333333319,-4.289706666666781,4.289706666666781
APD-JD9-98,divergent,exact_or_related,65.57691031746022,70.00162666666657,4.424716349206349,4.424716349206349
APD-JD9-99,exact_or_related,adjacent,64.25213142857136,61.43942380952388,-2.8127076190474796,2.8127076190474796
APD-JD9-100,exact_or_related,adjacent,71.89817360750362,64.97079238095226,-6.927381226551361,6.927381226551361
SSD-JD10-01,adjacent,divergent,68.80173666666687,65.37450666666666,-3.4272300000002076,3.4272300000002076
SSD-JD10-02,exact_or_related,adjacent,68.21785333333338,72.32621444444455,4.108361111111165,4.108361111111165
SSD-JD10-03,exact_or_related,adjacent,71.89817360750362,64.97079238095226,-6.927381226551361,6.927381226551361
SSD-JD10-04,divergent,exact_or_related,65.09653333333355,69.37595733932737,4.279424005993818,4.279424005993818
SSD-JD10-05,adjacent,divergent,67.85761079365068,71.14788121767135,3.290270424020676,3.290270424020676
SSD-JD10-06,adjacent,divergent,78.07132095238099,74.06012507936508,-4.011195873015907,4.011195873015907
SSD-JD10-07,exact_or_related,adjacent,69.37595733932737,70.3969170362972,1.0209596969698254,1.0209596969698254
SSD-JD10-08,exact_or_related,adjacent,60.60411714285717,64.36925047619039,3.7651333333332175,3.7651333333332175
SSD-JD10-09,divergent,exact_or_related,74.06012507936508,67.64585904761927,-6.414266031745811,6.414266031745811
SSD-JD10-10,exact_or_related,adjacent,76.27518476190481,81.16709333333341,4.891908571428601,4.891908571428601
SSD-JD10-11,exact_or_related,adjacent,77.45165333333327,82.48013333333336,5.028480000000087,5.028480000000087
SSD-JD10-12,divergent,exact_or_related,70.58777920634917,69.47468571428578,-1.1130934920633848,1.1130934920633848
SSD-JD10-13,exact_or_related,adjacent,77.91290904761905,84.38408999999994,6.471180952380891,6.471180952380891
SSD-JD10-14,exact_or_related,adjacent,66.82668730158736,66.20810253968268,-0.6185847619046712,0.6185847619046712
SSD-JD10-15,adjacent,divergent,84.58626000000007,81.5207066666667,-3.0655533333333693,3.0655533333333693
SSD-JD10-16,exact_or_related,adjacent,70.70989835386833,72.51858190476185,1.8086835508935195,1.8086835508935195
SSD-JD10-17,exact_or_related,adjacent,77.33680333333344,77.03607333333336,-0.30073000000007255,0.30073000000007255
SSD-JD10-18,exact_or_related,adjacent,76.02531666666698,76.54212000000008,0.516803333333101,0.516803333333101
SSD-JD10-19,exact_or_related,adjacent,65.15698142857131,65.94823285714281,0.7912514285714991,0.7912514285714991
SSD-JD10-20,exact_or_related,adjacent,70.99693480519477,68.87016199134193,-2.1267728138528383,2.1267728138528383
SSD-JD10-21,exact_or_related,adjacent,68.49511142857135,65.042142857143,-3.452968571428343,3.452968571428343
SSD-JD10-22,divergent,exact_or_related,81.50907333333323,77.1085961904762,-4.400477142857028,4.400477142857028
SSD-JD10-23,adjacent,divergent,66.78131666666663,66.94896444444421,0.16764777777758866,0.16764777777758866
SSD-JD10-24,exact_or_related,adjacent,67.43724704961708,69.10542933621934,1.66818228660226,1.66818228660226
SSD-JD10-25,adjacent,divergent,78.6609504761905,78.23070380952377,-0.4302466666667186,0.4302466666667186
SSD-JD10-26,adjacent,divergent,82.69846285714294,80.8203361904762,-1.8781266666667449,1.8781266666667449
SSD-JD10-27,exact_or_related,adjacent,78.37872380952405,80.62976000000005,2.2510361904760003,2.2510361904760003
SSD-JD10-28,exact_or_related,adjacent,69.88638444444436,70.26342444444433,0.3770399999999654,0.3770399999999654
SSD-JD10-29,exact_or_related,adjacent,76.53846857142857,72.5047676190476,-4.033700952380968,4.033700952380968
SSD-JD10-30,exact_or_related,adjacent,69.11481391053397,69.3273541269841,0.21254021645013665,0.21254021645013665
SSD-JD10-31,adjacent,divergent,63.420496190476136,66.03052285714287,2.6100266666667338,2.6100266666667338
SSD-JD10-32,divergent,exact_or_related,68.25729904761909,70.51522577422575,2.2579267266066694,2.2579267266066694
SSD-JD10-33,exact_or_related,adjacent,62.49157238095227,59.30260380952375,-3.188968571428518,3.188968571428518
SSD-JD10-34,exact_or_related,adjacent,83.70100000000012,76.27480000000003,-7.426200000000094,7.426200000000094
SSD-JD10-35,exact_or_related,adjacent,61.92903380952388,62.70817333333336,0.7791395238094836,0.7791395238094836
SSD-JD10-36,exact_or_related,adjacent,76.28414523809523,80.10280000000009,3.8186547619048525,3.8186547619048525
SSD-JD10-37,exact_or_related,adjacent,76.02531666666698,76.54212000000008,0.516803333333101,0.516803333333101
SSD-JD10-38,exact_or_related,adjacent,72.98866666666667,78.19681999999996,5.208153333333286,5.208153333333286
SSD-JD10-39,exact_or_related,adjacent,76.53846857142857,72.5047676190476,-4.033700952380968,4.033700952380968
SSD-JD10-40,adjacent,divergent,74.1665295238094,64.24752000000021,-9.919009523809194,9.919009523809194
SSD-JD10-41,exact_or_related,adjacent,77.84300952380946,82.81534285714272,4.9723333333332675,4.9723333333332675
SSD-JD10-42,exact_or_related,adjacent,61.8753057142859,63.30883142857162,1.4335257142857216,1.4335257142857216
SSD-JD10-43,divergent,exact_or_related,65.9231333333331,66.13712380952391,0.21399047619081557,0.21399047619081557
SSD-JD10-44,adjacent,divergent,68.83167238095247,68.89703428571435,0.06536190476188608,0.06536190476188608
SSD-JD10-45,exact_or_related,adjacent,72.36279444444445,76.27280095238098,3.9100065079365294,3.9100065079365294
SSD-JD10-46,exact_or_related,adjacent,74.90183904761902,71.19305523809524,-3.70878380952378,3.70878380952378
SSD-JD10-47,exact_or_related,adjacent,69.66209603174603,70.20973333333309,0.5476373015870593,0.5476373015870593
SSD-JD10-48,exact_or_related,adjacent,68.8567208502608,70.40944813297816,1.5527272827173562,1.5527272827173562
SSD-JD10-49,exact_or_related,adjacent,72.36279444444445,76.27280095238098,3.9100065079365294,3.9100065079365294
SSD-JD10-50,adjacent,divergent,74.82274095238098,75.81213333333332,0.9893923809523386,0.9893923809523386
SSD-JD10-51,divergent,exact_or_related,73.15266666666645,71.6481911111112,-1.5044755555552456,1.5044755555552456
SSD-JD10-52,exact_or_related,adjacent,83.00039999999993,82.81060000000006,-0.1897999999998632,0.1897999999998632
SSD-JD10-53,adjacent,divergent,78.77179999999997,76.6591866666666,-2.112613333333371,2.112613333333371
SSD-JD10-54,exact_or_related,adjacent,71.32527238095237,71.94212000000023,0.61684761904786,0.61684761904786
SSD-JD10-55,exact_or_related,adjacent,74.01393999999999,74.1566609523808,0.14272095238081306,0.14272095238081306
SSD-JD10-56,exact_or_related,adjacent,67.40205714285707,66.89031619047618,-0.5117409523808902,0.5117409523808902
SSD-JD10-57,exact_or_related,adjacent,75.25958174603173,75.5771752380952,0.317593492063466,0.317593492063466
SSD-JD10-58,exact_or_related,adjacent,72.7272507936508,73.29852857142859,0.5712777777777944,0.5712777777777944
SSD-JD10-59,divergent,exact_or_related,69.20267666666689,69.11481391053397,-0.08786275613292105,0.08786275613292105
SSD-JD10-60,exact_or_related,adjacent,72.2700628571428,74.1665295238094,1.8964666666665977,1.8964666666665977
SSD-JD10-61,adjacent,divergent,66.00767476190475,66.01776999999996,0.01009523809520374,0.01009523809520374
SSD-JD10-62,exact_or_related,adjacent,76.28414523809523,80.10280000000009,3.8186547619048525,3.8186547619048525
SSD-JD10-63,exact_or_related,adjacent,77.33680333333344,77.03607333333336,-0.30073000000007255,0.30073000000007255
SSD-JD10-64,exact_or_related,adjacent,69.47468571428578,70.65623142857146,1.1815457142856758,1.1815457142856758
SSD-JD10-65,divergent,exact_or_related,76.31551999999992,72.98866666666667,-3.326853333333247,3.326853333333247
SSD-JD10-66,adjacent,divergent,62.6730742857144,62.54940000000011,-0.12367428571428718,0.12367428571428718
SSD-JD10-67,divergent,exact_or_related,65.37450666666666,72.98423428571431,7.609727619047646,7.609727619047646
SSD-JD10-68,exact_or_related,adjacent,71.6481911111112,68.00888666666667,-3.6393044444445337,3.6393044444445337
SSD-JD10-69,adjacent,divergent,65.33934666666649,67.77310444444434,2.4337577777778563,2.4337577777778563
SSD-JD10-70,exact_or_related,adjacent,66.90187229983815,73.5851290892768,6.6832567894386585,6.6832567894386585
SSD-JD10-71,exact_or_related,adjacent,67.02666571428574,64.9586790476192,-2.067986666666542,2.067986666666542
SSD-JD10-72,divergent,exact_or_related,67.36360666666683,68.47895428571432,1.1153476190474976,1.1153476190474976
SSD-JD10-73,exact_or_related,adjacent,57.79805714285697,57.15425714285705,-0.6437999999999207,0.6437999999999207
SSD-JD10-74,divergent,exact_or_related,76.67066333333305,75.25958174603173,-1.4110815873013252,1.4110815873013252
SSD-JD10-75,exact_or_related,adjacent,84.0134,83.4216,-0.5918000000000063,0.5918000000000063
SSD-JD10-76,exact_or_related,adjacent,70.70989835386833,72.51858190476185,1.8086835508935195,1.8086835508935195
SSD-JD10-77,adjacent,divergent,78.28806761904758,73.78496761904753,-4.503100000000046,4.503100000000046
SSD-JD10-78,exact_or_related,adjacent,68.8567208502608,70.40944813297816,1.5527272827173562,1.5527272827173562
SSD-JD10-79,exact_or_related,adjacent,56.084455238095245,61.26767999999994,5.183224761904697,5.183224761904697
SSD-JD10-80,exact_or_related,adjacent,83.46905952380965,82.46184285714293,-1.0072166666667215,1.0072166666667215
SSD-JD10-81,exact_or_related,adjacent,62.26068000000005,62.002407619047695,-0.2582723809523557,0.2582723809523557
SSD-JD10-82,exact_or_related,adjacent,66.90187229983815,73.5851290892768,6.6832567894386585,6.6832567894386585
SSD-JD10-83,exact_or_related,adjacent,81.44879999999996,83.09279999999985,1.6439999999998918,1.6439999999998918
SSD-JD10-84,adjacent,divergent,74.42611428571428,74.88861428571424,0.46249999999996305,0.46249999999996305
SSD-JD10-85,exact_or_related,adjacent,80.4736000000003,81.17083333333345,0.6972333333331449,0.6972333333331449
SSD-JD10-86,exact_or_related,adjacent,70.41812444444422,70.2432977777776,-0.17482666666661828,0.17482666666661828
SSD-JD10-87,exact_or_related,adjacent,68.31000666666655,64.69968190476202,-3.610324761904536,3.610324761904536
SSD-JD10-88,adjacent,divergent,74.42870666666664,72.83747063492059,-1.5912360317460497,1.5912360317460497
SSD-JD10-89,exact_or_related,adjacent,68.49511142857135,65.042142857143,-3.452968571428343,3.452968571428343
SSD-JD10-90,exact_or_related,adjacent,83.56234666666678,82.15926000000002,-1.4030866666667663,1.4030866666667663
SSD-JD10-91,exact_or_related,adjacent,72.85030095238093,73.08742380952387,0.23712285714293557,0.23712285714293557
SSD-JD10-92,exact_or_related,adjacent,68.66308190476198,70.69770952380952,2.0346276190475407,2.0346276190475407
SSD-JD10-93,adjacent,divergent,68.00888666666667,73.15266666666645,5.143779999999779,5.143779999999779
SSD-JD10-94,exact_or_related,adjacent,77.91290904761905,84.38408999999994,6.471180952380891,6.471180952380891
SSD-JD10-95,exact_or_related,adjacent,64.46561333333345,66.75673333333334,2.291119999999893,2.291119999999893
SSD-JD10-96,divergent,exact_or_related,64.24752000000021,72.2700628571428,8.022542857142597,8.022542857142597
SSD-JD10-97,adjacent,divergent,64.29268000000005,63.864733333333454,-0.42794666666659253,0.42794666666659253
SSD-JD10-98,exact_or_related,adjacent,77.91290904761905,84.38408999999994,6.471180952380891,6.471180952380891
SSD-JD10-99,exact_or_related,adjacent,64.25213142857136,61.43942380952388,-2.8127076190474796,2.8127076190474796
SSD-JD10-100,exact_or_related,adjacent,77.84300952380946,82.81534285714272,4.9723333333332675,4.9723333333332675
DA-JD11-01,exact_or_related,adjacent,69.60306666666669,70.85110476190472,1.24803809523803,1.24803809523803
DA-JD11-02,exact_or_related,adjacent,76.00548380952374,73.00375238095236,-3.001731428571375,3.001731428571375
DA-JD11-03,exact_or_related,adjacent,67.35551333333336,65.21701333333353,-2.138499999999837,2.138499999999837
DA-JD11-04,adjacent,divergent,81.69066666666674,82.23693333333334,0.5462666666665967,0.5462666666665967
DA-JD11-05,exact_or_related,adjacent,85.02386666666669,81.1084,-3.9154666666666884,3.9154666666666884
DA-JD11-06,exact_or_related,adjacent,58.25100000000021,65.05119999999997,6.800199999999755,6.800199999999755
DA-JD11-07,exact_or_related,adjacent,64.00211841269822,70.79529999999978,6.793181587301561,6.793181587301561
DA-JD11-08,divergent,exact_or_related,68.5152000000002,69.04382857142852,0.5286285714283139,0.5286285714283139
DA-JD11-09,adjacent,divergent,59.93279999999984,62.96285333333326,3.03005333333342,3.03005333333342
DA-JD11-10,exact_or_related,adjacent,71.61817174603172,69.9865666666666,-1.6316050793651158,1.6316050793651158
DA-JD11-11,exact_or_related,adjacent,74.3676933333334,76.47262666666644,2.1049333333330367,2.1049333333330367
DA-JD11-12,exact_or_related,adjacent,66.82409047619042,71.73284666666643,4.908756190476012,4.908756190476012
DA-JD11-13,divergent,exact_or_related,76.37833333333337,85.19849333333327,8.820159999999902,8.820159999999902
DA-JD11-14,adjacent,divergent,77.25627809523812,80.84530000000008,3.589021904761964,3.589021904761964
DA-JD11-15,adjacent,divergent,68.93262000000001,68.94280000000018,0.010180000000161726,0.010180000000161726
DA-JD11-16,divergent,exact_or_related,73.62498666666674,70.47720000000005,-3.14778666666669,3.14778666666669
DA-JD11-17,exact_or_related,adjacent,75.01000000000005,75.5306666666666,0.5206666666665569,0.5206666666665569
DA-JD11-18,divergent,exact_or_related,64.40104857142855,69.60306666666669,5.202018095238145,5.202018095238145
DA-JD11-19,exact_or_related,adjacent,59.446647619047646,61.10193333333325,1.6552857142856041,1.6552857142856041
DA-JD11-20,exact_or_related,adjacent,73.30918571428568,74.68969904761897,1.3805133333332975,1.3805133333332975
DA-JD11-21,adjacent,divergent,82.61661333333333,81.95913238095235,-0.657480952380979,0.657480952380979
DA-JD11-22,adjacent,divergent,70.97392000000013,72.72405904761911,1.7501390476189727,1.7501390476189727
DA-JD11-23,exact_or_related,adjacent,76.00822000000005,76.24874761904762,0.24052761904756892,0.24052761904756892
DA-JD11-24,exact_or_related,adjacent,85.19849333333327,80.94359999999996,-4.254893333333314,4.254893333333314
DA-JD11-25,exact_or_related,adjacent,84.82799999999999,85.16546666666667,0.33746666666668546,0.33746666666668546
DA-JD11-26,exact_or_related,adjacent,71.80549999999991,75.70083999999986,3.8953399999999476,3.8953399999999476
DA-JD11-27,adjacent,divergent,82.61661333333333,81.95913238095235,-0.657480952380979,0.657480952380979
DA-JD11-28,adjacent,divergent,61.64319999999983,64.07965333333324,2.436453333333411,2.436453333333411
DA-JD11-29,exact_or_related,adjacent,68.32701238095237,70.97392000000013,2.6469076190477665,2.6469076190477665
DA-JD11-30,adjacent,divergent,69.97210666666658,71.91680666666659,1.9447000000000116,1.9447000000000116
DA-JD11-31,exact_or_related,adjacent,60.77720000000021,62.8451599999999,2.067959999999694,2.067959999999694
DA-JD11-32,divergent,exact_or_related,64.40104857142855,69.60306666666669,5.202018095238145,5.202018095238145
DA-JD11-33,exact_or_related,adjacent,70.47720000000005,66.48396000000027,-3.993239999999787,3.993239999999787
DA-JD11-34,exact_or_related,adjacent,78.93833333333338,81.38005333333336,2.4417199999999895,2.4417199999999895
DA-JD11-35,divergent,exact_or_related,75.01759999999973,78.04191999999983,3.0243200000001025,3.0243200000001025
DA-JD11-36,exact_or_related,adjacent,73.95794666666669,74.66798380952382,0.7100371428571322,0.7100371428571322
DA-JD11-37,adjacent,divergent,68.2888866666667,69.39113333333341,1.1022466666667157,1.1022466666667157
DA-JD11-38,exact_or_related,adjacent,73.69644398268409,76.03163904761911,2.3351950649350215,2.3351950649350215
DA-JD11-39,exact_or_related,adjacent,71.45977841269834,69.97210666666658,-1.487671746031765,1.487671746031765
DA-JD11-40,adjacent,divergent,66.48396000000027,73.62498666666674,7.141026666666477,7.141026666666477
DA-JD11-41,adjacent,divergent,69.9865666666666,72.19606666666662,2.20950000000002,2.20950000000002
DA-JD11-42,divergent,exact_or_related,67.79174666666668,67.35551333333336,-0.4362333333333197,0.4362333333333197
DA-JD11-43,exact_or_related,adjacent,63.952214285714504,64.21319999999986,0.2609857142853542,0.2609857142853542
DA-JD11-44,divergent,exact_or_related,80.91313333333333,80.26485301587307,-0.6482803174602623,0.6482803174602623
DA-JD11-45,exact_or_related,adjacent,60.84642666666676,63.74679999999985,2.9003733333330928,2.9003733333330928
DA-JD11-46,exact_or_related,adjacent,61.55353238095228,66.28250190476183,4.728969523809553,4.728969523809553
DA-JD11-47,exact_or_related,adjacent,77.68318666666691,77.25627809523812,-0.4269085714287968,0.4269085714287968
DA-JD11-48,exact_or_related,adjacent,76.86799999999994,75.33200000000001,-1.5359999999999303,1.5359999999999303
DA-JD11-49,exact_or_related,adjacent,73.95794666666669,74.66798380952382,0.7100371428571322,0.7100371428571322
DA-JD11-50,exact_or_related,adjacent,76.00548380952374,73.00375238095236,-3.001731428571375,3.001731428571375
DA-JD11-51,exact_or_related,adjacent,70.36652380952384,66.20316666666665,-4.163357142857194,4.163357142857194
DA-JD11-52,exact_or_related,adjacent,75.82117333333333,79.81731999999997,3.9961466666666325,3.9961466666666325
DA-JD11-53,exact_or_related,adjacent,79.7114266666668,77.5330133333333,-2.178413333333495,2.178413333333495
DA-JD11-54,exact_or_related,adjacent,58.25100000000021,65.05119999999997,6.800199999999755,6.800199999999755
DA-JD11-55,adjacent,divergent,66.79999999999998,66.84760000000001,0.04760000000003117,0.04760000000003117
DA-JD11-56,divergent,exact_or_related,64.40104857142855,69.60306666666669,5.202018095238145,5.202018095238145
DA-JD11-57,adjacent,divergent,82.03546666666668,81.68053333333334,-0.3549333333333351,0.3549333333333351
DA-JD11-58,adjacent,divergent,70.79529999999978,65.10941142857133,-5.68588857142845,5.68588857142845
DA-JD11-59,exact_or_related,adjacent,81.64529333333346,78.62996095238097,-3.0153323809524863,3.0153323809524863
DA-JD11-60,exact_or_related,adjacent,67.37562190476189,68.66644571428566,1.290823809523772,1.290823809523772
DA-JD11-61,exact_or_related,adjacent,63.029839740259554,67.45151428571408,4.421674545454529,4.421674545454529
DA-JD11-62,exact_or_related,adjacent,81.89873999999996,77.77466666666658,-4.124073333333385,4.124073333333385
DA-JD11-63,exact_or_related,adjacent,77.2259666666667,78.8310666666667,1.6051000000000073,1.6051000000000073
DA-JD11-64,divergent,exact_or_related,69.99430666666672,71.3391499999999,1.3448433333331877,1.3448433333331877
DA-JD11-65,exact_or_related,adjacent,82.6974333333333,81.88386666666669,-0.8135666666666026,0.8135666666666026
DA-JD11-66,adjacent,divergent,77.65801333333307,73.89470000000006,-3.7633133333330164,3.7633133333330164
DA-JD11-67,exact_or_related,adjacent,64.60513333333323,66.77729999999976,2.172166666666527,2.172166666666527
DA-JD11-68,adjacent,divergent,71.73284666666643,70.21330000000006,-1.519546666666372,1.519546666666372
DA-JD11-69,adjacent,divergent,75.33200000000001,75.58620000000008,0.25420000000006837,0.25420000000006837
DA-JD11-70,exact_or_related,adjacent,68.32701238095237,70.97392000000013,2.6469076190477665,2.6469076190477665
DA-JD11-71,exact_or_related,adjacent,75.46521350649374,77.70868000000004,2.243466493506304,2.243466493506304
DA-JD11-72,exact_or_related,adjacent,67.37562190476189,68.66644571428566,1.290823809523772,1.290823809523772
DA-JD11-73,exact_or_related,adjacent,80.72530000000003,78.34124666666663,-2.384053333333398,2.384053333333398
DA-JD11-74,divergent,exact_or_related,73.89470000000006,75.26606428571435,1.371364285714293,1.371364285714293
DA-JD11-75,adjacent,divergent,64.76764857142874,66.08399999999996,1.316351428571224,1.316351428571224
DA-JD11-76,adjacent,divergent,76.96359238095235,77.63504666666668,0.6714542857143329,0.6714542857143329
DA-JD11-77,exact_or_related,adjacent,58.64360476190497,69.89559999999992,11.251995238094949,11.251995238094949
DA-JD11-78,divergent,exact_or_related,69.70708000000008,72.64541809523807,2.938338095237995,2.938338095237995
DA-JD11-79,adjacent,divergent,59.17920000000001,61.827000000000005,2.6477999999999966,2.6477999999999966
DA-JD11-80,exact_or_related,adjacent,71.61817174603172,69.9865666666666,-1.6316050793651158,1.6316050793651158
DA-JD11-81,exact_or_related,adjacent,70.47720000000005,66.48396000000027,-3.993239999999787,3.993239999999787
DA-JD11-82,exact_or_related,adjacent,73.36435999999999,79.37208000000007,6.007720000000077,6.007720000000077
DA-JD11-83,adjacent,divergent,85.16546666666667,82.37944000000003,-2.7860266666666433,2.7860266666666433
DA-JD11-84,exact_or_related,adjacent,78.71559000000003,82.14467333333337,3.429083333333338,3.429083333333338
DA-JD11-85,exact_or_related,adjacent,61.282882857142866,65.22026571428573,3.9373828571428646,3.9373828571428646
DA-JD11-86,exact_or_related,adjacent,73.30918571428568,74.68969904761897,1.3805133333332975,1.3805133333332975
DA-JD11-87,divergent,exact_or_related,82.16960000000002,82.2476,0.07799999999998875,0.07799999999998875
DA-JD11-88,divergent,exact_or_related,71.55639999999973,76.14367999999979,4.587280000000064,4.587280000000064
DA-JD11-89,exact_or_related,adjacent,69.60306666666669,70.85110476190472,1.24803809523803,1.24803809523803
DA-JD11-90,exact_or_related,adjacent,64.70486666666682,70.98970380952382,6.2848371428570005,6.2848371428570005
DA-JD11-91,adjacent,divergent,66.87089999999979,69.74649999999981,2.87560000000002,2.87560000000002
DA-JD11-92,exact_or_related,adjacent,78.93833333333338,81.38005333333336,2.4417199999999895,2.4417199999999895
DA-JD11-93,adjacent,divergent,73.48123714285715,78.62418000000004,5.142942857142884,5.142942857142884
DA-JD11-94,exact_or_related,adjacent,73.69644398268409,76.03163904761911,2.3351950649350215,2.3351950649350215
DA-JD11-95,exact_or_related,adjacent,81.64529333333346,78.62996095238097,-3.0153323809524863,3.0153323809524863
DA-JD11-96,exact_or_related,adjacent,69.04382857142852,69.60223999999998,0.5584114285714605,0.5584114285714605
DA-JD11-97,exact_or_related,adjacent,64.8301066666665,61.0556933333332,-3.7744133333332925,3.7744133333332925
DA-JD11-98,exact_or_related,adjacent,72.27277333333335,76.46670666666667,4.1939333333333195,4.1939333333333195
DA-JD11-99,exact_or_related,adjacent,65.84406000000001,59.085866666666824,-6.758193333333189,6.758193333333189
DA-JD11-100,exact_or_related,adjacent,61.049199999999786,61.719599999999836,0.6704000000000505,0.6704000000000505
DS-JD12-01,exact_or_related,adjacent,76.17443333333337,75.18000000000006,-0.9944333333333049,0.9944333333333049
DS-JD12-02,exact_or_related,adjacent,59.44814666666679,61.009233333333356,1.5610866666665686,1.5610866666665686
DS-JD12-03,exact_or_related,adjacent,82.3579999999999,81.10480000000003,-1.2531999999998789,1.2531999999998789
DS-JD12-04,divergent,exact_or_related,68.05439999999989,72.64148761904761,4.587087619047722,4.587087619047722
DS-JD12-05,exact_or_related,adjacent,58.12369727272727,60.63160393939392,2.507906666666649,2.507906666666649
DS-JD12-06,exact_or_related,adjacent,77.006,71.51289999999997,-5.493100000000027,5.493100000000027
DS-JD12-07,exact_or_related,adjacent,69.59462952380937,69.91670952380949,0.3220800000001134,0.3220800000001134
DS-JD12-08,exact_or_related,adjacent,64.03803999999998,62.44171999999997,-1.5963200000000128,1.5963200000000128
DS-JD12-09,exact_or_related,adjacent,56.91155000000004,60.95357904761899,4.042029047618946,4.042029047618946
DS-JD12-10,divergent,exact_or_related,80.29746666666651,78.85434666666654,-1.4431199999999649,1.4431199999999649
DS-JD12-11,exact_or_related,adjacent,76.62556000000002,77.44846,0.8228999999999758,0.8228999999999758
DS-JD12-12,exact_or_related,adjacent,65.96179142857142,66.49545333333324,0.5336619047618285,0.5336619047618285
DS-JD12-13,exact_or_related,adjacent,63.185399999999795,62.93754666666649,-0.24785333333330328,0.24785333333330328
DS-JD12-14,divergent,exact_or_related,77.70349904761916,77.34119999999977,-0.3622990476193877,0.3622990476193877
DS-JD12-15,divergent,exact_or_related,77.73349904761916,77.23399999999978,-0.4994990476193806,0.4994990476193806
DS-JD12-16,divergent,exact_or_related,70.29039999999989,75.99832,5.707920000000115,5.707920000000115
DS-JD12-17,exact_or_related,adjacent,69.59462952380937,69.91670952380949,0.3220800000001134,0.3220800000001134
DS-JD12-18,exact_or_related,adjacent,75.48360000000022,78.1558400000001,2.6722399999998743,2.6722399999998743
DS-JD12-19,exact_or_related,adjacent,81.68613333333343,81.89677333333339,0.2106399999999553,0.2106399999999553
DS-JD12-20,exact_or_related,adjacent,82.0875999999998,79.02100000000009,-3.06659999999971,3.06659999999971
DS-JD12-21,exact_or_related,adjacent,77.58712000000018,76.61216000000003,-0.9749600000001521,0.9749600000001521
DS-JD12-22,exact_or_related,adjacent,73.43306,71.68979333333338,-1.7432666666666137,1.7432666666666137
DS-JD12-23,exact_or_related,adjacent,74.54199999999989,75.7649066666666,1.2229066666667165,1.2229066666667165
DS-JD12-24,exact_or_related,adjacent,76.47359999999978,72.59019999999983,-3.883399999999952,3.883399999999952
DS-JD12-25,exact_or_related,adjacent,64.61164380952384,66.45739714285713,1.8457533333332918,1.8457533333332918
DS-JD12-26,exact_or_related,adjacent,75.16680000000005,76.42256000000005,1.255759999999995,1.255759999999995
DS-JD12-27,exact_or_related,adjacent,73.80120000000001,70.42912000000004,-3.3720799999999684,3.3720799999999684
DS-JD12-28,exact_or_related,adjacent,66.53036666666654,65.49667999999986,-1.0336866666666822,1.0336866666666822
DS-JD12-29,exact_or_related,adjacent,68.17071063492067,66.98155682539688,-1.1891538095237877,1.1891538095237877
DS-JD12-30,divergent,exact_or_related,62.190179999999856,65.96179142857142,3.7716114285715605,3.7716114285715605
DS-JD12-31,exact_or_related,adjacent,74.17636666666675,70.36508666666668,-3.8112800000000675,3.8112800000000675
DS-JD12-32,exact_or_related,adjacent,76.41952000000022,76.44096000000003,0.021439999999813608,0.021439999999813608
DS-JD12-33,exact_or_related,adjacent,56.91155000000004,60.95357904761899,4.042029047618946,4.042029047618946
DS-JD12-34,exact_or_related,adjacent,65.96179142857142,66.49545333333324,0.5336619047618285,0.5336619047618285
DS-JD12-35,exact_or_related,adjacent,72.13005714285727,75.94561333333347,3.815556190476201,3.815556190476201
DS-JD12-36,exact_or_related,adjacent,69.49504380952399,74.76560000000018,5.270556190476185,5.270556190476185
DS-JD12-37,exact_or_related,adjacent,68.08397999999977,66.3349533333332,-1.7490266666665661,1.7490266666665661
DS-JD12-38,exact_or_related,adjacent,77.31998285714283,80.7483333333332,3.4283504761903743,3.4283504761903743
DS-JD12-39,exact_or_related,adjacent,58.12369727272727,60.63160393939392,2.507906666666649,2.507906666666649
DS-JD12-40,exact_or_related,adjacent,78.30345333333308,78.48197999999991,0.17852666666682637,0.17852666666682637
DS-JD12-41,divergent,exact_or_related,75.50200000000005,76.69440000000012,1.1924000000000632,1.1924000000000632
DS-JD12-42,divergent,exact_or_related,69.08847999999983,67.84438000000026,-1.2440999999995768,1.2440999999995768
DS-JD12-43,exact_or_related,adjacent,68.17071063492067,66.98155682539688,-1.1891538095237877,1.1891538095237877
DS-JD12-44,exact_or_related,adjacent,74.28120666666665,71.90727333333336,-2.3739333333332837,2.3739333333332837
DS-JD12-45,exact_or_related,adjacent,77.98800000000017,77.86456000000008,-0.12344000000008748,0.12344000000008748
DS-JD12-46,exact_or_related,adjacent,81.21004666666688,79.43316000000004,-1.7768866666668401,1.7768866666668401
DS-JD12-47,exact_or_related,adjacent,75.45019285714308,72.26156000000012,-3.188632857142963,3.188632857142963
DS-JD12-48,exact_or_related,adjacent,83.36239999999998,80.90816,-2.4542399999999844,2.4542399999999844
DS-JD12-49,divergent,exact_or_related,80.29746666666651,78.85434666666654,-1.4431199999999649,1.4431199999999649
DS-JD12-50,exact_or_related,adjacent,66.69320253968259,66.92388571428569,0.23068317460310084,0.23068317460310084
DS-JD12-51,exact_or_related,adjacent,65.08748,64.29439999999997,-0.7930800000000318,0.7930800000000318
DS-JD12-52,exact_or_related,adjacent,71.98138666666672,76.78679333333336,4.8054066666666415,4.8054066666666415
DS-JD12-53,exact_or_related,adjacent,70.04931333333309,68.91709999999995,-1.1322133333331408,1.1322133333331408
DS-JD12-54,exact_or_related,adjacent,82.04080000000023,80.41216000000013,-1.6286400000001038,1.6286400000001038
DS-JD12-55,exact_or_related,adjacent,68.46808444444446,69.12387777777766,0.6557933333332073,0.6557933333332073
DS-JD12-56,exact_or_related,adjacent,56.91155000000004,60.95357904761899,4.042029047618946,4.042029047618946
DS-JD12-57,divergent,exact_or_related,69.11960000000003,71.92992000000017,2.8103200000001323,2.8103200000001323
DS-JD12-58,exact_or_related,adjacent,79.46540000000014,76.6937333333335,-2.771666666666647,2.771666666666647
DS-JD12-59,exact_or_related,adjacent,58.12369727272727,60.63160393939392,2.507906666666649,2.507906666666649
DS-JD12-60,divergent,exact_or_related,75.9091333333332,77.0291333333334,1.1200000000002035,1.1200000000002035
DS-JD12-61,exact_or_related,adjacent,78.08599999999971,77.56780000000005,-0.5181999999996663,0.5181999999996663
DS-JD12-62,exact_or_related,adjacent,59.045564761904714,61.13429619047622,2.0887314285715064,2.0887314285715064
DS-JD12-63,exact_or_related,adjacent,64.61164380952384,66.45739714285713,1.8457533333332918,1.8457533333332918
DS-JD12-64,exact_or_related,adjacent,58.12369727272727,60.63160393939392,2.507906666666649,2.507906666666649
DS-JD12-65,exact_or_related,adjacent,74.28120666666665,71.90727333333336,-2.3739333333332837,2.3739333333332837
DS-JD12-66,exact_or_related,adjacent,75.45019285714308,72.26156000000012,-3.188632857142963,3.188632857142963
DS-JD12-67,exact_or_related,adjacent,69.59462952380937,69.91670952380949,0.3220800000001134,0.3220800000001134
DS-JD12-68,exact_or_related,adjacent,77.34119999999977,78.08880000000012,0.7476000000003467,0.7476000000003467
DS-JD12-69,divergent,exact_or_related,69.17710000000011,70.04931333333309,0.8722133333329793,0.8722133333329793
DS-JD12-70,exact_or_related,adjacent,64.61164380952384,66.45739714285713,1.8457533333332918,1.8457533333332918
DS-JD12-71,exact_or_related,adjacent,73.35039999999992,75.5954533333333,2.2450533333333738,2.2450533333333738
DS-JD12-72,exact_or_related,adjacent,68.17071063492067,66.98155682539688,-1.1891538095237877,1.1891538095237877
DS-JD12-73,exact_or_related,adjacent,66.42319333333347,64.98310666666674,-1.4400866666667298,1.4400866666667298
DS-JD12-74,exact_or_related,adjacent,76.17759999999997,72.82019999999997,-3.3573999999999984,3.3573999999999984
DS-JD12-75,divergent,exact_or_related,60.18717333333335,61.98586666666665,1.7986933333333042,1.7986933333333042
DS-JD12-76,exact_or_related,adjacent,75.45019285714308,72.26156000000012,-3.188632857142963,3.188632857142963
DS-JD12-77,exact_or_related,adjacent,71.92992000000017,68.85072000000017,-3.0792,3.0792
DS-JD12-78,exact_or_related,adjacent,74.90525333333338,76.83011999999995,1.9248666666665741,1.9248666666665741
DS-JD12-79,exact_or_related,adjacent,69.73725333333311,68.6455999999998,-1.091653333333312,1.091653333333312
DS-JD12-80,exact_or_related,adjacent,83.36239999999998,80.90816,-2.4542399999999844,2.4542399999999844
DS-JD12-81,exact_or_related,adjacent,79.39160000000024,78.62696000000014,-0.7646400000000995,0.7646400000000995
DS-JD12-82,divergent,exact_or_related,75.87640000000006,77.98800000000017,2.1116000000001094,2.1116000000001094
DS-JD12-83,exact_or_related,adjacent,76.53751999999992,72.51199999999989,-4.025520000000029,4.025520000000029
DS-JD12-84,exact_or_related,adjacent,73.65120000000002,70.61969999999994,-3.0315000000000794,3.0315000000000794
DS-JD12-85,exact_or_related,adjacent,68.46808444444446,69.12387777777766,0.6557933333332073,0.6557933333332073
DS-JD12-86,exact_or_related,adjacent,74.95751999999993,73.71449333333334,-1.2430266666665943,1.2430266666665943
DS-JD12-87,exact_or_related,adjacent,69.59462952380937,69.91670952380949,0.3220800000001134,0.3220800000001134
DS-JD12-88,exact_or_related,adjacent,67.30890000000002,67.39210000000001,0.08319999999999084,0.08319999999999084
DS-JD12-89,exact_or_related,adjacent,74.95751999999993,73.71449333333334,-1.2430266666665943,1.2430266666665943
DS-JD12-90,exact_or_related,adjacent,73.35039999999992,75.5954533333333,2.2450533333333738,2.2450533333333738
DS-JD12-91,exact_or_related,adjacent,66.69320253968259,66.92388571428569,0.23068317460310084,0.23068317460310084
DS-JD12-92,exact_or_related,adjacent,67.84438000000026,67.6857266666667,-0.1586533333335609,0.1586533333335609
DS-JD12-93,exact_or_related,adjacent,75.48360000000022,78.1558400000001,2.6722399999998743,2.6722399999998743
DS-JD12-94,exact_or_related,adjacent,74.95751999999993,73.71449333333334,-1.2430266666665943,1.2430266666665943
DS-JD12-95,exact_or_related,adjacent,69.73725333333311,68.6455999999998,-1.091653333333312,1.091653333333312
DS-JD12-96,exact_or_related,adjacent,69.74713333333332,68.39692000000002,-1.3502133333333006,1.3502133333333006
DS-JD12-97,exact_or_related,adjacent,75.99832,72.19039999999993,-3.807920000000081,3.807920000000081
DS-JD12-98,exact_or_related,adjacent,70.81880000000011,74.72379999999995,3.904999999999845,3.904999999999845
DS-JD12-99,exact_or_related,adjacent,59.045564761904714,61.13429619047622,2.0887314285715064,2.0887314285715064
DS-JD12-100,exact_or_related,adjacent,79.1911333333333,79.21372,0.022586666666697397,0.022586666666697397
BIA-JD13-01,exact_or_related,adjacent,81.64529333333346,78.62996095238097,-3.0153323809524863,3.0153323809524863
BIA-JD13-02,exact_or_related,adjacent,82.93840000000002,81.87305333333339,-1.0653466666666276,1.0653466666666276
BIA-JD13-03,exact_or_related,adjacent,65.07640545454525,69.76326666666644,4.686861212121187,4.686861212121187
BIA-JD13-04,divergent,exact_or_related,71.42520562770584,73.69644398268409,2.2712383549782516,2.2712383549782516
BIA-JD13-05,exact_or_related,adjacent,71.45977841269834,69.97210666666658,-1.487671746031765,1.487671746031765
BIA-JD13-06,divergent,exact_or_related,65.75400000000019,63.3198000000002,-2.43419999999999,2.43419999999999
BIA-JD13-07,exact_or_related,adjacent,70.47720000000005,66.48396000000027,-3.993239999999787,3.993239999999787
BIA-JD13-08,divergent,exact_or_related,75.70746666666668,75.01000000000005,-0.697466666666628,0.697466666666628
BIA-JD13-09,exact_or_related,adjacent,76.22541285714284,74.63566000000007,-1.58975285714277,1.58975285714277
BIA-JD13-10,exact_or_related,adjacent,79.96263809523808,77.055238095238,-2.907400000000081,2.907400000000081
BIA-JD13-11,adjacent,divergent,81.22160000000001,78.79473333333337,-2.4268666666666405,2.4268666666666405
BIA-JD13-12,divergent,exact_or_related,67.98969999999989,60.266,-7.723699999999887,7.723699999999887
BIA-JD13-13,adjacent,divergent,66.55509999999977,68.14569999999989,1.5906000000001228,1.5906000000001228
BIA-JD13-14,exact_or_related,adjacent,73.69644398268409,76.03163904761911,2.3351950649350215,2.3351950649350215
BIA-JD13-15,divergent,exact_or_related,74.19670666666664,64.70486666666682,-9.491839999999826,9.491839999999826
BIA-JD13-16,adjacent,divergent,75.43806666666647,77.50453333333334,2.0664666666668694,2.0664666666668694
BIA-JD13-17,divergent,exact_or_related,69.70708000000008,72.64541809523807,2.938338095237995,2.938338095237995
BIA-JD13-18,divergent,exact_or_related,69.74649999999981,64.5763999999999,-5.17009999999992,5.17009999999992
BIA-JD13-19,exact_or_related,adjacent,61.55353238095228,66.28250190476183,4.728969523809553,4.728969523809553
BIA-JD13-20,exact_or_related,adjacent,63.90548666666649,60.41556000000006,-3.4899266666664275,3.4899266666664275
BIA-JD13-21,exact_or_related,adjacent,58.32899999999979,59.46253333333314,1.1335333333333537,1.1335333333333537
BIA-JD13-22,exact_or_related,adjacent,83.41160000000009,79.93568000000002,-3.475920000000073,3.475920000000073
BIA-JD13-23,exact_or_related,adjacent,63.58721047619053,67.25290095238098,3.6656904761904556,3.6656904761904556
BIA-JD13-24,divergent,exact_or_related,78.15107142857161,77.5715714285715,-0.5795000000001096,0.5795000000001096
BIA-JD13-25,divergent,exact_or_related,66.24119999999984,63.029839740259554,-3.2113602597402817,3.2113602597402817
BIA-JD13-26,adjacent,divergent,65.9758333333335,69.99430666666672,4.018473333333219,4.018473333333219
BIA-JD13-27,exact_or_related,adjacent,66.85984545454565,68.2888866666667,1.4290412121210494,1.4290412121210494
BIA-JD13-28,exact_or_related,adjacent,65.37009333333312,69.52666285714263,4.156569523809509,4.156569523809509
BIA-JD13-29,exact_or_related,adjacent,72.74121809523788,75.52545904761895,2.7842409523810687,2.7842409523810687
BIA-JD13-30,divergent,exact_or_related,73.61096666666668,76.00548380952374,2.3945171428570546,2.3945171428570546
BIA-JD13-31,divergent,exact_or_related,73.62498666666674,70.47720000000005,-3.14778666666669,3.14778666666669
BIA-JD13-32,adjacent,divergent,64.21319999999986,66.14990000000003,1.9367000000001724,1.9367000000001724
BIA-JD13-33,exact_or_related,adjacent,87.96759999999995,86.68879999999994,-1.278800000000004,1.278800000000004
BIA-JD13-34,exact_or_related,adjacent,83.41160000000009,79.93568000000002,-3.475920000000073,3.475920000000073
BIA-JD13-35,adjacent,divergent,73.12186666666663,71.64397333333338,-1.477893333333256,1.477893333333256
BIA-JD13-36,exact_or_related,adjacent,69.04382857142852,69.60223999999998,0.5584114285714605,0.5584114285714605
BIA-JD13-37,exact_or_related,adjacent,66.82409047619042,71.73284666666643,4.908756190476012,4.908756190476012
BIA-JD13-38,exact_or_related,adjacent,72.68856666666647,75.2638,2.5752333333335287,2.5752333333335287
BIA-JD13-39,exact_or_related,adjacent,60.04840000000021,66.79999999999998,6.751599999999776,6.751599999999776
BIA-JD13-40,exact_or_related,adjacent,64.70486666666682,70.98970380952382,6.2848371428570005,6.2848371428570005
BIA-JD13-41,exact_or_related,adjacent,68.35005333333335,72.87138666666661,4.52133333333326,4.52133333333326
BIA-JD13-42,exact_or_related,adjacent,74.3676933333334,76.47262666666644,2.1049333333330367,2.1049333333330367
BIA-JD13-43,exact_or_related,adjacent,75.8083333333333,80.06561333333329,4.257279999999994,4.257279999999994
BIA-JD13-44,exact_or_related,adjacent,73.69644398268409,76.03163904761911,2.3351950649350215,2.3351950649350215
BIA-JD13-45,exact_or_related,adjacent,68.32701238095237,70.97392000000013,2.6469076190477665,2.6469076190477665
BIA-JD13-46,divergent,exact_or_related,67.01250571428574,63.58721047619053,-3.4252952380952095,3.4252952380952095
BIA-JD13-47,adjacent,divergent,69.89559999999992,67.45380000000002,-2.441799999999901,2.441799999999901
BIA-JD13-48,divergent,exact_or_related,81.35599999999968,76.12112571428564,-5.234874285714042,5.234874285714042
BIA-JD13-49,exact_or_related,adjacent,83.90543999999991,82.42843999999994,-1.4769999999999754,1.4769999999999754
BIA-JD13-50,exact_or_related,adjacent,83.90543999999991,82.42843999999994,-1.4769999999999754,1.4769999999999754
BIA-JD13-51,exact_or_related,adjacent,76.86799999999994,75.33200000000001,-1.5359999999999303,1.5359999999999303
BIA-JD13-52,exact_or_related,adjacent,74.4820442857143,73.2020733333333,-1.2799709523809923,1.2799709523809923
BIA-JD13-53,adjacent,divergent,76.46670666666667,76.54606666666666,0.0793599999999941,0.0793599999999941
BIA-JD13-54,exact_or_related,adjacent,82.6974333333333,81.88386666666669,-0.8135666666666026,0.8135666666666026
BIA-JD13-55,exact_or_related,adjacent,61.282882857142866,65.22026571428573,3.9373828571428646,3.9373828571428646
BIA-JD13-56,exact_or_related,adjacent,79.10369333333315,82.05126,2.9475666666668445,2.9475666666668445
BIA-JD13-57,exact_or_related,adjacent,68.26535238095236,67.89258000000007,-0.3727723809522985,0.3727723809522985
BIA-JD13-58,exact_or_related,adjacent,76.87729999999995,77.37020000000001,0.49290000000006273,0.49290000000006273
BIA-JD13-59,exact_or_related,adjacent,76.70478999999972,73.58123999999988,-3.123549999999838,3.123549999999838
BIA-JD13-60,adjacent,divergent,62.57039999999992,66.36639999999997,3.796000000000049,3.796000000000049
BIA-JD13-61,adjacent,divergent,77.25627809523812,80.84530000000008,3.589021904761964,3.589021904761964
BIA-JD13-62,divergent,exact_or_related,77.4983999999997,77.80615999999999,0.307760000000286,0.307760000000286
BIA-JD13-63,exact_or_related,adjacent,64.86754000000019,60.86853333333345,-3.9990066666667374,3.9990066666667374
BIA-JD13-64,adjacent,divergent,80.57950666666673,83.76902571428562,3.1895190476188873,3.1895190476188873
BIA-JD13-65,exact_or_related,adjacent,65.84406000000001,59.085866666666824,-6.758193333333189,6.758193333333189
BIA-JD13-66,adjacent,divergent,62.298399999999845,66.29999999999991,4.001600000000067,4.001600000000067
BIA-JD13-67,adjacent,divergent,76.98286666666668,76.84109999999995,-0.14176666666672588,0.14176666666672588
BIA-JD13-68,adjacent,divergent,59.085866666666824,64.84653333333345,5.76066666666663,5.76066666666663
BIA-JD13-69,exact_or_related,adjacent,77.5715714285715,79.26513809523811,1.6935666666666123,1.6935666666666123
BIA-JD13-70,exact_or_related,adjacent,74.15886000000002,73.57881523809517,-0.5800447619048441,0.5800447619048441
BIA-JD13-71,adjacent,divergent,67.45151428571408,66.24119999999984,-1.2103142857142473,1.2103142857142473
BIA-JD13-72,exact_or_related,adjacent,65.84406000000001,59.085866666666824,-6.758193333333189,6.758193333333189
BIA-JD13-73,exact_or_related,adjacent,66.82409047619042,71.73284666666643,4.908756190476012,4.908756190476012
BIA-JD13-74,adjacent,divergent,82.14467333333337,79.85756666666664,-2.2871066666667303,2.2871066666667303
BIA-JD13-75,adjacent,divergent,77.70868000000004,72.92843515151536,-4.780244848484685,4.780244848484685
BIA-JD13-76,adjacent,divergent,59.17920000000001,61.827000000000005,2.6477999999999966,2.6477999999999966
BIA-JD13-77,exact_or_related,adjacent,71.45977841269834,69.97210666666658,-1.487671746031765,1.487671746031765
BIA-JD13-78,divergent,exact_or_related,84.38060571428562,74.78893333333332,-9.591672380952303,9.591672380952303
BIA-JD13-79,exact_or_related,adjacent,66.82409047619042,71.73284666666643,4.908756190476012,4.908756190476012
BIA-JD13-80,divergent,exact_or_related,79.09919999999997,79.31009333333331,0.21089333333334537,0.21089333333334537
BIA-JD13-81,exact_or_related,adjacent,77.10896666666667,81.06455428571434,3.9555876190476624,3.9555876190476624
BIA-JD13-82,exact_or_related,adjacent,69.49605714285732,65.6647666666667,-3.831290476190631,3.831290476190631
BIA-JD13-83,divergent,exact_or_related,76.46470000000019,75.06720000000008,-1.3975000000001074,1.3975000000001074
BIA-JD13-84,divergent,exact_or_related,71.91680666666659,71.45977841269834,-0.45702825396824664,0.45702825396824664
BIA-JD13-85,exact_or_related,adjacent,79.49767999999979,75.41146666666656,-4.086213333333234,4.086213333333234
BIA-JD13-86,exact_or_related,adjacent,64.70486666666682,70.98970380952382,6.2848371428570005,6.2848371428570005
BIA-JD13-87,adjacent,divergent,68.93262000000001,68.94280000000018,0.010180000000161726,0.010180000000161726
BIA-JD13-88,exact_or_related,adjacent,74.3676933333334,76.47262666666644,2.1049333333330367,2.1049333333330367
BIA-JD13-89,exact_or_related,adjacent,81.64529333333346,78.62996095238097,-3.0153323809524863,3.0153323809524863
BIA-JD13-90,exact_or_related,adjacent,76.70478999999972,73.58123999999988,-3.123549999999838,3.123549999999838
BIA-JD13-91,exact_or_related,adjacent,69.04382857142852,69.60223999999998,0.5584114285714605,0.5584114285714605
BIA-JD13-92,exact_or_related,adjacent,58.64360476190497,69.89559999999992,11.251995238094949,11.251995238094949
BIA-JD13-93,exact_or_related,adjacent,66.52740555555559,72.04156,5.514154444444415,5.514154444444415
BIA-JD13-94,exact_or_related,adjacent,78.85041142857149,75.43806666666647,-3.4123447619050182,3.4123447619050182
BIA-JD13-95,exact_or_related,adjacent,74.4820442857143,73.2020733333333,-1.2799709523809923,1.2799709523809923
BIA-JD13-96,exact_or_related,adjacent,75.32513333333358,76.48753333333342,1.1623999999998347,1.1623999999998347
BIA-JD13-97,adjacent,divergent,65.9758333333335,69.99430666666672,4.018473333333219,4.018473333333219
BIA-JD13-98,exact_or_related,adjacent,85.97759999999994,85.18639999999999,-0.7911999999999466,0.7911999999999466
BIA-JD13-99,exact_or_related,adjacent,73.69644398268409,76.03163904761911,2.3351950649350215,2.3351950649350215
BIA-JD13-100,exact_or_related,adjacent,60.266,66.1096999999998,5.8436999999998065,5.8436999999998065
DEV-JD14-01,exact_or_related,adjacent,72.8775380952381,71.18371999999998,-1.6938180952381146,1.6938180952381146
DEV-JD14-02,exact_or_related,adjacent,65.72877523809525,68.36309333333345,2.6343180952382,2.6343180952382
DEV-JD14-03,exact_or_related,adjacent,59.759519999999966,61.93372000000006,2.1742000000000914,2.1742000000000914
DEV-JD14-04,exact_or_related,adjacent,76.61686000000019,73.44642666666681,-3.170433333333378,3.170433333333378
DEV-JD14-05,exact_or_related,adjacent,70.84906666666669,70.7743504761903,-0.07471619047638,0.07471619047638
DEV-JD14-06,exact_or_related,adjacent,60.82706000000011,63.25319999999981,2.426139999999698,2.426139999999698
DEV-JD14-07,divergent,exact_or_related,66.34980000000002,63.443359999999835,-2.906440000000181,2.906440000000181
DEV-JD14-08,adjacent,divergent,74.51739999999978,78.30479999999987,3.7874000000000905,3.7874000000000905
DEV-JD14-09,exact_or_related,adjacent,58.323899999999796,61.825799999999795,3.501899999999999,3.501899999999999
DEV-JD14-10,exact_or_related,adjacent,65.06913333333316,65.10635999999987,0.037226666666711594,0.037226666666711594
DEV-JD14-11,exact_or_related,adjacent,63.20935333333339,61.61375333333345,-1.5955999999999406,1.5955999999999406
DEV-JD14-12,exact_or_related,adjacent,69.22997714285704,76.05357333333336,6.823596190476323,6.823596190476323
DEV-JD14-13,exact_or_related,adjacent,60.521249711399754,60.513163838383846,-0.008085873015907907,0.008085873015907907
DEV-JD14-14,divergent,exact_or_related,82.6144314285714,75.18769333333333,-7.426738095238065,7.426738095238065
DEV-JD14-15,exact_or_related,adjacent,75.96217904761903,79.39772571428573,3.4355466666666956,3.4355466666666956
DEV-JD14-16,divergent,exact_or_related,79.36933333333334,69.22997714285704,-10.139356190476306,10.139356190476306
DEV-JD14-17,exact_or_related,adjacent,82.76360000000004,82.25103999999986,-0.5125600000001782,0.5125600000001782
DEV-JD14-18,adjacent,divergent,81.30451999999984,80.0908666666666,-1.2136533333332409,1.2136533333332409
DEV-JD14-19,divergent,exact_or_related,73.33908666666643,75.11624666666685,1.7771600000004213,1.7771600000004213
DEV-JD14-20,exact_or_related,adjacent,75.28454000000005,73.87568666666678,-1.4088533333332691,1.4088533333332691
DEV-JD14-21,exact_or_related,adjacent,71.82122666666663,73.19034428571422,1.3691176190475858,1.3691176190475858
DEV-JD14-22,adjacent,divergent,67.00762666666664,67.52529714285724,0.5176704761906024,0.5176704761906024
DEV-JD14-23,divergent,exact_or_related,76.59580000000008,81.95680000000027,5.361000000000189,5.361000000000189
DEV-JD14-24,exact_or_related,adjacent,65.54845698412697,63.150134761904745,-2.3983222222222267,2.3983222222222267
DEV-JD14-25,exact_or_related,adjacent,69.4404401343101,66.86074825396824,-2.579691880341855,2.579691880341855
DEV-JD14-26,exact_or_related,adjacent,60.521249711399754,60.513163838383846,-0.008085873015907907,0.008085873015907907
DEV-JD14-27,divergent,exact_or_related,79.11079999999993,79.27790000000002,0.16710000000009018,0.16710000000009018
DEV-JD14-28,divergent,exact_or_related,66.70075333333334,57.98562952380962,-8.715123809523718,8.715123809523718
DEV-JD14-29,divergent,exact_or_related,74.32019333333346,75.28454000000005,0.9643466666665859,0.9643466666665859
DEV-JD14-30,exact_or_related,adjacent,73.13690000000005,74.8752200000001,1.7383200000000443,1.7383200000000443
DEV-JD14-31,exact_or_related,adjacent,82.94519999999967,81.95531999999983,-0.9898799999998431,0.9898799999998431
DEV-JD14-32,exact_or_related,adjacent,74.54546666666667,74.3950309523809,-0.15043571428576286,0.15043571428576286
DEV-JD14-33,adjacent,divergent,58.1052666666665,59.31003333333328,1.204766666666778,1.204766666666778
DEV-JD14-34,exact_or_related,adjacent,65.16829428571423,63.64472857142853,-1.523565714285695,1.523565714285695
DEV-JD14-35,adjacent,divergent,81.11891999999986,80.14786666666663,-0.9710533333332307,0.9710533333332307
DEV-JD14-36,exact_or_related,adjacent,57.335980000000134,62.17843333333332,4.842453333333182,4.842453333333182
DEV-JD14-37,exact_or_related,adjacent,74.10857643578647,70.4264073015872,-3.6821691341992704,3.6821691341992704
DEV-JD14-38,exact_or_related,adjacent,74.10857643578647,70.4264073015872,-3.6821691341992704,3.6821691341992704
DEV-JD14-39,exact_or_related,adjacent,77.32759999999996,79.83483999999986,2.5072399999998964,2.5072399999998964
DEV-JD14-40,exact_or_related,adjacent,75.18769333333333,81.09824380952362,5.910550476190295,5.910550476190295
DEV-JD14-41,divergent,exact_or_related,77.7369133333334,75.45317523809545,-2.2837380952379505,2.2837380952379505
DEV-JD14-42,exact_or_related,adjacent,70.49251333333338,68.87098666666672,-1.6215266666666537,1.6215266666666537
DEV-JD14-43,adjacent,divergent,66.89913333333332,72.39349428571406,5.494360952380731,5.494360952380731
DEV-JD14-44,divergent,exact_or_related,77.8751199999999,74.52712000000017,-3.347999999999729,3.347999999999729
DEV-JD14-45,exact_or_related,adjacent,74.64995380952378,74.9418304761902,0.2918766666664254,0.2918766666664254
DEV-JD14-46,exact_or_related,adjacent,70.84906666666669,70.7743504761903,-0.07471619047638,0.07471619047638
DEV-JD14-47,adjacent,divergent,77.95220000000022,76.90179999999972,-1.0504000000004936,1.0504000000004936
DEV-JD14-48,exact_or_related,adjacent,57.907212857142824,64.39843523809508,6.491222380952252,6.491222380952252
DEV-JD14-49,divergent,exact_or_related,59.35239999999984,64.42203333333325,5.069633333333407,5.069633333333407
DEV-JD14-50,exact_or_related,adjacent,79.60039999999968,79.34391999999988,-0.2564799999997973,0.2564799999997973
DEV-JD14-51,adjacent,divergent,66.00531333333326,66.43489999999994,0.42958666666667966,0.42958666666667966
DEV-JD14-52,exact_or_related,adjacent,59.26436000000007,62.3792266666667,3.114866666666636,3.114866666666636
DEV-JD14-53,exact_or_related,adjacent,64.98519238095233,73.20505523809531,8.219862857142985,8.219862857142985
DEV-JD14-54,exact_or_related,adjacent,70.31486538239541,73.25530287157292,2.940437489177512,2.940437489177512
DEV-JD14-55,divergent,exact_or_related,59.183500000000166,61.11859999999997,1.9350999999998066,1.9350999999998066
DEV-JD14-56,divergent,exact_or_related,82.31578666666664,76.90374952380948,-5.412037142857159,5.412037142857159
DEV-JD14-57,divergent,exact_or_related,74.01212952380958,74.04851619047598,0.036386666666402334,0.036386666666402334
DEV-JD14-58,exact_or_related,adjacent,62.52647333333351,64.02860666666675,1.5021333333332336,1.5021333333332336
DEV-JD14-59,adjacent,divergent,56.39025523809509,59.47853333333336,3.088278095238273,3.088278095238273
DEV-JD14-60,exact_or_related,adjacent,76.90374952380948,80.6436666666664,3.7399171428569247,3.7399171428569247
DEV-JD14-61,exact_or_related,adjacent,77.27239999999999,79.7507000000001,2.478300000000104,2.478300000000104
DEV-JD14-62,exact_or_related,adjacent,82.06643904761904,79.18937047619045,-2.8770685714285946,2.8770685714285946
DEV-JD14-63,exact_or_related,adjacent,58.386686666666805,60.966500000000046,2.5798133333332416,2.5798133333332416
DEV-JD14-64,exact_or_related,adjacent,60.521249711399754,60.513163838383846,-0.008085873015907907,0.008085873015907907
DEV-JD14-65,exact_or_related,adjacent,64.12339333333337,66.00531333333326,1.8819199999998943,1.8819199999998943
DEV-JD14-66,exact_or_related,adjacent,70.61878666666674,67.23123619047615,-3.387550476190583,3.387550476190583
DEV-JD14-67,divergent,exact_or_related,82.15311999999999,77.93520000000002,-4.217919999999964,4.217919999999964
DEV-JD14-68,divergent,exact_or_related,68.1931504761907,65.72877523809525,-2.4643752380954425,2.4643752380954425
DEV-JD14-69,adjacent,divergent,78.59232000000003,78.28693333333352,-0.30538666666650727,0.30538666666650727
DEV-JD14-70,divergent,exact_or_related,75.86179999999997,78.77999999999977,2.9181999999998,2.9181999999998
DEV-JD14-71,adjacent,divergent,84.11315999999994,84.05575999999972,-0.05740000000021439,0.05740000000021439
DEV-JD14-72,exact_or_related,adjacent,78.73080000000019,81.50239999999982,2.771599999999637,2.771599999999637
DEV-JD14-73,exact_or_related,adjacent,67.13564190476195,74.07381523809529,6.938173333333339,6.938173333333339
DEV-JD14-74,exact_or_related,adjacent,75.11624666666685,76.10888000000003,0.992633333333174,0.992633333333174
DEV-JD14-75,exact_or_related,adjacent,60.731313333333354,60.95264666666667,0.22133333333331962,0.22133333333331962
DEV-JD14-76,adjacent,divergent,84.39636666666661,83.6183133333333,-0.778053333333304,0.778053333333304
DEV-JD14-77,exact_or_related,adjacent,78.48320000000004,79.50350000000012,1.020300000000077,1.020300000000077
DEV-JD14-78,exact_or_related,adjacent,69.67978476190476,68.79984095238096,-0.8799438095237946,0.8799438095237946
DEV-JD14-79,exact_or_related,adjacent,72.56684000000013,67.00762666666664,-5.5592133333334885,5.5592133333334885
DEV-JD14-80,exact_or_related,adjacent,75.2548000000002,77.18949333333343,1.9346933333332288,1.9346933333332288
DEV-JD14-81,exact_or_related,adjacent,79.07559999999981,78.50319999999985,-0.5723999999999592,0.5723999999999592
DEV-JD14-82,exact_or_related,adjacent,77.93520000000002,81.01204000000001,3.07683999999999,3.07683999999999
DEV-JD14-83,divergent,exact_or_related,69.16240000000026,66.19409714285734,-2.968302857142916,2.968302857142916
DEV-JD14-84,adjacent,divergent,78.65964000000004,75.86439999999982,-2.79524000000022,2.79524000000022
DEV-JD14-85,adjacent,divergent,82.23640000000023,82.08944,-0.14696000000023446,0.14696000000023446
DEV-JD14-86,adjacent,divergent,62.17843333333332,65.19105333333326,3.0126199999999415,3.0126199999999415
DEV-JD14-87,exact_or_related,adjacent,61.11859999999997,58.72460000000002,-2.3939999999999557,2.3939999999999557
DEV-JD14-88,adjacent,divergent,77.06666666666669,77.94301333333343,0.8763466666667341,0.8763466666667341
DEV-JD14-89,adjacent,divergent,68.79984095238096,68.88370666666654,0.08386571428557943,0.08386571428557943
DEV-JD14-90,exact_or_related,adjacent,75.66637523809545,77.06666666666669,1.4002914285712365,1.4002914285712365
DEV-JD14-91,exact_or_related,adjacent,81.95680000000027,81.47390000000017,-0.48290000000010025,0.48290000000010025
DEV-JD14-92,divergent,exact_or_related,83.54884285714277,82.76360000000004,-0.7852428571427339,0.7852428571427339
DEV-JD14-93,adjacent,divergent,70.4264073015872,69.52354730158741,-0.9028599999997908,0.9028599999997908
DEV-JD14-94,adjacent,divergent,81.09824380952362,82.6144314285714,1.5161876190477699,1.5161876190477699
DEV-JD14-95,exact_or_related,adjacent,70.44120666666664,67.96810000000002,-2.4731066666666237,2.4731066666666237
DEV-JD14-96,exact_or_related,adjacent,81.86468666666676,82.82684000000005,0.9621533333332906,0.9621533333332906
DEV-JD14-97,adjacent,divergent,63.25319999999981,59.59859999999991,-3.6545999999998955,3.6545999999998955
DEV-JD14-98,exact_or_related,adjacent,71.41158253968277,70.0540444444446,-1.3575380952381693,1.3575380952381693
DEV-JD14-99,divergent,exact_or_related,82.6144314285714,75.18769333333333,-7.426738095238065,7.426738095238065
DEV-JD14-100,exact_or_related,adjacent,83.2447999999998,82.96071999999988,-0.28407999999991773,0.28407999999991773
CE-JD15-01,exact_or_related,adjacent,72.8775380952381,71.18371999999998,-1.6938180952381146,1.6938180952381146
CE-JD15-02,divergent,exact_or_related,67.36730666666655,69.19639333333339,1.8290866666668393,1.8290866666668393
CE-JD15-03,divergent,exact_or_related,75.62244460317457,67.13564190476195,-8.486802698412617,8.486802698412617
CE-JD15-04,exact_or_related,adjacent,70.31486538239541,73.25530287157292,2.940437489177512,2.940437489177512
CE-JD15-05,divergent,exact_or_related,71.18974666666674,76.61686000000019,5.427113333333452,5.427113333333452
CE-JD15-06,divergent,exact_or_related,60.13210000000001,57.373259999999824,-2.758840000000184,2.758840000000184
CE-JD15-07,exact_or_related,adjacent,60.521249711399754,60.513163838383846,-0.008085873015907907,0.008085873015907907
CE-JD15-08,exact_or_related,adjacent,64.53658666666675,58.69819999999989,-5.838386666666857,5.838386666666857
CE-JD15-09,exact_or_related,adjacent,64.98519238095233,73.20505523809531,8.219862857142985,8.219862857142985
CE-JD15-10,exact_or_related,adjacent,65.54845698412697,63.150134761904745,-2.3983222222222267,2.3983222222222267
CE-JD15-11,exact_or_related,adjacent,80.11687999999977,77.4036799999999,-2.7131999999998726,2.7131999999998726
CE-JD15-12,adjacent,divergent,66.12699825396815,65.96603666666668,-0.1609615873014718,0.1609615873014718
CE-JD15-13,exact_or_related,adjacent,76.61686000000019,73.44642666666681,-3.170433333333378,3.170433333333378
CE-JD15-14,exact_or_related,adjacent,65.81583666666687,67.21020000000016,1.3943633333332883,1.3943633333332883
CE-JD15-15,exact_or_related,adjacent,62.93321999999985,64.56035333333321,1.6271333333333615,1.6271333333333615
CE-JD15-16,adjacent,divergent,77.38402666666664,80.0832,2.6991733333333627,2.6991733333333627
CE-JD15-17,adjacent,divergent,74.9418304761902,70.67050666666674,-4.271323809523466,4.271323809523466
CE-JD15-18,exact_or_related,adjacent,67.54377619047624,69.44167619047624,1.897900000000007,1.897900000000007
CE-JD15-19,exact_or_related,adjacent,76.31840000000015,78.59232000000003,2.273919999999876,2.273919999999876
CE-JD15-20,adjacent,divergent,75.88160000000018,74.44239999999998,-1.4392000000001985,1.4392000000001985
CE-JD15-21,exact_or_related,adjacent,75.45317523809545,76.51706666666665,1.0638914285711962,1.0638914285711962
CE-JD15-22,exact_or_related,adjacent,65.72877523809525,68.36309333333345,2.6343180952382,2.6343180952382
CE-JD15-23,divergent,exact_or_related,84.05575999999972,80.17690666666665,-3.878853333333069,3.878853333333069
CE-JD15-24,exact_or_related,adjacent,74.10857643578647,70.4264073015872,-3.6821691341992704,3.6821691341992704
CE-JD15-25,divergent,exact_or_related,71.69805333333302,78.68067999999982,6.982626666666803,6.982626666666803
CE-JD15-26,divergent,exact_or_related,78.00759999999994,78.7380000000001,0.7304000000001594,0.7304000000001594
CE-JD15-27,adjacent,divergent,68.87098666666672,68.66763999999995,-0.20334666666677492,0.20334666666677492
CE-JD15-28,adjacent,divergent,79.0273199999999,76.89499999999995,-2.1323199999999503,2.1323199999999503
CE-JD15-29,exact_or_related,adjacent,70.31486538239541,73.25530287157292,2.940437489177512,2.940437489177512
CE-JD15-30,adjacent,divergent,76.51706666666665,77.7369133333334,1.2198466666667542,1.2198466666667542
CE-JD15-31,divergent,exact_or_related,75.62244460317457,67.13564190476195,-8.486802698412617,8.486802698412617
CE-JD15-32,adjacent,divergent,82.96200000000016,78.08640000000005,-4.875600000000105,4.875600000000105
CE-JD15-33,adjacent,divergent,70.5734095238094,74.01212952380958,3.438720000000174,3.438720000000174
CE-JD15-34,adjacent,divergent,63.79149999999981,59.35239999999984,-4.439099999999968,4.439099999999968
CE-JD15-35,exact_or_related,adjacent,68.33797333333322,66.7030666666666,-1.6349066666666232,1.6349066666666232
CE-JD15-36,adjacent,divergent,72.90980666666688,69.16240000000026,-3.7474066666666204,3.7474066666666204
CE-JD15-37,exact_or_related,adjacent,83.67950000000032,83.46910000000018,-0.21040000000013492,0.21040000000013492
CE-JD15-38,exact_or_related,adjacent,81.96160000000009,82.0783000000001,0.11670000000000869,0.11670000000000869
CE-JD15-39,exact_or_related,adjacent,81.42153333333341,84.39636666666661,2.974833333333194,2.974833333333194
CE-JD15-40,divergent,exact_or_related,82.05813333333361,80.42680000000016,-1.6313333333334583,1.6313333333334583
CE-JD15-41,exact_or_related,adjacent,77.39800000000015,79.1401999999999,1.742199999999741,1.742199999999741
CE-JD15-42,exact_or_related,adjacent,79.16359999999978,79.7226199999999,0.5590200000001317,0.5590200000001317
CE-JD15-43,adjacent,divergent,60.29492000000009,63.93372666666672,3.638806666666632,3.638806666666632
CE-JD15-44,exact_or_related,adjacent,70.31486538239541,73.25530287157292,2.940437489177512,2.940437489177512
CE-JD15-45,adjacent,divergent,83.13710000000006,79.11079999999993,-4.026300000000134,4.026300000000134
CE-JD15-46,exact_or_related,adjacent,59.759519999999966,61.93372000000006,2.1742000000000914,2.1742000000000914
CE-JD15-47,divergent,exact_or_related,71.71129619047618,68.1472628571428,-3.56403333333337,3.56403333333337
CE-JD15-48,divergent,exact_or_related,67.36730666666655,69.19639333333339,1.8290866666668393,1.8290866666668393
CE-JD15-49,adjacent,divergent,78.63780000000001,76.41027999999983,-2.227520000000183,2.227520000000183
CE-JD15-50,exact_or_related,adjacent,78.65959999999978,77.49652000000009,-1.1630799999996952,1.1630799999996952
CE-JD15-51,divergent,exact_or_related,69.16050523809541,68.86114786435795,-0.2993573737374646,0.2993573737374646
CE-JD15-52,exact_or_related,adjacent,75.18769333333333,81.09824380952362,5.910550476190295,5.910550476190295
CE-JD15-53,adjacent,divergent,80.6436666666664,82.31578666666664,1.672120000000234,1.672120000000234
CE-JD15-54,adjacent,divergent,66.12699825396815,65.96603666666668,-0.1609615873014718,0.1609615873014718
CE-JD15-55,exact_or_related,adjacent,75.63819999999977,77.6074,1.969200000000228,1.969200000000228
CE-JD15-56,adjacent,divergent,79.08923999999999,80.02439999999987,0.9351599999998825,0.9351599999998825
CE-JD15-57,adjacent,divergent,78.21520380952379,75.00270666666644,-3.2124971428573446,3.2124971428573446
CE-JD15-58,adjacent,divergent,63.70853333333317,65.66080000000024,1.9522666666670645,1.9522666666670645
CE-JD15-59,exact_or_related,adjacent,70.44120666666664,67.96810000000002,-2.4731066666666237,2.4731066666666237
CE-JD15-60,exact_or_related,adjacent,74.64995380952378,74.9418304761902,0.2918766666664254,0.2918766666664254
CE-JD15-61,exact_or_related,adjacent,75.18769333333333,81.09824380952362,5.910550476190295,5.910550476190295
CE-JD15-62,exact_or_related,adjacent,72.77839999999992,79.08923999999999,6.31084000000007,6.31084000000007
CE-JD15-63,exact_or_related,adjacent,74.64995380952378,74.9418304761902,0.2918766666664254,0.2918766666664254
CE-JD15-64,exact_or_related,adjacent,69.45042000000001,63.70853333333317,-5.7418866666668364,5.7418866666668364
CE-JD15-65,exact_or_related,adjacent,83.76679999999983,83.51871999999989,-0.2480799999999448,0.2480799999999448
CE-JD15-66,divergent,exact_or_related,81.02148,79.08592000000002,-1.935559999999981,1.935559999999981
CE-JD15-67,exact_or_related,adjacent,58.81936666666679,61.25350000000004,2.43413333333325,2.43413333333325
CE-JD15-68,divergent,exact_or_related,72.39349428571406,70.3179341025641,-2.0755601831499604,2.0755601831499604
CE-JD15-69,adjacent,divergent,66.89913333333332,72.39349428571406,5.494360952380731,5.494360952380731
CE-JD15-70,exact_or_related,adjacent,83.67039999999996,80.99659999999994,-2.673800000000014,2.673800000000014
CE-JD15-71,exact_or_related,adjacent,64.42203333333325,63.79149999999981,-0.6305333333334389,0.6305333333334389
CE-JD15-72,exact_or_related,adjacent,69.67978476190476,68.79984095238096,-0.8799438095237946,0.8799438095237946
CE-JD15-73,divergent,exact_or_related,68.84889999999979,70.61878666666674,1.7698866666669488,1.7698866666669488
CE-JD15-74,exact_or_related,adjacent,77.29999999999984,76.1421,-1.1578999999998416,1.1578999999998416
CE-JD15-75,adjacent,divergent,84.11315999999994,84.05575999999972,-0.05740000000021439,0.05740000000021439
CE-JD15-76,divergent,exact_or_related,68.66763999999995,70.49251333333338,1.8248733333334286,1.8248733333334286
CE-JD15-77,exact_or_related,adjacent,79.60039999999968,79.34391999999988,-0.2564799999997973,0.2564799999997973
CE-JD15-78,exact_or_related,adjacent,71.82122666666663,73.19034428571422,1.3691176190475858,1.3691176190475858
CE-JD15-79,adjacent,divergent,70.5734095238094,74.01212952380958,3.438720000000174,3.438720000000174
CE-JD15-80,adjacent,divergent,67.20485333333352,70.69465333333336,3.489799999999846,3.489799999999846
CE-JD15-81,exact_or_related,adjacent,72.56684000000013,67.00762666666664,-5.5592133333334885,5.5592133333334885
CE-JD15-82,divergent,exact_or_related,75.86439999999982,79.123,3.258600000000186,3.258600000000186
CE-JD15-83,exact_or_related,adjacent,74.10857643578647,70.4264073015872,-3.6821691341992704,3.6821691341992704
CE-JD15-84,exact_or_related,adjacent,58.386686666666805,60.966500000000046,2.5798133333332416,2.5798133333332416
CE-JD15-85,exact_or_related,adjacent,59.26436000000007,62.3792266666667,3.114866666666636,3.114866666666636
CE-JD15-86,divergent,exact_or_related,75.62244460317457,67.13564190476195,-8.486802698412617,8.486802698412617
CE-JD15-87,adjacent,divergent,67.21020000000016,65.57640000000026,-1.6337999999998942,1.6337999999998942
CE-JD15-88,exact_or_related,adjacent,65.26212523809522,66.12699825396815,0.8648730158729308,0.8648730158729308
CE-JD15-89,exact_or_related,adjacent,75.18769333333333,81.09824380952362,5.910550476190295,5.910550476190295
CE-JD15-90,exact_or_related,adjacent,67.13564190476195,74.07381523809529,6.938173333333339,6.938173333333339
CE-JD15-91,adjacent,divergent,78.63780000000001,76.41027999999983,-2.227520000000183,2.227520000000183
CE-JD15-92,exact_or_related,adjacent,72.56684000000013,67.00762666666664,-5.5592133333334885,5.5592133333334885
CE-JD15-93,exact_or_related,adjacent,78.25999999999996,77.8887199999999,-0.37128000000005557,0.37128000000005557
CE-JD15-94,exact_or_related,adjacent,65.26212523809522,66.12699825396815,0.8648730158729308,0.8648730158729308
CE-JD15-95,adjacent,divergent,65.10635999999987,65.26568666666653,0.15932666666665796,0.15932666666665796
CE-JD15-96,exact_or_related,adjacent,68.63345333333322,66.06766666666651,-2.5657866666667104,2.5657866666667104
CE-JD15-97,exact_or_related,adjacent,75.28454000000005,73.87568666666678,-1.4088533333332691,1.4088533333332691
CE-JD15-98,exact_or_related,adjacent,66.19409714285734,72.90980666666688,6.715709523809537,6.715709523809537
CE-JD15-99,adjacent,divergent,70.7743504761903,74.42098666666685,3.646636190476542,3.646636190476542
CE-JD15-100,exact_or_related,adjacent,65.26212523809522,66.12699825396815,0.8648730158729308,0.8648730158729308
SRE-JD16-01,exact_or_related,adjacent,65.26212523809522,66.12699825396815,0.8648730158729308,0.8648730158729308
SRE-JD16-02,exact_or_related,adjacent,74.10857643578647,70.4264073015872,-3.6821691341992704,3.6821691341992704
SRE-JD16-03,divergent,exact_or_related,69.52354730158741,74.10857643578647,4.585029134199061,4.585029134199061
SRE-JD16-04,exact_or_related,adjacent,74.10857643578647,70.4264073015872,-3.6821691341992704,3.6821691341992704
SRE-JD16-05,adjacent,divergent,61.682040000000086,60.13210000000001,-1.5499400000000776,1.5499400000000776
SRE-JD16-06,divergent,exact_or_related,79.83070666666657,81.31199999999986,1.4812933333332836,1.4812933333332836
SRE-JD16-07,exact_or_related,adjacent,64.12339333333337,66.00531333333326,1.8819199999998943,1.8819199999998943
SRE-JD16-08,exact_or_related,adjacent,77.51640000000005,78.92271999999997,1.4063199999999227,1.4063199999999227
SRE-JD16-09,exact_or_related,adjacent,64.12339333333337,66.00531333333326,1.8819199999998943,1.8819199999998943
SRE-JD16-10,divergent,exact_or_related,66.15359999999973,68.33797333333322,2.1843733333334967,2.1843733333334967
SRE-JD16-11,exact_or_related,adjacent,65.27079333333333,57.723959999999856,-7.546833333333474,7.546833333333474
SRE-JD16-12,exact_or_related,adjacent,74.04851619047598,70.5734095238094,-3.4751066666665764,3.4751066666665764
SRE-JD16-13,adjacent,divergent,57.723959999999856,59.91940000000001,2.195440000000154,2.195440000000154
SRE-JD16-14,divergent,exact_or_related,63.32560000000014,65.54845698412697,2.222856984126828,2.222856984126828
SRE-JD16-15,divergent,exact_or_related,75.33660000000009,81.13200000000023,5.795400000000143,5.795400000000143
SRE-JD16-16,exact_or_related,adjacent,80.41040000000024,81.41240000000015,1.00199999999991,1.00199999999991
SRE-JD16-17,exact_or_related,adjacent,75.28454000000005,73.87568666666678,-1.4088533333332691,1.4088533333332691
SRE-JD16-18,exact_or_related,adjacent,63.37820666666684,65.45832666666666,2.080119999999823,2.080119999999823
SRE-JD16-19,exact_or_related,adjacent,79.43379999999992,78.63780000000001,-0.795999999999907,0.795999999999907
SRE-JD16-20,exact_or_related,adjacent,63.443359999999835,61.070159999999966,-2.373199999999869,2.373199999999869
SRE-JD16-21,exact_or_related,adjacent,65.16829428571423,63.64472857142853,-1.523565714285695,1.523565714285695
SRE-JD16-22,adjacent,divergent,77.46639333333341,77.8751199999999,0.4087266666664817,0.4087266666664817
SRE-JD16-23,adjacent,divergent,76.09231999999999,79.45096000000001,3.3586400000000225,3.3586400000000225
SRE-JD16-24,exact_or_related,adjacent,79.27790000000002,83.13710000000006,3.859200000000044,3.859200000000044
SRE-JD16-25,exact_or_related,adjacent,78.81866666666664,76.09231999999999,-2.7263466666666574,2.7263466666666574
SRE-JD16-26,exact_or_related,adjacent,60.66403365079349,61.466015873015735,0.801982222222243,0.801982222222243
SRE-JD16-27,adjacent,divergent,74.07381523809529,75.62244460317457,1.5486293650792788,1.5486293650792788
SRE-JD16-28,adjacent,divergent,78.21520380952379,75.00270666666644,-3.2124971428573446,3.2124971428573446
SRE-JD16-29,divergent,exact_or_related,74.42098666666685,70.84906666666669,-3.571920000000162,3.571920000000162
SRE-JD16-30,exact_or_related,adjacent,72.8775380952381,71.18371999999998,-1.6938180952381146,1.6938180952381146
SRE-JD16-31,adjacent,divergent,66.12699825396815,65.96603666666668,-0.1609615873014718,0.1609615873014718
SRE-JD16-32,exact_or_related,adjacent,72.89630047619049,71.25367,-1.6426304761904902,1.6426304761904902
SRE-JD16-33,divergent,exact_or_related,77.05459999999971,78.80399999999985,1.7494000000001364,1.7494000000001364
SRE-JD16-34,divergent,exact_or_related,79.36700000000012,76.55953333333348,-2.8074666666666417,2.8074666666666417
SRE-JD16-35,divergent,exact_or_related,75.29978666666634,80.11687999999977,4.817093333333432,4.817093333333432
SRE-JD16-36,exact_or_related,adjacent,74.76280000000024,76.27692000000016,1.5141199999999202,1.5141199999999202
SRE-JD16-37,exact_or_related,adjacent,69.67978476190476,68.79984095238096,-0.8799438095237946,0.8799438095237946
SRE-JD16-38,exact_or_related,adjacent,57.373259999999824,61.682040000000086,4.308780000000262,4.308780000000262
SRE-JD16-39,divergent,exact_or_related,81.02148,79.08592000000002,-1.935559999999981,1.935559999999981
SRE-JD16-40,exact_or_related,adjacent,58.323899999999796,61.825799999999795,3.501899999999999,3.501899999999999
SRE-JD16-41,exact_or_related,adjacent,70.31544666666674,73.48736238095236,3.1719157142856176,3.1719157142856176
SRE-JD16-42,divergent,exact_or_related,80.5587000000002,80.25538000000007,-0.30332000000012727,0.30332000000012727
SRE-JD16-43,exact_or_related,adjacent,76.7836000000002,74.51739999999978,-2.266200000000424,2.266200000000424
SRE-JD16-44,divergent,exact_or_related,66.12488380952396,70.31544666666674,4.19056285714278,4.19056285714278
SRE-JD16-45,divergent,exact_or_related,71.18974666666674,76.61686000000019,5.427113333333452,5.427113333333452
SRE-JD16-46,exact_or_related,adjacent,70.44268571428563,76.2919257142857,5.849240000000066,5.849240000000066
SRE-JD16-47,exact_or_related,adjacent,70.31486538239541,73.25530287157292,2.940437489177512,2.940437489177512
SRE-JD16-48,exact_or_related,adjacent,65.54845698412697,63.150134761904745,-2.3983222222222267,2.3983222222222267
SRE-JD16-49,exact_or_related,adjacent,72.23339999999992,77.15263999999999,4.919240000000073,4.919240000000073
SRE-JD16-50,divergent,exact_or_related,69.88099999999977,70.44120666666664,0.5602066666668719,0.5602066666668719
SRE-JD16-51,adjacent,divergent,58.716133333333275,59.513733333333384,0.7976000000001093,0.7976000000001093
SRE-JD16-52,adjacent,divergent,71.0301028571428,69.16050523809541,-1.8695976190473829,1.8695976190473829
SRE-JD16-53,exact_or_related,adjacent,70.44120666666664,67.96810000000002,-2.4731066666666237,2.4731066666666237
SRE-JD16-54,exact_or_related,adjacent,74.64995380952378,74.9418304761902,0.2918766666664254,0.2918766666664254
SRE-JD16-55,divergent,exact_or_related,83.54884285714277,82.76360000000004,-0.7852428571427339,0.7852428571427339
SRE-JD16-56,exact_or_related,adjacent,64.53658666666675,58.69819999999989,-5.838386666666857,5.838386666666857
SRE-JD16-57,exact_or_related,adjacent,70.44120666666664,67.96810000000002,-2.4731066666666237,2.4731066666666237
SRE-JD16-58,adjacent,divergent,75.88160000000018,74.44239999999998,-1.4392000000001985,1.4392000000001985
SRE-JD16-59,exact_or_related,adjacent,72.56684000000013,67.00762666666664,-5.5592133333334885,5.5592133333334885
SRE-JD16-60,exact_or_related,adjacent,72.56684000000013,67.00762666666664,-5.5592133333334885,5.5592133333334885
SRE-JD16-61,divergent,exact_or_related,82.31578666666664,76.90374952380948,-5.412037142857159,5.412037142857159
SRE-JD16-62,exact_or_related,adjacent,62.8944999999998,58.65199999999987,-4.242499999999929,4.242499999999929
SRE-JD16-63,exact_or_related,adjacent,68.63345333333322,66.06766666666651,-2.5657866666667104,2.5657866666667104
SRE-JD16-64,divergent,exact_or_related,74.15680000000013,77.9684000000002,3.8116000000000696,3.8116000000000696
SRE-JD16-65,adjacent,divergent,71.0301028571428,69.16050523809541,-1.8695976190473829,1.8695976190473829
SRE-JD16-66,divergent,exact_or_related,65.66080000000024,69.45042000000001,3.789619999999772,3.789619999999772
SRE-JD16-67,adjacent,divergent,74.41760000000023,74.07880000000014,-0.3388000000000915,0.3388000000000915
SRE-JD16-68,divergent,exact_or_related,79.14853333333313,73.91680000000004,-5.231733333333096,5.231733333333096
SRE-JD16-69,exact_or_related,adjacent,82.06567904761901,79.27639714285714,-2.7892819047618786,2.7892819047618786
SRE-JD16-70,exact_or_related,adjacent,78.11280666666667,77.07387333333334,-1.0389333333333326,1.0389333333333326
SRE-JD16-71,exact_or_related,adjacent,65.72877523809525,68.36309333333345,2.6343180952382,2.6343180952382
SRE-JD16-72,exact_or_related,adjacent,72.8775380952381,71.18371999999998,-1.6938180952381146,1.6938180952381146
SRE-JD16-73,adjacent,divergent,73.48736238095236,66.12488380952396,-7.362478571428397,7.362478571428397
SRE-JD16-74,exact_or_related,adjacent,74.64995380952378,74.9418304761902,0.2918766666664254,0.2918766666664254
SRE-JD16-75,adjacent,divergent,70.7743504761903,74.42098666666685,3.646636190476542,3.646636190476542
SRE-JD16-76,exact_or_related,adjacent,67.54377619047624,69.44167619047624,1.897900000000007,1.897900000000007
SRE-JD16-77,exact_or_related,adjacent,75.18769333333333,81.09824380952362,5.910550476190295,5.910550476190295
SRE-JD16-78,exact_or_related,adjacent,78.34065333333335,82.23640000000023,3.8957466666668807,3.8957466666668807
SRE-JD16-79,adjacent,divergent,73.48736238095236,66.12488380952396,-7.362478571428397,7.362478571428397
SRE-JD16-80,adjacent,divergent,71.18371999999998,73.23803238095219,2.0543123809522115,2.0543123809522115
SRE-JD16-81,exact_or_related,adjacent,80.31620666666667,77.79162000000012,-2.5245866666665506,2.5245866666665506
SRE-JD16-82,adjacent,divergent,76.13330000000002,79.65200285714283,3.518702857142813,3.518702857142813
SRE-JD16-83,adjacent,divergent,83.44159999999967,83.04693333333314,-0.3946666666665237,0.3946666666665237
SRE-JD16-84,exact_or_related,adjacent,81.86468666666676,82.82684000000005,0.9621533333332906,0.9621533333332906
SRE-JD16-85,exact_or_related,adjacent,78.7380000000001,77.56344000000006,-1.1745600000000422,1.1745600000000422
SRE-JD16-86,exact_or_related,adjacent,67.13564190476195,74.07381523809529,6.938173333333339,6.938173333333339
SRE-JD16-87,divergent,exact_or_related,76.90179999999972,78.78679999999984,1.8850000000001188,1.8850000000001188
SRE-JD16-88,exact_or_related,adjacent,72.8775380952381,71.18371999999998,-1.6938180952381146,1.6938180952381146
SRE-JD16-89,adjacent,divergent,73.48736238095236,66.12488380952396,-7.362478571428397,7.362478571428397
SRE-JD16-90,exact_or_related,adjacent,70.84906666666669,70.7743504761903,-0.07471619047638,0.07471619047638
SRE-JD16-91,adjacent,divergent,64.39843523809508,63.06645333333322,-1.3319819047618537,1.3319819047618537
SRE-JD16-92,exact_or_related,adjacent,76.1277999999998,78.16708000000007,2.039280000000275,2.039280000000275
SRE-JD16-93,exact_or_related,adjacent,82.06567904761901,79.27639714285714,-2.7892819047618786,2.7892819047618786
SRE-JD16-94,exact_or_related,adjacent,70.61878666666674,67.23123619047615,-3.387550476190583,3.387550476190583
SRE-JD16-95,exact_or_related,adjacent,74.53474285714293,75.37491619047624,0.8401733333333112,0.8401733333333112
SRE-JD16-96,adjacent,divergent,63.79149999999981,59.35239999999984,-4.439099999999968,4.439099999999968
SRE-JD16-97,exact_or_related,adjacent,75.46272000000002,80.44400000000017,4.9812800000001545,4.9812800000001545
SRE-JD16-98,exact_or_related,adjacent,69.45042000000001,63.70853333333317,-5.7418866666668364,5.7418866666668364
SRE-JD16-99,adjacent,divergent,74.6909999999999,78.50979999999993,3.8188000000000244,3.8188000000000244
SRE-JD16-100,adjacent,divergent,76.09231999999999,79.45096000000001,3.3586400000000225,3.3586400000000225
QA-JD17-01,divergent,exact_or_related,70.88623142857155,68.96925714285719,-1.9169742857143603,1.9169742857143603
QA-JD17-02,adjacent,divergent,67.1457234920636,65.32497301587291,-1.8207504761906819,1.8207504761906819
QA-JD17-03,exact_or_related,adjacent,73.87352666666662,73.9255933333333,0.05206666666667559,0.05206666666667559
QA-JD17-04,exact_or_related,adjacent,71.1495485714286,70.78835190476188,-0.36119666666671435,0.36119666666671435
QA-JD17-05,exact_or_related,adjacent,65.72699111111109,68.94121111111122,3.2142200000001253,3.2142200000001253
QA-JD17-06,exact_or_related,adjacent,72.35929619047624,70.05569888888886,-2.303597301587388,2.303597301587388
QA-JD17-07,divergent,exact_or_related,65.30717333333354,59.306818095238086,-6.000355238095452,6.000355238095452
QA-JD17-08,adjacent,divergent,73.18804285714309,79.63063333333348,6.442590476190389,6.442590476190389
QA-JD17-09,adjacent,divergent,78.61529999999999,81.06886666666666,2.4535666666666742,2.4535666666666742
QA-JD17-10,adjacent,divergent,69.81182666666663,69.89963333333348,0.08780666666685022,0.08780666666685022
QA-JD17-11,exact_or_related,adjacent,76.10815999999998,78.64802666666684,2.5398666666668532,2.5398666666668532
QA-JD17-12,exact_or_related,adjacent,79.91855238095242,79.08719999999998,-0.8313523809524384,0.8313523809524384
QA-JD17-13,exact_or_related,adjacent,73.12627444444443,73.93049238095261,0.8042179365081807,0.8042179365081807
QA-JD17-14,exact_or_related,adjacent,69.81007015873014,66.34455682539692,-3.46551333333322,3.46551333333322
QA-JD17-15,exact_or_related,adjacent,70.01783444444442,65.02707238095256,-4.990762063491857,4.990762063491857
QA-JD17-16,exact_or_related,adjacent,71.1495485714286,70.78835190476188,-0.36119666666671435,0.36119666666671435
QA-JD17-17,exact_or_related,adjacent,61.298966666666914,66.09493333333339,4.795966666666473,4.795966666666473
QA-JD17-18,exact_or_related,adjacent,74.98694000000012,76.65374,1.6667999999998813,1.6667999999998813
QA-JD17-19,exact_or_related,adjacent,73.3973353391053,73.76315968253947,0.3658243434341699,0.3658243434341699
QA-JD17-20,adjacent,divergent,69.81182666666663,69.89963333333348,0.08780666666685022,0.08780666666685022
QA-JD17-21,exact_or_related,adjacent,70.11070476190456,72.09058476190461,1.9798800000000512,1.9798800000000512
QA-JD17-22,exact_or_related,adjacent,74.98694000000012,76.65374,1.6667999999998813,1.6667999999998813
QA-JD17-23,adjacent,divergent,66.76739999999992,63.659866666666666,-3.107533333333258,3.107533333333258
QA-JD17-24,divergent,exact_or_related,75.11048,76.36871539682545,1.2582353968254552,1.2582353968254552
QA-JD17-25,exact_or_related,adjacent,73.1784866666667,74.53718095238096,1.3586942857142645,1.3586942857142645
QA-JD17-26,adjacent,divergent,80.51277333333327,80.1401733333333,-0.37259999999997717,0.37259999999997717
QA-JD17-27,exact_or_related,adjacent,59.03741015873028,65.40205238095245,6.364642222222173,6.364642222222173
QA-JD17-28,adjacent,divergent,68.35143809523825,66.1206952380954,-2.2307428571428574,2.2307428571428574
QA-JD17-29,adjacent,divergent,73.93049238095261,67.51465904761925,-6.415833333333367,6.415833333333367
QA-JD17-30,divergent,exact_or_related,63.659866666666666,57.26259047619064,-6.397276190476028,6.397276190476028
QA-JD17-31,adjacent,divergent,69.81182666666663,69.89963333333348,0.08780666666685022,0.08780666666685022
QA-JD17-32,exact_or_related,adjacent,74.33480000000003,77.90733333333341,3.572533333333382,3.572533333333382
QA-JD17-33,exact_or_related,adjacent,79.88871904761909,78.61529999999999,-1.2734190476191003,1.2734190476191003
QA-JD17-34,exact_or_related,adjacent,74.53774000000013,73.18804285714309,-1.349697142857039,1.349697142857039
QA-JD17-35,exact_or_related,adjacent,72.11689333333332,67.97230666666684,-4.144586666666484,4.144586666666484
QA-JD17-36,adjacent,divergent,78.41665428571432,77.83582761904773,-0.5808266666665816,0.5808266666665816
QA-JD17-37,exact_or_related,adjacent,76.35647999999978,67.94407999999987,-8.412399999999906,8.412399999999906
QA-JD17-38,exact_or_related,adjacent,68.84835142857148,68.41966571428584,-0.42868571428563484,0.42868571428563484
QA-JD17-39,exact_or_related,adjacent,63.269313333333365,65.38805333333352,2.1187400000001517,2.1187400000001517
QA-JD17-40,adjacent,divergent,76.26328380952383,81.10160000000003,4.838316190476206,4.838316190476206
QA-JD17-41,exact_or_related,adjacent,59.03741015873028,65.40205238095245,6.364642222222173,6.364642222222173
QA-JD17-42,exact_or_related,adjacent,75.69053333333358,75.07913333333343,-0.6114000000001454,0.6114000000001454
QA-JD17-43,adjacent,divergent,68.06246000000002,65.43464000000023,-2.6278199999997867,2.6278199999997867
QA-JD17-44,adjacent,divergent,72.7045479365077,70.98640666666664,-1.7181412698410554,1.7181412698410554
QA-JD17-45,adjacent,divergent,70.05569888888886,71.08042666666665,1.024727777777798,1.024727777777798
QA-JD17-46,exact_or_related,adjacent,76.35647999999978,67.94407999999987,-8.412399999999906,8.412399999999906
QA-JD17-47,exact_or_related,adjacent,73.92905333333336,73.34614000000008,-0.5829133333332805,0.5829133333332805
QA-JD17-48,adjacent,divergent,76.04664444444451,77.43024444444455,1.383600000000044,1.383600000000044
QA-JD17-49,exact_or_related,adjacent,73.93233333333333,74.53194,0.5996066666666735,0.5996066666666735
QA-JD17-50,divergent,exact_or_related,75.69885999999995,71.06759333333338,-4.631266666666576,4.631266666666576
QA-JD17-51,adjacent,divergent,70.81740000000009,76.46319999999994,5.645799999999852,5.645799999999852
QA-JD17-52,exact_or_related,adjacent,75.30182666666668,79.66342666666681,4.361600000000124,4.361600000000124
QA-JD17-53,exact_or_related,adjacent,83.24388333333322,75.49486666666644,-7.749016666666776,7.749016666666776
QA-JD17-54,exact_or_related,adjacent,74.94022761904768,73.60226190476185,-1.3379657142858292,1.3379657142858292
QA-JD17-55,exact_or_related,adjacent,81.58356666666674,81.46177999999996,-0.12178666666677884,0.12178666666677884
QA-JD17-56,exact_or_related,adjacent,68.57608539682543,65.4783225396827,-3.0977628571427402,3.0977628571427402
QA-JD17-57,exact_or_related,adjacent,76.65013333333334,79.2641066666668,2.613973333333462,2.613973333333462
QA-JD17-58,divergent,exact_or_related,78.68626333333333,73.49413666666666,-5.192126666666667,5.192126666666667
QA-JD17-59,adjacent,divergent,73.03250285714277,72.50474181818173,-0.5277610389610459,0.5277610389610459
QA-JD17-60,adjacent,divergent,74.7330633333332,68.0728666666666,-6.660196666666607,6.660196666666607
QA-JD17-61,exact_or_related,adjacent,69.71244476190475,63.372783809523746,-6.339660952381003,6.339660952381003
QA-JD17-62,exact_or_related,adjacent,71.1495485714286,70.78835190476188,-0.36119666666671435,0.36119666666671435
QA-JD17-63,exact_or_related,adjacent,75.19303333333346,74.2749666666669,-0.9180666666665616,0.9180666666665616
QA-JD17-64,exact_or_related,adjacent,80.94155238095242,76.89727238095234,-4.044280000000072,4.044280000000072
QA-JD17-65,exact_or_related,adjacent,73.3973353391053,73.76315968253947,0.3658243434341699,0.3658243434341699
QA-JD17-66,exact_or_related,adjacent,71.1495485714286,70.78835190476188,-0.36119666666671435,0.36119666666671435
QA-JD17-67,divergent,exact_or_related,82.7989333333334,76.43870666666668,-6.360226666666719,6.360226666666719
QA-JD17-68,adjacent,divergent,66.96802761904752,67.19215714285711,0.2241295238095944,0.2241295238095944
QA-JD17-69,exact_or_related,adjacent,78.54530761904749,70.41587428571431,-8.129433333333182,8.129433333333182
QA-JD17-70,exact_or_related,adjacent,74.94022761904768,73.60226190476185,-1.3379657142858292,1.3379657142858292
QA-JD17-71,exact_or_related,adjacent,76.68756666666667,73.01131333333328,-3.676253333333392,3.676253333333392
QA-JD17-72,exact_or_related,adjacent,73.31102000000008,74.59356666666692,1.282546666666832,1.282546666666832
QA-JD17-73,exact_or_related,adjacent,68.96925714285719,73.67013238095217,4.70087523809498,4.70087523809498
QA-JD17-74,exact_or_related,adjacent,80.83514285714264,76.21855999999993,-4.616582857142717,4.616582857142717
QA-JD17-75,adjacent,divergent,66.46813999999999,64.26674000000001,-2.2013999999999783,2.2013999999999783
QA-JD17-76,divergent,exact_or_related,66.45295714285704,73.89215761904767,7.439200476190621,7.439200476190621
QA-JD17-77,exact_or_related,adjacent,81.02793333333337,80.53017999999994,-0.49775333333342076,0.49775333333342076
QA-JD17-78,adjacent,divergent,65.38805333333352,65.67750666666674,0.28945333333322765,0.28945333333322765
QA-JD17-79,adjacent,divergent,65.4783225396827,75.41556666666644,9.937244126983742,9.937244126983742
QA-JD17-80,exact_or_related,adjacent,76.6305247619048,74.72525333333307,-1.905271428571723,1.905271428571723
QA-JD17-81,adjacent,divergent,65.46960571428562,73.46512000000001,7.995514285714393,7.995514285714393
QA-JD17-82,adjacent,divergent,63.06380000000014,64.03111111111104,0.9673111111109023,0.9673111111109023
QA-JD17-83,exact_or_related,adjacent,69.41743904761886,65.46960571428562,-3.947833333333236,3.947833333333236
QA-JD17-84,adjacent,divergent,78.2138033333334,72.84049999999993,-5.373303333333467,5.373303333333467
QA-JD17-85,exact_or_related,adjacent,84.5775666666666,77.36038666666654,-7.217180000000056,7.217180000000056
QA-JD17-86,divergent,exact_or_related,72.28326666666645,73.23076571428564,0.9474990476191891,0.9474990476191891
QA-JD17-87,exact_or_related,adjacent,75.62409587301578,70.10270285714283,-5.521393015872945,5.521393015872945
QA-JD17-88,exact_or_related,adjacent,73.3973353391053,73.76315968253947,0.3658243434341699,0.3658243434341699
QA-JD17-89,exact_or_related,adjacent,69.81007015873014,66.34455682539692,-3.46551333333322,3.46551333333322
QA-JD17-90,exact_or_related,adjacent,68.06101999999991,66.4229000000001,-1.638119999999816,1.638119999999816
QA-JD17-91,divergent,exact_or_related,78.23056095238107,76.32867428571434,-1.9018866666667265,1.9018866666667265
QA-JD17-92,divergent,exact_or_related,65.22130666666654,61.010829523809655,-4.210477142856881,4.210477142856881
QA-JD17-93,exact_or_related,adjacent,80.32000000000008,80.0773400000001,-0.24265999999997234,0.24265999999997234
QA-JD17-94,exact_or_related,adjacent,79.07733333333339,80.73874095238105,1.6614076190476652,1.6614076190476652
QA-JD17-95,adjacent,divergent,74.93053761904761,78.68626333333333,3.7557257142857168,3.7557257142857168
QA-JD17-96,exact_or_related,adjacent,76.57643333333357,72.01496000000009,-4.561473333333481,4.561473333333481
QA-JD17-97,exact_or_related,adjacent,81.8871866666668,77.38879999999996,-4.498386666666846,4.498386666666846
QA-JD17-98,divergent,exact_or_related,71.4437600000001,69.42298077922062,-2.020779220779474,2.020779220779474
QA-JD17-99,divergent,exact_or_related,64.34823301587285,69.81007015873014,5.461837142857291,5.461837142857291
QA-JD17-100,exact_or_related,adjacent,61.147146666666906,65.93880000000023,4.791653333333322,4.791653333333322
ST-JD18-01,exact_or_related,adjacent,78.71176666666669,74.68041333333335,-4.0313533333333424,4.0313533333333424
ST-JD18-02,exact_or_related,adjacent,85.27302666666688,83.76021333333345,-1.5128133333334262,1.5128133333334262
ST-JD18-03,divergent,exact_or_related,79.77399999999999,79.44909333333332,-0.32490666666666357,0.32490666666666357
ST-JD18-04,exact_or_related,adjacent,69.42298077922062,67.95993839826848,-1.463042380952146,1.463042380952146
ST-JD18-05,divergent,exact_or_related,66.45295714285704,73.89215761904767,7.439200476190621,7.439200476190621
ST-JD18-06,adjacent,divergent,68.1469136796537,75.60893275613255,7.462019076478853,7.462019076478853
ST-JD18-07,adjacent,divergent,75.20983333333336,77.3585666666666,2.14873333333324,2.14873333333324
ST-JD18-08,exact_or_related,adjacent,72.93852761904759,72.7045479365077,-0.23397968253989632,0.23397968253989632
ST-JD18-09,adjacent,divergent,74.93053761904761,78.68626333333333,3.7557257142857168,3.7557257142857168
ST-JD18-10,divergent,exact_or_related,69.4068800000002,74.94022761904768,5.5333476190474755,5.5333476190474755
ST-JD18-11,exact_or_related,adjacent,80.34496666666662,82.88875333333316,2.5437866666665343,2.5437866666665343
ST-JD18-12,exact_or_related,adjacent,68.06101999999991,66.4229000000001,-1.638119999999816,1.638119999999816
ST-JD18-13,exact_or_related,adjacent,73.31102000000008,74.59356666666692,1.282546666666832,1.282546666666832
ST-JD18-14,exact_or_related,adjacent,56.695740000000214,67.03880000000024,10.343060000000023,10.343060000000023
ST-JD18-15,adjacent,divergent,68.1469136796537,75.60893275613255,7.462019076478853,7.462019076478853
ST-JD18-16,adjacent,divergent,67.01532000000003,64.2119800000001,-2.8033399999999347,2.8033399999999347
ST-JD18-17,adjacent,divergent,75.46838666666673,82.7989333333334,7.330546666666663,7.330546666666663
ST-JD18-18,exact_or_related,adjacent,76.78000952380953,81.28766,4.507650476190477,4.507650476190477
ST-JD18-19,adjacent,divergent,68.19795619047623,69.13153333333327,0.9335771428570325,0.9335771428570325
ST-JD18-20,exact_or_related,adjacent,83.09227333333321,84.78973333333307,1.6974599999998645,1.6974599999998645
ST-JD18-21,exact_or_related,adjacent,75.15920000000027,78.79572000000013,3.6365199999998623,3.6365199999998623
ST-JD18-22,exact_or_related,adjacent,75.10773333333344,74.69061333333337,-0.4171200000000681,0.4171200000000681
ST-JD18-23,exact_or_related,adjacent,84.5775666666666,77.36038666666654,-7.217180000000056,7.217180000000056
ST-JD18-24,exact_or_related,adjacent,69.41743904761886,65.46960571428562,-3.947833333333236,3.947833333333236
ST-JD18-25,adjacent,divergent,68.06246000000002,65.43464000000023,-2.6278199999997867,2.6278199999997867
ST-JD18-26,exact_or_related,adjacent,79.44909333333332,76.73655047619043,-2.7125428571428927,2.7125428571428927
ST-JD18-27,exact_or_related,adjacent,70.01783444444442,65.02707238095256,-4.990762063491857,4.990762063491857
ST-JD18-28,exact_or_related,adjacent,60.829114285714475,64.02155238095251,3.192438095238039,3.192438095238039
ST-JD18-29,adjacent,divergent,66.4229000000001,66.59210666666672,0.16920666666662498,0.16920666666662498
ST-JD18-30,exact_or_related,adjacent,83.00844000000004,80.86167999999996,-2.1467600000000715,2.1467600000000715
ST-JD18-31,exact_or_related,adjacent,78.94636666666666,75.97246666666668,-2.973899999999986,2.973899999999986
ST-JD18-32,exact_or_related,adjacent,76.9951,75.91604000000005,-1.0790599999999415,1.0790599999999415
ST-JD18-33,exact_or_related,adjacent,74.26350095238092,70.35519333333336,-3.9083076190475623,3.9083076190475623
ST-JD18-34,exact_or_related,adjacent,68.57608539682543,65.4783225396827,-3.0977628571427402,3.0977628571427402
ST-JD18-35,divergent,exact_or_related,77.7252,75.83971333333334,-1.8854866666666652,1.8854866666666652
ST-JD18-36,exact_or_related,adjacent,81.5594666666667,81.67555333333331,0.11608666666661804,0.11608666666661804
ST-JD18-37,exact_or_related,adjacent,63.96972666666685,65.7141266666669,1.7444000000000486,1.7444000000000486
ST-JD18-38,exact_or_related,adjacent,67.11859904761899,66.11388000000007,-1.00471904761892,1.00471904761892
ST-JD18-39,exact_or_related,adjacent,64.84147999999995,64.2547666666668,-0.5867133333331509,0.5867133333331509
ST-JD18-40,exact_or_related,adjacent,72.93852761904759,72.7045479365077,-0.23397968253989632,0.23397968253989632
ST-JD18-41,exact_or_related,adjacent,75.62409587301578,70.10270285714283,-5.521393015872945,5.521393015872945
ST-JD18-42,exact_or_related,adjacent,73.03413968253956,74.69283619047614,1.6586965079365825,1.6586965079365825
ST-JD18-43,exact_or_related,adjacent,66.77465492063499,66.67289015873028,-0.10176476190470396,0.10176476190470396
ST-JD18-44,exact_or_related,adjacent,73.12627444444443,73.93049238095261,0.8042179365081807,0.8042179365081807
ST-JD18-45,adjacent,divergent,67.95993839826848,71.4437600000001,3.48382160173162,3.48382160173162
ST-JD18-46,exact_or_related,adjacent,68.96925714285719,73.67013238095217,4.70087523809498,4.70087523809498
ST-JD18-47,adjacent,divergent,80.37169333333355,82.03709238095229,1.6653990476187346,1.6653990476187346
ST-JD18-48,exact_or_related,adjacent,69.81007015873014,66.34455682539692,-3.46551333333322,3.46551333333322
ST-JD18-49,adjacent,divergent,78.41665428571432,77.83582761904773,-0.5808266666665816,0.5808266666665816
ST-JD18-50,exact_or_related,adjacent,78.08543079365087,75.97292190476207,-2.1125088888887973,2.1125088888887973
ST-JD18-51,exact_or_related,adjacent,75.53408666666694,74.99398666666687,-0.5401000000000664,0.5401000000000664
ST-JD18-52,adjacent,divergent,74.2749666666669,76.33936666666679,2.0643999999998925,2.0643999999998925
ST-JD18-53,exact_or_related,adjacent,70.01783444444442,65.02707238095256,-4.990762063491857,4.990762063491857
ST-JD18-54,exact_or_related,adjacent,75.62409587301578,70.10270285714283,-5.521393015872945,5.521393015872945
ST-JD18-55,exact_or_related,adjacent,68.67456047619058,68.45213666666679,-0.22242380952378937,0.22242380952378937
ST-JD18-56,exact_or_related,adjacent,76.13710761904753,66.96802761904752,-9.169080000000008,9.169080000000008
ST-JD18-57,exact_or_related,adjacent,74.26350095238092,70.35519333333336,-3.9083076190475623,3.9083076190475623
ST-JD18-58,adjacent,divergent,77.16619333333308,72.28326666666645,-4.882926666666634,4.882926666666634
ST-JD18-59,adjacent,divergent,72.29252666666673,70.37441333333346,-1.9181133333332667,1.9181133333332667
ST-JD18-60,adjacent,divergent,84.78973333333307,82.2720666666665,-2.517666666666571,2.517666666666571
ST-JD18-61,exact_or_related,adjacent,65.72699111111109,68.94121111111122,3.2142200000001253,3.2142200000001253
ST-JD18-62,exact_or_related,adjacent,59.03741015873028,65.40205238095245,6.364642222222173,6.364642222222173
ST-JD18-63,adjacent,divergent,73.67013238095217,70.88623142857155,-2.7839009523806197,2.7839009523806197
ST-JD18-64,adjacent,divergent,63.372783809523746,74.89087999999994,11.518096190476193,11.518096190476193
ST-JD18-65,divergent,exact_or_related,77.20089428571453,77.61132380952392,0.41042952380939823,0.41042952380939823
ST-JD18-66,adjacent,divergent,74.59356666666692,72.31548666666664,-2.2780800000002728,2.2780800000002728
ST-JD18-67,exact_or_related,adjacent,72.35929619047624,70.05569888888886,-2.303597301587388,2.303597301587388
ST-JD18-68,exact_or_related,adjacent,68.57608539682543,65.4783225396827,-3.0977628571427402,3.0977628571427402
ST-JD18-69,exact_or_related,adjacent,76.36871539682545,75.54788444444421,-0.8208309523812432,0.8208309523812432
ST-JD18-70,exact_or_related,adjacent,76.36871539682545,75.54788444444421,-0.8208309523812432,0.8208309523812432
ST-JD18-71,exact_or_related,adjacent,73.89215761904767,72.70531666666672,-1.1868409523809476,1.1868409523809476
ST-JD18-72,exact_or_related,adjacent,71.35481238095257,72.29252666666673,0.9377142857141649,0.9377142857141649
ST-JD18-73,exact_or_related,adjacent,70.01783444444442,65.02707238095256,-4.990762063491857,4.990762063491857
ST-JD18-74,exact_or_related,adjacent,59.95172634920622,63.06380000000014,3.112073650793924,3.112073650793924
ST-JD18-75,exact_or_related,adjacent,71.1495485714286,70.78835190476188,-0.36119666666671435,0.36119666666671435
ST-JD18-76,adjacent,divergent,66.4229000000001,66.59210666666672,0.16920666666662498,0.16920666666662498
ST-JD18-77,adjacent,divergent,63.163533333333504,63.99560000000001,0.8320666666665062,0.8320666666665062
ST-JD18-78,exact_or_related,adjacent,71.35481238095257,72.29252666666673,0.9377142857141649,0.9377142857141649
ST-JD18-79,adjacent,divergent,79.93546666666664,79.86459999999994,-0.07086666666670283,0.07086666666670283
ST-JD18-80,exact_or_related,adjacent,68.33016181818184,71.34878285714281,3.0186210389609727,3.0186210389609727
ST-JD18-81,exact_or_related,adjacent,75.19303333333346,74.2749666666669,-0.9180666666665616,0.9180666666665616
ST-JD18-82,exact_or_related,adjacent,75.98176000000005,71.22080000000011,-4.76095999999994,4.76095999999994
ST-JD18-83,exact_or_related,adjacent,68.96925714285719,73.67013238095217,4.70087523809498,4.70087523809498
ST-JD18-84,adjacent,divergent,68.1469136796537,75.60893275613255,7.462019076478853,7.462019076478853
ST-JD18-85,exact_or_related,adjacent,84.15019999999998,83.9003733333333,-0.24982666666667797,0.24982666666667797
ST-JD18-86,divergent,exact_or_related,77.36279999999977,75.98176000000005,-1.3810399999997145,1.3810399999997145
ST-JD18-87,exact_or_related,adjacent,72.93852761904759,72.7045479365077,-0.23397968253989632,0.23397968253989632
ST-JD18-88,exact_or_related,adjacent,73.12627444444443,73.93049238095261,0.8042179365081807,0.8042179365081807
ST-JD18-89,adjacent,divergent,67.03880000000024,63.79560000000011,-3.2432000000001295,3.2432000000001295
ST-JD18-90,divergent,exact_or_related,67.75460285714297,68.84835142857148,1.093748571428506,1.093748571428506
ST-JD18-91,exact_or_related,adjacent,63.269313333333365,65.38805333333352,2.1187400000001517,2.1187400000001517
ST-JD18-92,exact_or_related,adjacent,71.62943999999996,75.5663399999998,3.936899999999838,3.936899999999838
ST-JD18-93,exact_or_related,adjacent,76.36871539682545,75.54788444444421,-0.8208309523812432,0.8208309523812432
ST-JD18-94,divergent,exact_or_related,69.86830000000015,75.59027142857165,5.721971428571507,5.721971428571507
ST-JD18-95,exact_or_related,adjacent,81.5594666666667,81.67555333333331,0.11608666666661804,0.11608666666661804
ST-JD18-96,divergent,exact_or_related,67.76440000000022,78.54530761904749,10.78090761904727,10.78090761904727
ST-JD18-97,adjacent,divergent,64.54914095238115,73.50317999999983,8.954039047618679,8.954039047618679
ST-JD18-98,exact_or_related,adjacent,68.14046666666657,69.74607999999995,1.6056133333333804,1.6056133333333804
ST-JD18-99,exact_or_related,adjacent,85.43143587301608,82.17889587301596,-3.252540000000124,3.252540000000124
ST-JD18-100,exact_or_related,adjacent,68.14046666666657,69.74607999999995,1.6056133333333804,1.6056133333333804
AE-JD19-01,exact_or_related,adjacent,73.12627444444443,73.93049238095261,0.8042179365081807,0.8042179365081807
AE-JD19-02,divergent,exact_or_related,75.41556666666644,68.57608539682543,-6.839481269841002,6.839481269841002
AE-JD19-03,exact_or_related,adjacent,69.71244476190475,63.372783809523746,-6.339660952381003,6.339660952381003
AE-JD19-04,exact_or_related,adjacent,73.89215761904767,72.70531666666672,-1.1868409523809476,1.1868409523809476
AE-JD19-05,exact_or_related,adjacent,68.96925714285719,73.67013238095217,4.70087523809498,4.70087523809498
AE-JD19-06,exact_or_related,adjacent,86.79254444444445,84.79490444444434,-1.9976400000001036,1.9976400000001036
AE-JD19-07,adjacent,divergent,68.1469136796537,75.60893275613255,7.462019076478853,7.462019076478853
AE-JD19-08,exact_or_related,adjacent,80.68018079365072,75.15870698412677,-5.521473809523954,5.521473809523954
AE-JD19-09,divergent,exact_or_related,67.51465904761925,73.12627444444443,5.6116153968251865,5.6116153968251865
AE-JD19-10,exact_or_related,adjacent,74.94022761904768,73.60226190476185,-1.3379657142858292,1.3379657142858292
AE-JD19-11,exact_or_related,adjacent,78.08543079365087,75.97292190476207,-2.1125088888887973,2.1125088888887973
AE-JD19-12,exact_or_related,adjacent,71.22493333333341,68.11547333333351,-3.109459999999899,3.109459999999899
AE-JD19-13,exact_or_related,adjacent,69.41743904761886,65.46960571428562,-3.947833333333236,3.947833333333236
AE-JD19-14,adjacent,divergent,74.72525333333307,75.19254666666664,0.46729333333357204,0.46729333333357204
AE-JD19-15,exact_or_related,adjacent,82.99099999999989,83.18090666666659,0.18990666666670108,0.18990666666670108
AE-JD19-16,exact_or_related,adjacent,75.69053333333358,75.07913333333343,-0.6114000000001454,0.6114000000001454
AE-JD19-17,exact_or_related,adjacent,63.269313333333365,65.38805333333352,2.1187400000001517,2.1187400000001517
AE-JD19-18,exact_or_related,adjacent,76.36871539682545,75.54788444444421,-0.8208309523812432,0.8208309523812432
AE-JD19-19,divergent,exact_or_related,76.07603333333327,74.65699333333347,-1.4190399999997965,1.4190399999997965
AE-JD19-20,adjacent,divergent,65.7141266666669,65.07910000000021,-0.6350266666666897,0.6350266666666897
AE-JD19-21,divergent,exact_or_related,76.5113999999998,76.68756666666667,0.17616666666687308,0.17616666666687308
AE-JD19-22,divergent,exact_or_related,82.40446571428565,74.89533333333335,-7.509132380952295,7.509132380952295
AE-JD19-23,divergent,exact_or_related,78.636,80.94155238095242,2.3055523809524203,2.3055523809524203
AE-JD19-24,divergent,exact_or_related,65.30717333333354,59.306818095238086,-6.000355238095452,6.000355238095452
AE-JD19-25,adjacent,divergent,73.93049238095261,67.51465904761925,-6.415833333333367,6.415833333333367
AE-JD19-26,exact_or_related,adjacent,68.96925714285719,73.67013238095217,4.70087523809498,4.70087523809498
AE-JD19-27,exact_or_related,adjacent,61.41661619047621,65.24131333333342,3.824697142857211,3.824697142857211
AE-JD19-28,exact_or_related,adjacent,73.31102000000008,74.59356666666692,1.282546666666832,1.282546666666832
AE-JD19-29,adjacent,divergent,72.70531666666672,66.45295714285704,-6.252359523809673,6.252359523809673
AE-JD19-30,exact_or_related,adjacent,72.06226848484847,73.03250285714277,0.9702343722942999,0.9702343722942999
AE-JD19-31,exact_or_related,adjacent,67.11859904761899,66.11388000000007,-1.00471904761892,1.00471904761892
AE-JD19-32,adjacent,divergent,67.97230666666684,66.47815999999999,-1.4941466666668504,1.4941466666668504
AE-JD19-33,exact_or_related,adjacent,71.06759333333338,62.85850854256871,-8.20908479076467,8.20908479076467
AE-JD19-34,exact_or_related,adjacent,66.25741333333328,65.27000666666679,-0.9874066666664874,0.9874066666664874
AE-JD19-35,exact_or_related,adjacent,65.90599714285716,66.99791333333341,1.0919161904762547,1.0919161904762547
AE-JD19-36,adjacent,divergent,73.03250285714277,72.50474181818173,-0.5277610389610459,0.5277610389610459
AE-JD19-37,adjacent,divergent,66.34455682539692,64.34823301587285,-1.9963238095240712,1.9963238095240712
AE-JD19-38,exact_or_related,adjacent,73.3973353391053,73.76315968253947,0.3658243434341699,0.3658243434341699
AE-JD19-39,exact_or_related,adjacent,72.41380761904765,68.1469136796537,-4.2668939393939525,4.2668939393939525
AE-JD19-40,exact_or_related,adjacent,71.62943999999996,75.5663399999998,3.936899999999838,3.936899999999838
AE-JD19-41,exact_or_related,adjacent,85.43143587301608,82.17889587301596,-3.252540000000124,3.252540000000124
AE-JD19-42,adjacent,divergent,71.08120000000008,75.42639999999984,4.345199999999764,4.345199999999764
AE-JD19-43,exact_or_related,adjacent,70.01783444444442,65.02707238095256,-4.990762063491857,4.990762063491857
AE-JD19-44,divergent,exact_or_related,68.50353333333331,76.35647999999978,7.852946666666469,7.852946666666469
AE-JD19-45,exact_or_related,adjacent,80.94155238095242,76.89727238095234,-4.044280000000072,4.044280000000072
AE-JD19-46,exact_or_related,adjacent,78.94636666666666,75.97246666666668,-2.973899999999986,2.973899999999986
AE-JD19-47,exact_or_related,adjacent,77.62371999999999,76.12856380952383,-1.495156190476166,1.495156190476166
AE-JD19-48,adjacent,divergent,69.81182666666663,69.89963333333348,0.08780666666685022,0.08780666666685022
AE-JD19-49,exact_or_related,adjacent,65.72699111111109,68.94121111111122,3.2142200000001253,3.2142200000001253
AE-JD19-50,adjacent,divergent,79.93546666666664,79.86459999999994,-0.07086666666670283,0.07086666666670283
AE-JD19-51,exact_or_related,adjacent,60.829114285714475,64.02155238095251,3.192438095238039,3.192438095238039
AE-JD19-52,adjacent,divergent,74.93053761904761,78.68626333333333,3.7557257142857168,3.7557257142857168
AE-JD19-53,adjacent,divergent,67.95993839826848,71.4437600000001,3.48382160173162,3.48382160173162
AE-JD19-54,exact_or_related,adjacent,80.34496666666662,82.88875333333316,2.5437866666665343,2.5437866666665343
AE-JD19-55,divergent,exact_or_related,80.58793904761913,79.16167238095241,-1.42626666666672,1.42626666666672
AE-JD19-56,exact_or_related,adjacent,77.67711269841296,73.90581222222238,-3.771300476190575,3.771300476190575
AE-JD19-57,exact_or_related,adjacent,71.62943999999996,75.5663399999998,3.936899999999838,3.936899999999838
AE-JD19-58,exact_or_related,adjacent,64.49236000000006,68.06246000000002,3.570099999999954,3.570099999999954
AE-JD19-59,adjacent,divergent,72.29252666666673,70.37441333333346,-1.9181133333332667,1.9181133333332667
AE-JD19-60,adjacent,divergent,65.40205238095245,64.64184349206342,-0.7602088888890393,0.7602088888890393
AE-JD19-61,exact_or_related,adjacent,69.71244476190475,63.372783809523746,-6.339660952381003,6.339660952381003
AE-JD19-62,exact_or_related,adjacent,71.62943999999996,75.5663399999998,3.936899999999838,3.936899999999838
AE-JD19-63,adjacent,divergent,70.05610666666682,75.2027999999998,5.146693333332976,5.146693333332976
AE-JD19-64,adjacent,divergent,74.93053761904761,78.68626333333333,3.7557257142857168,3.7557257142857168
AE-JD19-65,adjacent,divergent,73.01131333333328,76.5113999999998,3.500086666666519,3.500086666666519
AE-JD19-66,divergent,exact_or_related,73.46512000000001,69.41743904761886,-4.047680952381157,4.047680952381157
AE-JD19-67,exact_or_related,adjacent,77.9462809523807,77.61256666666667,-0.33371428571403783,0.33371428571403783
AE-JD19-68,exact_or_related,adjacent,68.44112476190489,64.54914095238115,-3.8919838095237367,3.8919838095237367
AE-JD19-69,divergent,exact_or_related,65.43464000000023,64.49236000000006,-0.9422800000001672,0.9422800000001672
AE-JD19-70,divergent,exact_or_related,84.21080000000008,81.58356666666674,-2.6272333333333364,2.6272333333333364
AE-JD19-71,divergent,exact_or_related,78.19973333333331,84.5775666666666,6.377833333333285,6.377833333333285
AE-JD19-72,exact_or_related,adjacent,72.41380761904765,68.1469136796537,-4.2668939393939525,4.2668939393939525
AE-JD19-73,exact_or_related,adjacent,86.79254444444445,84.79490444444434,-1.9976400000001036,1.9976400000001036
AE-JD19-74,exact_or_related,adjacent,76.68756666666667,73.01131333333328,-3.676253333333392,3.676253333333392
AE-JD19-75,adjacent,divergent,75.49486666666644,77.1516366666666,1.656770000000165,1.656770000000165
AE-JD19-76,exact_or_related,adjacent,75.6239742857144,77.08298761904761,1.4590133333332176,1.4590133333332176
AE-JD19-77,adjacent,divergent,74.93053761904761,78.68626333333333,3.7557257142857168,3.7557257142857168
AE-JD19-78,exact_or_related,adjacent,68.57608539682543,65.4783225396827,-3.0977628571427402,3.0977628571427402
AE-JD19-79,exact_or_related,adjacent,68.67456047619058,68.45213666666679,-0.22242380952378937,0.22242380952378937
AE-JD19-80,exact_or_related,adjacent,59.306818095238086,63.547940000000075,4.2411219047619895,4.2411219047619895
AE-JD19-81,adjacent,divergent,68.1469136796537,75.60893275613255,7.462019076478853,7.462019076478853
AE-JD19-82,adjacent,divergent,62.85850854256871,75.69885999999995,12.840351457431247,12.840351457431247
AE-JD19-83,exact_or_related,adjacent,68.84835142857148,68.41966571428584,-0.42868571428563484,0.42868571428563484
AE-JD19-84,adjacent,divergent,67.95993839826848,71.4437600000001,3.48382160173162,3.48382160173162
AE-JD19-85,exact_or_related,adjacent,81.8871866666668,77.38879999999996,-4.498386666666846,4.498386666666846
AE-JD19-86,exact_or_related,adjacent,72.74932920634897,69.81182666666663,-2.9375025396823418,2.9375025396823418
AE-JD19-87,exact_or_related,adjacent,78.54530761904749,70.41587428571431,-8.129433333333182,8.129433333333182
AE-JD19-88,divergent,exact_or_related,63.577866666666765,61.10041333333339,-2.477453333333372,2.477453333333372
AE-JD19-89,exact_or_related,adjacent,70.11070476190456,72.09058476190461,1.9798800000000512,1.9798800000000512
AE-JD19-90,adjacent,divergent,70.05569888888886,71.08042666666665,1.024727777777798,1.024727777777798
AE-JD19-91,exact_or_related,adjacent,70.11070476190456,72.09058476190461,1.9798800000000512,1.9798800000000512
AE-JD19-92,exact_or_related,adjacent,78.41723999999999,79.93546666666664,1.5182266666666493,1.5182266666666493
AE-JD19-93,exact_or_related,adjacent,75.15920000000027,78.79572000000013,3.6365199999998623,3.6365199999998623
AE-JD19-94,adjacent,divergent,71.22080000000011,77.36279999999977,6.141999999999655,6.141999999999655
AE-JD19-95,divergent,exact_or_related,82.35815238095213,79.18779619047623,-3.1703561904759,3.1703561904759
AE-JD19-96,exact_or_related,adjacent,77.62371999999999,76.12856380952383,-1.495156190476166,1.495156190476166
AE-JD19-97,exact_or_related,adjacent,73.89215761904767,72.70531666666672,-1.1868409523809476,1.1868409523809476
AE-JD19-98,divergent,exact_or_related,75.85899999999995,78.68588285714279,2.8268828571428344,2.8268828571428344
AE-JD19-99,exact_or_related,adjacent,72.93852761904759,72.7045479365077,-0.23397968253989632,0.23397968253989632
AE-JD19-100,exact_or_related,adjacent,86.79254444444445,84.79490444444434,-1.9976400000001036,1.9976400000001036
