Candidate_ID,orig_rel,cf_rel,pred_orig,pred_cf,diff,abs_diff
SE-JD1-01,divergent,exact_or_related,76.88433364829747,76.43047478854267,-0.4538588597548028,0.4538588597548028
SE-JD1-02,divergent,exact_or_related,73.94076514541847,73.48690628566365,-0.453858859754817,0.453858859754817
SE-JD1-03,exact_or_related,adjacent,77.88569398673391,78.29794321074515,0.41224922401123365,0.41224922401123365
SE-JD1-04,exact_or_related,adjacent,68.31787096071845,68.73012018472969,0.41224922401123365,0.41224922401123365
SE-JD1-05,adjacent,divergent,66.96391605865271,67.00552569439628,0.04160963574356913,0.04160963574356913
SE-JD1-06,adjacent,divergent,68.75603559538683,68.7976452311304,0.04160963574356913,0.04160963574356913
SE-JD1-07,divergent,exact_or_related,68.64215276718753,68.18829390743272,-0.4538588597548028,0.4538588597548028
SE-JD1-08,exact_or_related,adjacent,71.40971723170094,71.82196645571219,0.41224922401124786,0.41224922401124786
SE-JD1-09,exact_or_related,adjacent,68.34378637137559,68.75603559538683,0.41224922401124786,0.41224922401124786
SE-JD1-10,exact_or_related,adjacent,68.34378637137559,68.75603559538683,0.41224922401124786,0.41224922401124786
SE-JD1-11,adjacent,divergent,68.73012018472969,68.77172982047325,0.04160963574356913,0.04160963574356913
SE-JD1-12,exact_or_related,adjacent,71.6688713382724,72.08112056228363,0.41224922401123365,0.41224922401123365
SE-JD1-13,exact_or_related,adjacent,83.57303752482201,83.98528674883326,0.41224922401124786,0.41224922401124786
SE-JD1-14,exact_or_related,adjacent,77.83386316541961,78.24611238943086,0.41224922401124786,0.41224922401124786
SE-JD1-15,exact_or_related,adjacent,80.29256868340012,80.70481790741135,0.41224922401123365,0.41224922401123365
SE-JD1-16,exact_or_related,adjacent,77.88569398673391,78.29794321074515,0.41224922401123365,0.41224922401123365
SE-JD1-17,exact_or_related,adjacent,76.68241419927473,77.09466342328597,0.41224922401123365,0.41224922401123365
SE-JD1-18,exact_or_related,adjacent,69.61759769496682,70.02984691897805,0.41224922401123365,0.41224922401123365
SE-JD1-19,exact_or_related,adjacent,60.75820657491004,61.17045579892128,0.41224922401124076,0.41224922401124076
SE-JD1-20,divergent,exact_or_related,64.98016746174785,64.52630860199304,-0.453858859754817,0.453858859754817
SE-JD1-21,exact_or_related,adjacent,80.42214573668585,80.83439496069708,0.41224922401123365,0.41224922401123365
SE-JD1-22,adjacent,divergent,80.93805660332566,80.97966623906923,0.04160963574356913,0.04160963574356913
SE-JD1-23,exact_or_related,adjacent,66.3961743706986,66.80842359470984,0.41224922401123365,0.41224922401123365
SE-JD1-24,exact_or_related,adjacent,80.49989196865728,80.91214119266851,0.41224922401123365,0.41224922401123365
SE-JD1-25,exact_or_related,adjacent,68.42153260334703,68.83378182735827,0.41224922401123365,0.41224922401123365
SE-JD1-26,adjacent,divergent,70.00393150832092,70.04554114406449,0.04160963574356913,0.04160963574356913
SE-JD1-27,adjacent,divergent,80.93805660332566,80.97966623906923,0.04160963574356913,0.04160963574356913
SE-JD1-28,exact_or_related,adjacent,78.500449146666,78.91269837067723,0.41224922401123365,0.41224922401123365
SE-JD1-29,exact_or_related,adjacent,71.38380182104379,71.79605104505504,0.41224922401124786,0.41224922401124786
SE-JD1-30,divergent,exact_or_related,70.14920278669307,69.69534392693825,-0.453858859754817,0.453858859754817
SE-JD1-31,exact_or_related,adjacent,66.3443435493843,66.75659277339555,0.41224922401124786,0.41224922401124786
SE-JD1-32,exact_or_related,adjacent,68.36970178203273,68.78195100604398,0.41224922401124786,0.41224922401124786
SE-JD1-33,divergent,exact_or_related,61.315727077293424,60.861868217538614,-0.4538588597548099,0.4538588597548099
SE-JD1-34,adjacent,divergent,71.87379727702647,71.91540691277004,0.04160963574356913,0.04160963574356913
SE-JD1-35,exact_or_related,adjacent,73.35732923237794,73.76957845638917,0.41224922401123365,0.41224922401123365
SE-JD1-36,adjacent,divergent,61.351863673521294,61.39347330926486,0.04160963574356913,0.04160963574356913
SE-JD1-37,exact_or_related,adjacent,73.33141382172079,73.74366304573202,0.41224922401123365,0.41224922401123365
SE-JD1-38,exact_or_related,adjacent,69.77309015890968,70.18533938292093,0.41224922401124786,0.41224922401124786
SE-JD1-39,exact_or_related,adjacent,64.42264695936447,64.8348961833757,0.41224922401123365,0.41224922401123365
SE-JD1-40,divergent,exact_or_related,72.09681478737005,71.64295592761525,-0.4538588597548028,0.4538588597548028
SE-JD1-41,adjacent,divergent,71.87379727702647,71.91540691277004,0.04160963574356913,0.04160963574356913
SE-JD1-42,exact_or_related,adjacent,69.51393605233824,69.92618527634949,0.41224922401124786,0.41224922401124786
SE-JD1-43,divergent,exact_or_related,71.96723773408434,71.51337887432952,-0.453858859754817,0.453858859754817
SE-JD1-44,exact_or_related,adjacent,68.36970178203273,68.78195100604398,0.41224922401124786,0.41224922401124786
SE-JD1-45,exact_or_related,adjacent,64.52630860199304,64.93855782600428,0.41224922401124786,0.41224922401124786
SE-JD1-46,exact_or_related,adjacent,71.6170405169581,72.02928974096933,0.41224922401123365,0.41224922401123365
SE-JD1-47,exact_or_related,adjacent,66.42208978135575,66.83433900536699,0.41224922401123365,0.41224922401123365
SE-JD1-48,exact_or_related,adjacent,69.77309015890968,70.18533938292093,0.41224922401124786,0.41224922401124786
SE-JD1-49,divergent,exact_or_related,65.006082872405,64.55222401265019,-0.453858859754817,0.453858859754817
SE-JD1-50,exact_or_related,adjacent,64.60405483396448,65.01630405797572,0.41224922401123365,0.41224922401123365
SE-JD1-51,adjacent,divergent,73.76957845638917,73.81118809213274,0.04160963574356913,0.04160963574356913
SE-JD1-52,divergent,exact_or_related,83.94915015260538,83.49529129285058,-0.4538588597548028,0.4538588597548028
SE-JD1-53,exact_or_related,adjacent,64.55222401265019,64.96447323666143,0.41224922401124786,0.41224922401124786
SE-JD1-54,adjacent,divergent,70.08167774029235,70.12328737603592,0.04160963574356913,0.04160963574356913
SE-JD1-55,exact_or_related,adjacent,71.6170405169581,72.02928974096933,0.41224922401123365,0.41224922401123365
SE-JD1-56,adjacent,divergent,76.8427240125539,76.88433364829747,0.04160963574356913,0.04160963574356913
SE-JD1-57,divergent,exact_or_related,83.87140392063395,83.41754506087915,-0.4538588597548028,0.4538588597548028
SE-JD1-58,exact_or_related,adjacent,76.35272855657124,76.76497778058247,0.41224922401123365,0.41224922401123365
SE-JD1-59,adjacent,divergent,78.3238586214023,78.36546825714586,0.04160963574356913,0.04160963574356913
SE-JD1-60,adjacent,divergent,70.02984691897805,70.07145655472162,0.04160963574356913,0.04160963574356913
SE-JD1-61,exact_or_related,adjacent,64.65588565527877,65.06813487929001,0.41224922401124786,0.41224922401124786
SE-JD1-62,divergent,exact_or_related,65.05791369371929,64.60405483396448,-0.4538588597548028,0.4538588597548028
SE-JD1-63,exact_or_related,adjacent,66.3443435493843,66.75659277339555,0.41224922401124786,0.41224922401124786
SE-JD1-64,exact_or_related,adjacent,71.6688713382724,72.08112056228363,0.41224922401123365,0.41224922401123365
SE-JD1-65,exact_or_related,adjacent,73.48690628566365,73.8991555096749,0.41224922401124786,0.41224922401124786
SE-JD1-66,exact_or_related,adjacent,68.240124728747,68.65237395275825,0.41224922401124786,0.41224922401124786
SE-JD1-67,adjacent,divergent,76.97230106583963,77.0139107015832,0.04160963574356913,0.04160963574356913
SE-JD1-68,adjacent,divergent,75.19888224392326,75.24049187966683,0.04160963574356913,0.04160963574356913
SE-JD1-69,exact_or_related,adjacent,83.44346047153628,83.85570969554753,0.41224922401124786,0.41224922401124786
SE-JD1-70,divergent,exact_or_related,79.03205423839223,78.57819537863743,-0.4538588597548028,0.4538588597548028
SE-JD1-71,adjacent,divergent,68.6264585421011,68.66806817784467,0.04160963574356913,0.04160963574356913
SE-JD1-72,exact_or_related,adjacent,76.53413643117125,76.94638565518248,0.41224922401123365,0.41224922401123365
SE-JD1-73,exact_or_related,adjacent,76.65649878861758,77.06874801262882,0.41224922401123365,0.41224922401123365
SE-JD1-74,adjacent,divergent,75.25071306523756,75.29232270098113,0.04160963574356913,0.04160963574356913
SE-JD1-75,exact_or_related,adjacent,68.240124728747,68.65237395275825,0.41224922401124786,0.41224922401124786
SE-JD1-76,divergent,exact_or_related,61.34164248795057,60.88778362819576,-0.4538588597548099,0.4538588597548099
SE-JD1-77,exact_or_related,adjacent,69.53985146299539,69.95210068700662,0.41224922401123365,0.41224922401123365
SE-JD1-78,divergent,exact_or_related,80.74642754315494,80.29256868340012,-0.453858859754817,0.453858859754817
SE-JD1-79,exact_or_related,adjacent,64.57813942330733,64.99038864731857,0.41224922401123365,0.41224922401123365
SE-JD1-80,exact_or_related,adjacent,76.48230560985695,76.8945548338682,0.41224922401124786,0.41224922401124786
SE-JD1-81,exact_or_related,adjacent,81.4958484708593,81.90809769487053,0.41224922401123365,0.41224922401123365
SE-JD1-82,exact_or_related,adjacent,71.56520969564382,71.97745891965505,0.41224922401123365,0.41224922401123365
SE-JD1-83,exact_or_related,adjacent,76.6046679673033,77.01691719131453,0.41224922401123365,0.41224922401123365
SE-JD1-84,adjacent,divergent,75.17296683326612,75.2145764690097,0.04160963574358334,0.04160963574358334
SE-JD1-85,exact_or_related,adjacent,61.017360681481485,61.429609905492725,0.41224922401124076,0.41224922401124076
SE-JD1-86,exact_or_related,adjacent,80.44806114734298,80.86031037135423,0.41224922401124786,0.41224922401124786
SE-JD1-87,exact_or_related,adjacent,68.39561719268988,68.80786641670112,0.41224922401123365,0.41224922401123365
SE-JD1-88,exact_or_related,adjacent,69.79900556956683,70.21125479357808,0.41224922401124786,0.41224922401124786
SE-JD1-89,adjacent,divergent,80.91214119266851,80.95375082841208,0.04160963574356913,0.04160963574356913
SE-JD1-90,exact_or_related,adjacent,68.34378637137559,68.75603559538683,0.41224922401124786,0.41224922401124786
SE-JD1-91,exact_or_related,adjacent,66.29251272807002,66.70476195208126,0.41224922401123365,0.41224922401123365
SE-JD1-92,adjacent,divergent,68.70420477407254,68.7458144098161,0.04160963574356913,0.04160963574356913
SE-JD1-93,adjacent,divergent,68.6782893634154,68.71989899915897,0.04160963574356913,0.04160963574356913
SE-JD1-94,adjacent,divergent,83.95937133817611,84.00098097391968,0.04160963574356913,0.04160963574356913
SE-JD1-95,divergent,exact_or_related,63.18559284599898,62.73173398624417,-0.4538588597548099,0.4538588597548099
SE-JD1-96,exact_or_related,adjacent,64.62997024462162,65.04221946863287,0.41224922401124786,0.41224922401124786
SE-JD1-97,exact_or_related,adjacent,71.51337887432952,71.92562809834075,0.41224922401123365,0.41224922401123365
SE-JD1-98,exact_or_related,adjacent,71.59112510630095,72.0033743303122,0.41224922401124786,0.41224922401124786
SE-JD1-99,exact_or_related,adjacent,60.93961444951005,61.351863673521294,0.41224922401124076,0.41224922401124076
SE-JD1-100,exact_or_related,adjacent,74.83846384122631,75.25071306523756,0.41224922401124786,0.41224922401124786
WD-JD2-01,divergent,exact_or_related,65.40749169417242,64.9536328344176,-0.453858859754817,0.453858859754817
WD-JD2-02,divergent,exact_or_related,68.96581535698351,68.51195649722871,-0.4538588597548028,0.4538588597548028
WD-JD2-03,divergent,exact_or_related,75.87513939734856,75.42128053759374,-0.453858859754817,0.453858859754817
WD-JD2-04,exact_or_related,adjacent,69.9412602847628,70.35350950877404,0.41224922401123365,0.41224922401123365
WD-JD2-05,adjacent,divergent,72.40478315207962,72.44639278782319,0.04160963574356913,0.04160963574356913
WD-JD2-06,divergent,exact_or_related,72.52413901979462,72.0702801600398,-0.453858859754817,0.453858859754817
WD-JD2-07,exact_or_related,adjacent,73.83648428611679,74.24873351012802,0.41224922401123365,0.41224922401123365
WD-JD2-08,adjacent,divergent,77.19230201300704,77.2339116487506,0.04160963574356913,0.04160963574356913
WD-JD2-09,exact_or_related,adjacent,66.87532942443745,67.28757864844869,0.41224922401123365,0.41224922401123365
WD-JD2-10,divergent,exact_or_related,81.3551596501795,80.9013007904247,-0.4538588597548028,0.4538588597548028
WD-JD2-11,exact_or_related,adjacent,65.03137906638904,65.44362829040028,0.41224922401124786,0.41224922401124786
WD-JD2-12,exact_or_related,adjacent,76.96146066359582,77.37370988760705,0.41224922401123365,0.41224922401123365
WD-JD2-13,exact_or_related,adjacent,61.1855308073346,61.59778003134584,0.41224922401124076,0.41224922401124076
WD-JD2-14,exact_or_related,adjacent,73.70690723283106,74.1191564568423,0.41224922401124786,0.41224922401124786
WD-JD2-15,adjacent,divergent,74.09324104618516,74.13485068192873,0.04160963574356913,0.04160963574356913
WD-JD2-16,divergent,exact_or_related,81.43290588215093,80.97904702239613,-0.4538588597548028,0.4538588597548028
WD-JD2-17,adjacent,divergent,84.36078015994353,84.4023897956871,0.04160963574356913,0.04160963574356913
WD-JD2-18,adjacent,divergent,65.15855877317169,65.20016840891526,0.04160963574356913,0.04160963574356913
WD-JD2-19,exact_or_related,adjacent,66.66800613918029,67.08025536319154,0.41224922401124786,0.41224922401124786
WD-JD2-20,exact_or_related,adjacent,82.07866516722673,82.49091439123796,0.41224922401123365,0.41224922401123365
WD-JD2-21,divergent,exact_or_related,69.12130782092639,68.66744896117157,-0.453858859754817,0.453858859754817
WD-JD2-22,exact_or_related,adjacent,68.745195193143,69.15744441715425,0.41224922401124786,0.41224922401124786
WD-JD2-23,exact_or_related,adjacent,69.9412602847628,70.35350950877404,0.41224922401123365,0.41224922401123365
WD-JD2-24,exact_or_related,adjacent,65.03137906638904,65.44362829040028,0.41224922401124786,0.41224922401124786
WD-JD2-25,adjacent,divergent,67.15800159516297,67.19961123090654,0.04160963574356913,0.04160963574356913
WD-JD2-26,exact_or_related,adjacent,73.65507641151677,74.06732563552801,0.41224922401123365,0.41224922401123365
WD-JD2-27,adjacent,divergent,68.92420572123994,68.96581535698351,0.04160963574356913,0.04160963574356913
WD-JD2-28,exact_or_related,adjacent,79.05735043237628,79.46959965638753,0.41224922401124786,0.41224922401124786
WD-JD2-29,adjacent,divergent,74.17098727815659,74.21259691390016,0.04160963574356913,0.04160963574356913
WD-JD2-30,exact_or_related,adjacent,75.39536512693661,75.80761435094784,0.41224922401123365,0.41224922401123365
WD-JD2-31,exact_or_related,adjacent,70.14858357001997,70.5608327940312,0.41224922401123365,0.41224922401123365
WD-JD2-32,exact_or_related,adjacent,73.83648428611679,74.24873351012802,0.41224922401123365,0.41224922401123365
WD-JD2-33,exact_or_related,adjacent,73.65507641151677,74.06732563552801,0.41224922401123365,0.41224922401123365
WD-JD2-34,exact_or_related,adjacent,75.21395725233658,75.62620647634783,0.41224922401124786,0.41224922401124786
WD-JD2-35,exact_or_related,adjacent,73.70690723283106,74.1191564568423,0.41224922401124786,0.41224922401124786
WD-JD2-36,exact_or_related,adjacent,66.9012448350946,67.31349405910584,0.41224922401123365,0.41224922401123365
WD-JD2-37,exact_or_related,adjacent,71.8370414641255,72.24929068813674,0.41224922401123365,0.41224922401123365
WD-JD2-38,exact_or_related,adjacent,70.07083733804852,70.48308656205977,0.41224922401124786,0.41224922401124786
WD-JD2-39,exact_or_related,adjacent,70.04492192739139,70.45717115140262,0.41224922401123365,0.41224922401123365
WD-JD2-40,exact_or_related,adjacent,68.51195649722871,68.92420572123994,0.41224922401123365,0.41224922401123365
WD-JD2-41,exact_or_related,adjacent,72.0702801600398,72.48252938405105,0.41224922401124786,0.41224922401124786
WD-JD2-42,exact_or_related,adjacent,68.69336437182872,69.10561359583996,0.41224922401123365,0.41224922401123365
WD-JD2-43,adjacent,divergent,72.35295233076532,72.39456196650889,0.04160963574356913,0.04160963574356913
WD-JD2-44,exact_or_related,adjacent,78.87594255777627,79.2881917817875,0.41224922401123365,0.41224922401123365
WD-JD2-45,exact_or_related,adjacent,73.70690723283106,74.1191564568423,0.41224922401124786,0.41224922401124786
WD-JD2-46,exact_or_related,adjacent,64.84997119178902,65.26222041580027,0.41224922401124786,0.41224922401124786
WD-JD2-47,adjacent,divergent,65.2881358264574,65.32974546220098,0.04160963574356913,0.04160963574356913
WD-JD2-48,exact_or_related,adjacent,66.79758319246602,67.20983241647725,0.41224922401123365,0.41224922401123365
WD-JD2-49,adjacent,divergent,77.19230201300704,77.2339116487506,0.04160963574356913,0.04160963574356913
WD-JD2-50,exact_or_related,adjacent,68.51195649722871,68.92420572123994,0.41224922401123365,0.41224922401123365
WD-JD2-51,exact_or_related,adjacent,70.07083733804852,70.48308656205977,0.41224922401124786,0.41224922401124786
WD-JD2-52,exact_or_related,adjacent,65.03137906638904,65.44362829040028,0.41224922401124786,0.41224922401124786
WD-JD2-53,adjacent,divergent,72.4566139733939,72.49822360913747,0.04160963574356913,0.04160963574356913
WD-JD2-54,adjacent,divergent,65.18447418382884,65.22608381957241,0.04160963574356913,0.04160963574356913
WD-JD2-55,adjacent,divergent,77.14047119169274,77.18208082743631,0.04160963574356913,0.04160963574356913
WD-JD2-56,exact_or_related,adjacent,78.97960420040485,79.39185342441608,0.41224922401123365,0.41224922401123365
WD-JD2-57,adjacent,divergent,68.95012113189709,68.99173076764066,0.04160963574356913,0.04160963574356913
WD-JD2-58,exact_or_related,adjacent,71.81112605346836,72.2233752774796,0.41224922401124786,0.41224922401124786
WD-JD2-59,exact_or_related,adjacent,78.39076445112991,78.80301367514114,0.41224922401123365,0.41224922401123365
WD-JD2-60,divergent,exact_or_related,69.01764617829781,68.56378731854299,-0.453858859754817,0.453858859754817
WD-JD2-61,exact_or_related,adjacent,65.05729447704618,65.46954370105743,0.41224922401124786,0.41224922401124786
WD-JD2-62,exact_or_related,adjacent,71.91478769609694,72.32703692010818,0.41224922401124786,0.41224922401124786
WD-JD2-63,exact_or_related,adjacent,73.7328226434882,74.14507186749944,0.41224922401123365,0.41224922401123365
WD-JD2-64,adjacent,divergent,80.56921780121812,80.61082743696169,0.04160963574356913,0.04160963574356913
WD-JD2-65,adjacent,divergent,65.39179746908599,65.43340710482956,0.04160963574356913,0.04160963574356913
WD-JD2-66,exact_or_related,adjacent,66.66800613918029,67.08025536319154,0.41224922401124786,0.41224922401124786
WD-JD2-67,divergent,exact_or_related,84.45422061700138,84.00036175724657,-0.453858859754817,0.453858859754817
WD-JD2-68,divergent,exact_or_related,78.89645413219901,78.4425952724442,-0.453858859754817,0.453858859754817
WD-JD2-69,adjacent,divergent,80.724710265161,80.76631990090456,0.04160963574356913,0.04160963574356913
WD-JD2-70,adjacent,divergent,78.80301367514114,78.84462331088471,0.04160963574356913,0.04160963574356913
WD-JD2-71,exact_or_related,adjacent,82.05274975656958,82.46499898058083,0.41224922401124786,0.41224922401124786
WD-JD2-72,divergent,exact_or_related,80.61082743696169,80.15696857720688,-0.4538588597548028,0.4538588597548028
WD-JD2-73,exact_or_related,adjacent,77.16156925301358,77.57381847702482,0.41224922401123365,0.41224922401123365
WD-JD2-74,exact_or_related,adjacent,68.745195193143,69.15744441715425,0.41224922401124786,0.41224922401124786
WD-JD2-75,adjacent,divergent,65.46954370105743,65.511153336801,0.04160963574356913,0.04160963574356913
WD-JD2-76,divergent,exact_or_related,69.14722323158352,68.69336437182872,-0.4538588597548028,0.4538588597548028
WD-JD2-77,exact_or_related,adjacent,68.61561813985729,69.02786736386852,0.41224922401123365,0.41224922401123365
WD-JD2-78,exact_or_related,adjacent,71.91478769609694,72.32703692010818,0.41224922401124786,0.41224922401124786
WD-JD2-79,adjacent,divergent,79.2881917817875,79.32980141753109,0.04160963574358334,0.04160963574358334
WD-JD2-80,exact_or_related,adjacent,63.00356575472587,63.41581497873711,0.41224922401124076,0.41224922401124076
WD-JD2-81,exact_or_related,adjacent,80.97904702239613,81.39129624640736,0.41224922401123365,0.41224922401123365
WD-JD2-82,exact_or_related,adjacent,69.91534487410566,70.32759409811689,0.41224922401123365,0.41224922401123365
WD-JD2-83,divergent,exact_or_related,77.28574247006489,76.83188361031009,-0.4538588597548028,0.4538588597548028
WD-JD2-84,divergent,exact_or_related,72.36864655585175,71.91478769609694,-0.453858859754817,0.453858859754817
WD-JD2-85,adjacent,divergent,70.45717115140262,70.49878078714619,0.04160963574356913,0.04160963574356913
WD-JD2-86,adjacent,divergent,67.02842454187724,67.07003417762081,0.04160963574356913,0.04160963574356913
WD-JD2-87,divergent,exact_or_related,72.3427311451946,71.88887228543979,-0.453858859754817,0.453858859754817
WD-JD2-88,exact_or_related,adjacent,71.8370414641255,72.24929068813674,0.41224922401123365,0.41224922401123365
WD-JD2-89,exact_or_related,adjacent,66.8494140137803,67.26166323779155,0.41224922401124786,0.41224922401124786
WD-JD2-90,exact_or_related,adjacent,68.66744896117157,69.07969818518282,0.41224922401124786,0.41224922401124786
WD-JD2-91,adjacent,divergent,70.32759409811689,70.36920373386047,0.04160963574358334,0.04160963574358334
WD-JD2-92,adjacent,divergent,69.00195195321137,69.04356158895494,0.04160963574356913,0.04160963574356913
WD-JD2-93,divergent,exact_or_related,77.53768188079695,77.08382302104215,-0.4538588597548028,0.4538588597548028
WD-JD2-94,exact_or_related,adjacent,77.16156925301358,77.57381847702482,0.41224922401123365,0.41224922401123365
WD-JD2-95,divergent,exact_or_related,61.74305130971799,61.28919244996318,-0.4538588597548099,0.4538588597548099
WD-JD2-96,exact_or_related,adjacent,68.56378731854299,68.97603654255424,0.41224922401124786,0.41224922401124786
WD-JD2-97,divergent,exact_or_related,74.18668150324302,73.7328226434882,-0.453858859754817,0.453858859754817
WD-JD2-98,exact_or_related,adjacent,82.0009189352553,82.41316815926653,0.41224922401123365,0.41224922401123365
WD-JD2-99,exact_or_related,adjacent,64.90180201310332,65.31405123711455,0.41224922401123365,0.41224922401123365
WD-JD2-100,divergent,exact_or_related,77.61542811276838,77.16156925301358,-0.4538588597548028,0.4538588597548028
FSD-JD3-01,exact_or_related,adjacent,69.7212593375954,70.13350856160663,0.41224922401123365,0.41224922401123365
FSD-JD3-02,adjacent,divergent,71.87379727702647,71.91540691277004,0.04160963574356913,0.04160963574356913
FSD-JD3-03,adjacent,divergent,76.99100178065738,77.03261141640095,0.04160963574356913,0.04160963574356913
FSD-JD3-04,exact_or_related,adjacent,73.2795830004065,73.69183222441774,0.41224922401123365,0.41224922401123365
FSD-JD3-05,adjacent,divergent,71.97745891965505,72.01906855539862,0.04160963574356913,0.04160963574356913
FSD-JD3-06,divergent,exact_or_related,68.7458144098161,68.2919555500613,-0.4538588597548028,0.4538588597548028
FSD-JD3-07,adjacent,divergent,71.92562809834075,71.96723773408434,0.04160963574358334,0.04160963574358334
FSD-JD3-08,exact_or_related,adjacent,76.76016043124616,77.17240965525741,0.41224922401124786,0.41224922401124786
FSD-JD3-09,exact_or_related,adjacent,73.25366758974936,73.66591681376059,0.41224922401123365,0.41224922401123365
FSD-JD3-10,exact_or_related,adjacent,71.6170405169581,72.02928974096933,0.41224922401123365,0.41224922401123365
FSD-JD3-11,exact_or_related,adjacent,68.31787096071845,68.73012018472969,0.41224922401123365,0.41224922401123365
FSD-JD3-12,divergent,exact_or_related,80.26124943650856,79.80739057675376,-0.4538588597548028,0.4538588597548028
FSD-JD3-13,exact_or_related,adjacent,68.240124728747,68.65237395275825,0.41224922401124786,0.41224922401124786
FSD-JD3-14,adjacent,divergent,76.8945548338682,76.93616446961177,0.04160963574356913,0.04160963574356913
FSD-JD3-15,divergent,exact_or_related,63.18559284599898,62.73173398624417,-0.4538588597548099,0.4538588597548099
FSD-JD3-16,exact_or_related,adjacent,64.55222401265019,64.96447323666143,0.41224922401124786,0.41224922401124786
FSD-JD3-17,divergent,exact_or_related,75.1627456476954,74.7088867879406,-0.4538588597548028,0.4538588597548028
FSD-JD3-18,exact_or_related,adjacent,68.39561719268988,68.80786641670112,0.41224922401123365,0.41224922401123365
FSD-JD3-19,adjacent,divergent,69.97801609766377,70.01962573340734,0.04160963574356913,0.04160963574356913
FSD-JD3-20,exact_or_related,adjacent,78.39678750403742,78.80903672804865,0.41224922401123365,0.41224922401123365
FSD-JD3-21,exact_or_related,adjacent,69.64351310562397,70.0557623296352,0.41224922401123365,0.41224922401123365
FSD-JD3-22,exact_or_related,adjacent,68.240124728747,68.65237395275825,0.41224922401124786,0.41224922401124786
FSD-JD3-23,adjacent,divergent,77.02413188715391,77.0657415228975,0.04160963574358334,0.04160963574358334
FSD-JD3-24,exact_or_related,adjacent,68.36970178203273,68.78195100604398,0.41224922401124786,0.41224922401124786
FSD-JD3-25,exact_or_related,adjacent,68.21420931808987,68.6264585421011,0.41224922401123365,0.41224922401123365
FSD-JD3-26,exact_or_related,adjacent,69.7212593375954,70.13350856160663,0.41224922401123365,0.41224922401123365
FSD-JD3-27,exact_or_related,adjacent,66.52575142398432,66.93800064799557,0.41224922401124786,0.41224922401124786
FSD-JD3-28,exact_or_related,adjacent,79.62598270215373,80.03823192616498,0.41224922401124786,0.41224922401124786
FSD-JD3-29,exact_or_related,adjacent,78.01527104001963,78.42752026403087,0.41224922401124786,0.41224922401124786
FSD-JD3-30,exact_or_related,adjacent,76.81199125256045,77.2242404765717,0.41224922401124786,0.41224922401124786
FSD-JD3-31,exact_or_related,adjacent,64.68180106593591,65.09405028994715,0.41224922401123365,0.41224922401123365
FSD-JD3-32,adjacent,divergent,71.97745891965505,72.01906855539862,0.04160963574356913,0.04160963574356913
FSD-JD3-33,exact_or_related,adjacent,60.88778362819576,61.300032852207,0.41224922401124076,0.41224922401124076
FSD-JD3-34,exact_or_related,adjacent,64.5003931913359,64.91264241534714,0.41224922401123365,0.41224922401123365
FSD-JD3-35,exact_or_related,adjacent,68.26604013940415,68.6782893634154,0.41224922401124786,0.41224922401124786
FSD-JD3-36,exact_or_related,adjacent,66.60349765595576,67.015746879967,0.41224922401123365,0.41224922401123365
FSD-JD3-37,exact_or_related,adjacent,79.85922139806804,80.27147062207928,0.41224922401123365,0.41224922401123365
FSD-JD3-38,exact_or_related,adjacent,64.60405483396448,65.01630405797572,0.41224922401123365,0.41224922401123365
FSD-JD3-39,divergent,exact_or_related,73.70752644950416,73.25366758974936,-0.4538588597548028,0.4538588597548028
FSD-JD3-40,exact_or_related,adjacent,68.39561719268988,68.80786641670112,0.41224922401123365,0.41224922401123365
FSD-JD3-41,exact_or_related,adjacent,71.59112510630095,72.0033743303122,0.41224922401124786,0.41224922401124786
FSD-JD3-42,adjacent,divergent,68.60054313144396,68.64215276718753,0.04160963574356913,0.04160963574356913
FSD-JD3-43,adjacent,divergent,68.57462772078682,68.61623735653039,0.04160963574356913,0.04160963574356913
FSD-JD3-44,divergent,exact_or_related,68.90130687375898,68.44744801400417,-0.453858859754817,0.453858859754817
FSD-JD3-45,adjacent,divergent,76.71314695926819,76.75475659501176,0.04160963574356913,0.04160963574356913
FSD-JD3-46,exact_or_related,adjacent,64.68180106593591,65.09405028994715,0.41224922401123365,0.41224922401123365
FSD-JD3-47,divergent,exact_or_related,73.78527268147559,73.33141382172079,-0.4538588597548028,0.4538588597548028
FSD-JD3-48,adjacent,divergent,68.75603559538683,68.7976452311304,0.04160963574356913,0.04160963574356913
FSD-JD3-49,exact_or_related,adjacent,76.63058337796043,77.04283260197168,0.41224922401124786,0.41224922401124786
FSD-JD3-50,exact_or_related,adjacent,74.89029466254061,75.30254388655185,0.41224922401123365,0.41224922401123365
FSD-JD3-51,divergent,exact_or_related,73.86301891344704,73.40916005369222,-0.453858859754817,0.453858859754817
FSD-JD3-52,divergent,exact_or_related,65.006082872405,64.55222401265019,-0.453858859754817,0.453858859754817
FSD-JD3-53,divergent,exact_or_related,68.71989899915897,68.26604013940415,-0.453858859754817,0.453858859754817
FSD-JD3-54,exact_or_related,adjacent,69.59168228430967,70.00393150832092,0.41224922401124786,0.41224922401124786
FSD-JD3-55,exact_or_related,adjacent,76.43047478854267,76.8427240125539,0.41224922401123365,0.41224922401123365
FSD-JD3-56,exact_or_related,adjacent,68.36970178203273,68.78195100604398,0.41224922401124786,0.41224922401124786
FSD-JD3-57,exact_or_related,adjacent,71.6170405169581,72.02928974096933,0.41224922401123365,0.41224922401123365
FSD-JD3-58,exact_or_related,adjacent,68.2919555500613,68.70420477407254,0.41224922401123365,0.41224922401123365
FSD-JD3-59,exact_or_related,adjacent,78.39678750403742,78.80903672804865,0.41224922401123365,0.41224922401123365
FSD-JD3-60,divergent,exact_or_related,83.79365768866252,83.3397988289077,-0.453858859754817,0.453858859754817
FSD-JD3-61,exact_or_related,adjacent,77.96344021870534,78.37568944271658,0.41224922401123365,0.41224922401123365
FSD-JD3-62,exact_or_related,adjacent,71.6170405169581,72.02928974096933,0.41224922401123365,0.41224922401123365
FSD-JD3-63,divergent,exact_or_related,73.9666805560756,73.5128216963208,-0.4538588597548028,0.4538588597548028
FSD-JD3-64,divergent,exact_or_related,72.09681478737005,71.64295592761525,-0.4538588597548028,0.4538588597548028
FSD-JD3-65,exact_or_related,adjacent,80.3962303260287,80.80847955003993,0.41224922401123365,0.41224922401123365
FSD-JD3-66,divergent,exact_or_related,77.0139107015832,76.5600518418284,-0.4538588597548028,0.4538588597548028
FSD-JD3-67,exact_or_related,adjacent,79.72964434478232,80.14189356879356,0.41224922401124786,0.41224922401124786
FSD-JD3-68,exact_or_related,adjacent,60.965529860167194,61.377779084178435,0.41224922401124076,0.41224922401124076
FSD-JD3-69,exact_or_related,adjacent,73.46099087500652,73.87324009901775,0.41224922401123365,0.41224922401123365
FSD-JD3-70,adjacent,divergent,73.79549386704632,73.83710350278989,0.04160963574356913,0.04160963574356913
FSD-JD3-71,exact_or_related,adjacent,83.57303752482201,83.98528674883326,0.41224922401124786,0.41224922401124786
FSD-JD3-72,exact_or_related,adjacent,73.33141382172079,73.74366304573202,0.41224922401123365,0.41224922401123365
FSD-JD3-73,exact_or_related,adjacent,62.67990316492988,63.09215238894112,0.41224922401124076,0.41224922401124076
FSD-JD3-74,adjacent,divergent,71.84788186636932,71.88949150211289,0.04160963574356913,0.04160963574356913
FSD-JD3-75,exact_or_related,adjacent,78.47453373600885,78.88678296002008,0.41224922401123365,0.41224922401123365
FSD-JD3-76,exact_or_related,adjacent,68.21420931808987,68.6264585421011,0.41224922401123365,0.41224922401123365
FSD-JD3-77,exact_or_related,adjacent,76.48230560985695,76.8945548338682,0.41224922401124786,0.41224922401124786
FSD-JD3-78,exact_or_related,adjacent,68.21420931808987,68.6264585421011,0.41224922401123365,0.41224922401123365
FSD-JD3-79,exact_or_related,adjacent,69.51393605233824,69.92618527634949,0.41224922401124786,0.41224922401124786
FSD-JD3-80,adjacent,divergent,77.14649424460026,77.18810388034383,0.04160963574356913,0.04160963574356913
FSD-JD3-81,divergent,exact_or_related,73.81118809213274,73.35732923237794,-0.4538588597548028,0.4538588597548028
FSD-JD3-82,exact_or_related,adjacent,73.46099087500652,73.87324009901775,0.41224922401123365,0.41224922401123365
FSD-JD3-83,adjacent,divergent,68.83378182735827,68.87539146310183,0.04160963574356913,0.04160963574356913
FSD-JD3-84,exact_or_related,adjacent,68.36970178203273,68.78195100604398,0.41224922401124786,0.41224922401124786
FSD-JD3-85,adjacent,divergent,68.73012018472969,68.77172982047325,0.04160963574356913,0.04160963574356913
FSD-JD3-86,exact_or_related,adjacent,69.69534392693825,70.1075931509495,0.41224922401124786,0.41224922401124786
FSD-JD3-87,exact_or_related,adjacent,71.56520969564382,71.97745891965505,0.41224922401123365,0.41224922401123365
FSD-JD3-88,exact_or_related,adjacent,76.37864396722838,76.79089319123962,0.41224922401123365,0.41224922401123365
FSD-JD3-89,exact_or_related,adjacent,81.67725634545931,82.08950556947055,0.41224922401123365,0.41224922401123365
FSD-JD3-90,exact_or_related,adjacent,62.70581857558703,63.11806779959827,0.41224922401124076,0.41224922401124076
FSD-JD3-91,exact_or_related,adjacent,68.240124728747,68.65237395275825,0.41224922401124786,0.41224922401124786
FSD-JD3-92,exact_or_related,adjacent,68.2919555500613,68.70420477407254,0.41224922401123365,0.41224922401123365
FSD-JD3-93,divergent,exact_or_related,75.39598434360971,74.9421254838549,-0.453858859754817,0.453858859754817
FSD-JD3-94,exact_or_related,adjacent,62.88722645018704,63.299475674198284,0.41224922401124076,0.41224922401124076
FSD-JD3-95,exact_or_related,adjacent,71.51337887432952,71.92562809834075,0.41224922401123365,0.41224922401123365
FSD-JD3-96,adjacent,divergent,65.09405028994715,65.13565992569072,0.04160963574356913,0.04160963574356913
FSD-JD3-97,adjacent,divergent,65.09405028994715,65.13565992569072,0.04160963574356913,0.04160963574356913
FSD-JD3-98,exact_or_related,adjacent,71.40971723170094,71.82196645571219,0.41224922401124786,0.41224922401124786
FSD-JD3-99,divergent,exact_or_related,73.83710350278989,73.38324464303508,-0.4538588597548028,0.4538588597548028
FSD-JD3-100,exact_or_related,adjacent,68.34378637137559,68.75603559538683,0.41224922401124786,0.41224922401124786
AD-JD4-01,exact_or_related,adjacent,68.31787096071845,68.73012018472969,0.41224922401123365,0.41224922401123365
AD-JD4-02,adjacent,divergent,76.92047024452535,76.96207988026892,0.04160963574356913,0.04160963574356913
AD-JD4-03,divergent,exact_or_related,83.87140392063395,83.41754506087915,-0.4538588597548028,0.4538588597548028
AD-JD4-04,exact_or_related,adjacent,71.53929428498667,71.9515435089979,0.41224922401123365,0.41224922401123365
AD-JD4-05,adjacent,divergent,82.08950556947055,82.13111520521412,0.04160963574356913,0.04160963574356913
AD-JD4-06,exact_or_related,adjacent,69.7212593375954,70.13350856160663,0.41224922401123365,0.41224922401123365
AD-JD4-07,adjacent,divergent,66.93800064799557,66.97961028373913,0.04160963574356913,0.04160963574356913
AD-JD4-08,exact_or_related,adjacent,62.70581857558703,63.11806779959827,0.41224922401124076,0.41224922401124076
AD-JD4-09,exact_or_related,adjacent,68.2919555500613,68.70420477407254,0.41224922401123365,0.41224922401123365
AD-JD4-10,exact_or_related,adjacent,76.5082210205141,76.92047024452535,0.41224922401124786,0.41224922401124786
AD-JD4-11,exact_or_related,adjacent,73.48690628566365,73.8991555096749,0.41224922401124786,0.41224922401124786
AD-JD4-12,adjacent,divergent,70.0557623296352,70.09737196537877,0.04160963574356913,0.04160963574356913
AD-JD4-13,exact_or_related,adjacent,80.52580737931441,80.93805660332566,0.41224922401124786,0.41224922401124786
AD-JD4-14,exact_or_related,adjacent,73.38324464303508,73.79549386704632,0.41224922401123365,0.41224922401123365
AD-JD4-15,exact_or_related,adjacent,64.5003931913359,64.91264241534714,0.41224922401123365,0.41224922401123365
AD-JD4-16,exact_or_related,adjacent,74.83846384122631,75.25071306523756,0.41224922401124786,0.41224922401124786
AD-JD4-17,exact_or_related,adjacent,80.55172278997156,80.96397201398281,0.41224922401124786,0.41224922401124786
AD-JD4-18,exact_or_related,adjacent,68.39561719268988,68.80786641670112,0.41224922401123365,0.41224922401123365
AD-JD4-19,exact_or_related,adjacent,71.53929428498667,71.9515435089979,0.41224922401123365,0.41224922401123365
AD-JD4-20,adjacent,divergent,61.17045579892128,61.21206543466485,0.04160963574356913,0.04160963574356913
AD-JD4-21,adjacent,divergent,76.76497778058247,76.80658741632604,0.04160963574356913,0.04160963574356913
AD-JD4-22,divergent,exact_or_related,72.0708993767129,71.6170405169581,-0.4538588597548028,0.4538588597548028
AD-JD4-23,exact_or_related,adjacent,64.70771647659306,65.1199657006043,0.41224922401123365,0.41224922401123365
AD-JD4-24,exact_or_related,adjacent,74.76071760925488,75.17296683326612,0.41224922401123365,0.41224922401123365
AD-JD4-25,exact_or_related,adjacent,73.38324464303508,73.79549386704632,0.41224922401123365,0.41224922401123365
AD-JD4-26,exact_or_related,adjacent,68.39561719268988,68.80786641670112,0.41224922401123365,0.41224922401123365
AD-JD4-27,divergent,exact_or_related,68.87539146310183,68.42153260334703,-0.4538588597548028,0.4538588597548028
AD-JD4-28,exact_or_related,adjacent,62.75764939690132,63.16989862091256,0.41224922401124076,0.41224922401124076
AD-JD4-29,adjacent,divergent,80.03823192616498,80.07984156190855,0.04160963574356913,0.04160963574356913
AD-JD4-30,exact_or_related,adjacent,76.76016043124616,77.17240965525741,0.41224922401124786,0.41224922401124786
AD-JD4-31,exact_or_related,adjacent,68.31787096071845,68.73012018472969,0.41224922401123365,0.41224922401123365
AD-JD4-32,exact_or_related,adjacent,73.35732923237794,73.76957845638917,0.41224922401123365,0.41224922401123365
AD-JD4-33,divergent,exact_or_related,75.24049187966683,74.78663301991203,-0.4538588597548028,0.4538588597548028
AD-JD4-34,adjacent,divergent,81.98584392684197,82.02745356258553,0.04160963574356913,0.04160963574356913
AD-JD4-35,exact_or_related,adjacent,79.88513680872519,80.29738603273643,0.41224922401123365,0.41224922401123365
AD-JD4-36,adjacent,divergent,70.18533938292093,70.2269490186645,0.04160963574356913,0.04160963574356913
AD-JD4-37,adjacent,divergent,68.80786641670112,68.84947605244469,0.04160963574356913,0.04160963574356913
AD-JD4-38,divergent,exact_or_related,65.08382910437643,64.62997024462162,-0.453858859754817,0.453858859754817
AD-JD4-39,exact_or_related,adjacent,66.52575142398432,66.93800064799557,0.41224922401124786,0.41224922401124786
AD-JD4-40,adjacent,divergent,73.82140927770347,73.86301891344704,0.04160963574356913,0.04160963574356913
AD-JD4-41,divergent,exact_or_related,76.85841823764034,76.40455937788552,-0.453858859754817,0.453858859754817
AD-JD4-42,exact_or_related,adjacent,73.33141382172079,73.74366304573202,0.41224922401123365,0.41224922401123365
AD-JD4-43,exact_or_related,adjacent,73.43507546434937,73.8473246883606,0.41224922401123365,0.41224922401123365
AD-JD4-44,divergent,exact_or_related,76.91024905895462,76.45639019919982,-0.4538588597548028,0.4538588597548028
AD-JD4-45,exact_or_related,adjacent,64.70771647659306,65.1199657006043,0.41224922401123365,0.41224922401123365
AD-JD4-46,exact_or_related,adjacent,79.88513680872519,80.29738603273643,0.41224922401123365,0.41224922401123365
AD-JD4-47,divergent,exact_or_related,72.0708993767129,71.6170405169581,-0.4538588597548028,0.4538588597548028
AD-JD4-48,exact_or_related,adjacent,68.44744801400417,68.85969723801541,0.41224922401124786,0.41224922401124786
AD-JD4-49,exact_or_related,adjacent,71.51337887432952,71.92562809834075,0.41224922401123365,0.41224922401123365
AD-JD4-50,divergent,exact_or_related,73.88893432410417,73.43507546434937,-0.4538588597548028,0.4538588597548028
AD-JD4-51,divergent,exact_or_related,66.74637158782483,66.29251272807002,-0.4538588597548028,0.4538588597548028
AD-JD4-52,exact_or_related,adjacent,71.43563264235809,71.84788186636932,0.41224922401123365,0.41224922401123365
AD-JD4-53,exact_or_related,adjacent,64.65588565527877,65.06813487929001,0.41224922401124786,0.41224922401124786
AD-JD4-54,exact_or_related,adjacent,66.29251272807002,66.70476195208126,0.41224922401123365,0.41224922401123365
AD-JD4-55,exact_or_related,adjacent,76.58596725248553,76.99821647649678,0.41224922401124786,0.41224922401124786
AD-JD4-56,adjacent,divergent,73.79549386704632,73.83710350278989,0.04160963574356913,0.04160963574356913
AD-JD4-57,exact_or_related,adjacent,68.44744801400417,68.85969723801541,0.41224922401124786,0.41224922401124786
AD-JD4-58,adjacent,divergent,70.02984691897805,70.07145655472162,0.04160963574356913,0.04160963574356913
AD-JD4-59,divergent,exact_or_related,71.88949150211289,71.43563264235809,-0.4538588597548028,0.4538588597548028
AD-JD4-60,exact_or_related,adjacent,68.47336342466131,68.88561264867255,0.41224922401123365,0.41224922401123365
AD-JD4-61,exact_or_related,adjacent,64.62997024462162,65.04221946863287,0.41224922401124786,0.41224922401124786
AD-JD4-62,exact_or_related,adjacent,76.30089773525694,76.71314695926819,0.41224922401124786,0.41224922401124786
AD-JD4-63,exact_or_related,adjacent,69.51393605233824,69.92618527634949,0.41224922401124786,0.41224922401124786
AD-JD4-64,divergent,exact_or_related,70.07145655472162,69.61759769496682,-0.4538588597548028,0.4538588597548028
AD-JD4-65,exact_or_related,adjacent,76.43047478854267,76.8427240125539,0.41224922401123365,0.41224922401123365
AD-JD4-66,exact_or_related,adjacent,73.25366758974936,73.66591681376059,0.41224922401123365,0.41224922401123365
AD-JD4-67,exact_or_related,adjacent,79.80739057675376,80.219639800765,0.41224922401123365,0.41224922401123365
AD-JD4-68,adjacent,divergent,78.272027800088,78.31363743583157,0.04160963574356913,0.04160963574356913
AD-JD4-69,exact_or_related,adjacent,71.51337887432952,71.92562809834075,0.41224922401123365,0.41224922401123365
AD-JD4-70,exact_or_related,adjacent,64.47447778067875,64.88672700468999,0.41224922401123365,0.41224922401123365
AD-JD4-71,exact_or_related,adjacent,78.52636455732315,78.93861378133438,0.41224922401123365,0.41224922401123365
AD-JD4-72,exact_or_related,adjacent,71.40971723170094,71.82196645571219,0.41224922401124786,0.41224922401124786
AD-JD4-73,divergent,exact_or_related,71.8376606807986,71.38380182104379,-0.453858859754817,0.453858859754817
AD-JD4-74,adjacent,divergent,70.15942397226378,70.20103360800735,0.04160963574356913,0.04160963574356913
AD-JD4-75,exact_or_related,adjacent,68.36970178203273,68.78195100604398,0.41224922401124786,0.41224922401124786
AD-JD4-76,exact_or_related,adjacent,73.2795830004065,73.69183222441774,0.41224922401123365,0.41224922401123365
AD-JD4-77,adjacent,divergent,75.17296683326612,75.2145764690097,0.04160963574358334,0.04160963574358334
AD-JD4-78,exact_or_related,adjacent,68.44744801400417,68.85969723801541,0.41224922401124786,0.41224922401124786
AD-JD4-79,exact_or_related,adjacent,69.51393605233824,69.92618527634949,0.41224922401124786,0.41224922401124786
AD-JD4-80,divergent,exact_or_related,80.74642754315494,80.29256868340012,-0.453858859754817,0.453858859754817
AD-JD4-81,divergent,exact_or_related,61.23798084532199,60.78412198556718,-0.4538588597548099,0.4538588597548099
AD-JD4-82,exact_or_related,adjacent,83.57303752482201,83.98528674883326,0.41224922401124786,0.41224922401124786
AD-JD4-83,exact_or_related,adjacent,79.85922139806804,80.27147062207928,0.41224922401123365,0.41224922401123365
AD-JD4-84,adjacent,divergent,63.01440615696969,63.05601579271326,0.04160963574356913,0.04160963574356913
AD-JD4-85,adjacent,divergent,73.76957845638917,73.81118809213274,0.04160963574356913,0.04160963574356913
AD-JD4-86,exact_or_related,adjacent,69.61759769496682,70.02984691897805,0.41224922401123365,0.41224922401123365
AD-JD4-87,divergent,exact_or_related,78.46912989977444,78.01527104001963,-0.453858859754817,0.453858859754817
AD-JD4-88,adjacent,divergent,64.99038864731857,65.03199828306214,0.04160963574356913,0.04160963574356913
AD-JD4-89,exact_or_related,adjacent,68.21420931808987,68.6264585421011,0.41224922401123365,0.41224922401123365
AD-JD4-90,exact_or_related,adjacent,66.42208978135575,66.83433900536699,0.41224922401123365,0.41224922401123365
AD-JD4-91,exact_or_related,adjacent,76.5600518418284,76.97230106583963,0.41224922401123365,0.41224922401123365
AD-JD4-92,divergent,exact_or_related,65.10974451503358,64.65588565527877,-0.453858859754817,0.453858859754817
AD-JD4-93,exact_or_related,adjacent,68.26604013940415,68.6782893634154,0.41224922401124786,0.41224922401124786
AD-JD4-94,exact_or_related,adjacent,74.91621007319775,75.328459297209,0.41224922401124786,0.41224922401124786
AD-JD4-95,exact_or_related,adjacent,73.33141382172079,73.74366304573202,0.41224922401123365,0.41224922401123365
AD-JD4-96,divergent,exact_or_related,73.88893432410417,73.43507546434937,-0.4538588597548028,0.4538588597548028
AD-JD4-97,exact_or_related,adjacent,68.21420931808987,68.6264585421011,0.41224922401123365,0.41224922401123365
AD-JD4-98,exact_or_related,adjacent,71.64295592761525,72.05520515162648,0.41224922401123365,0.41224922401123365
AD-JD4-99,exact_or_related,adjacent,64.4485623700216,64.86081159403285,0.41224922401124786,0.41224922401124786
AD-JD4-100,exact_or_related,adjacent,66.37025896004145,66.7825081840527,0.41224922401124786,0.41224922401124786
FE-JD5-01,adjacent,divergent,77.21821742366419,77.25982705940775,0.04160963574356913,0.04160963574356913
FE-JD5-02,exact_or_related,adjacent,83.97444634658943,84.38669557060066,0.41224922401123365,0.41224922401123365
FE-JD5-03,exact_or_related,adjacent,72.04436474938267,72.4566139733939,0.41224922401123365,0.41224922401123365
FE-JD5-04,exact_or_related,adjacent,73.81056887545964,74.22281809947089,0.41224922401124786,0.41224922401124786
FE-JD5-05,adjacent,divergent,67.15800159516297,67.19961123090654,0.04160963574356913,0.04160963574356913
FE-JD5-06,exact_or_related,adjacent,80.74580832648182,81.15805755049307,0.41224922401124786,0.41224922401124786
FE-JD5-07,adjacent,divergent,68.95012113189709,68.99173076764066,0.04160963574356913,0.04160963574356913
FE-JD5-08,exact_or_related,adjacent,75.21395725233658,75.62620647634783,0.41224922401124786,0.41224922401124786
FE-JD5-09,exact_or_related,adjacent,73.65507641151677,74.06732563552801,0.41224922401123365,0.41224922401123365
FE-JD5-10,divergent,exact_or_related,65.511153336801,65.05729447704618,-0.453858859754817,0.453858859754817
FE-JD5-11,exact_or_related,adjacent,68.745195193143,69.15744441715425,0.41224922401124786,0.41224922401124786
FE-JD5-12,exact_or_related,adjacent,68.56378731854299,68.97603654255424,0.41224922401124786,0.41224922401124786
FE-JD5-13,exact_or_related,adjacent,76.98737607425295,77.3996252982642,0.41224922401124786,0.41224922401124786
FE-JD5-14,exact_or_related,adjacent,83.81895388264655,84.2312031066578,0.41224922401124786,0.41224922401124786
FE-JD5-15,exact_or_related,adjacent,80.9013007904247,81.31355001443593,0.41224922401123365,0.41224922401123365
FE-JD5-16,adjacent,divergent,70.40534033008834,70.4469499658319,0.04160963574356913,0.04160963574356913
FE-JD5-17,exact_or_related,adjacent,70.20041439133425,70.6126636153455,0.41224922401124786,0.41224922401124786
FE-JD5-18,exact_or_related,adjacent,68.69336437182872,69.10561359583996,0.41224922401123365,0.41224922401123365
FE-JD5-19,exact_or_related,adjacent,72.04436474938267,72.4566139733939,0.41224922401123365,0.41224922401123365
FE-JD5-20,adjacent,divergent,68.97603654255424,69.01764617829781,0.04160963574356913,0.04160963574356913
FE-JD5-21,exact_or_related,adjacent,73.65507641151677,74.06732563552801,0.41224922401123365,0.41224922401123365
FE-JD5-22,exact_or_related,adjacent,76.85779902096724,77.27004824497847,0.41224922401123365,0.41224922401123365
FE-JD5-23,divergent,exact_or_related,61.71713589906084,61.26327703930603,-0.4538588597548099,0.4538588597548099
FE-JD5-24,adjacent,divergent,67.05433995253439,67.09594958827796,0.04160963574356913,0.04160963574356913
FE-JD5-25,adjacent,divergent,65.44362829040028,65.48523792614385,0.04160963574356913,0.04160963574356913
FE-JD5-26,adjacent,divergent,81.33946542509308,81.38107506083665,0.04160963574356913,0.04160963574356913
FE-JD5-27,exact_or_related,adjacent,71.96661851741123,72.37886774142247,0.41224922401123365,0.41224922401123365
FE-JD5-28,exact_or_related,adjacent,83.81895388264655,84.2312031066578,0.41224922401124786,0.41224922401124786
FE-JD5-29,exact_or_related,adjacent,75.18804184167945,75.60029106569068,0.41224922401123365,0.41224922401123365
FE-JD5-30,divergent,exact_or_related,72.42047737716604,71.96661851741123,-0.4538588597548028,0.4538588597548028
FE-JD5-31,exact_or_related,adjacent,68.7970260144573,69.20927523846854,0.41224922401123365,0.41224922401123365
FE-JD5-32,exact_or_related,adjacent,72.0702801600398,72.48252938405105,0.41224922401124786,0.41224922401124786
FE-JD5-33,exact_or_related,adjacent,69.9412602847628,70.35350950877404,0.41224922401123365,0.41224922401123365
FE-JD5-34,adjacent,divergent,69.15744441715425,69.19905405289782,0.04160963574356913,0.04160963574356913
FE-JD5-35,adjacent,divergent,74.32647974209945,74.36808937784303,0.04160963574358334,0.04160963574358334
FE-JD5-36,exact_or_related,adjacent,65.05729447704618,65.46954370105743,0.41224922401124786,0.41224922401124786
FE-JD5-37,exact_or_related,adjacent,64.97954824507475,65.39179746908599,0.41224922401123365,0.41224922401123365
FE-JD5-38,adjacent,divergent,69.18335982781139,69.22496946355497,0.04160963574358334,0.04160963574358334
FE-JD5-39,exact_or_related,adjacent,76.85779902096724,77.27004824497847,0.41224922401123365,0.41224922401123365
FE-JD5-40,exact_or_related,adjacent,75.31761889496516,75.72986811897641,0.41224922401124786,0.41224922401124786
FE-JD5-41,exact_or_related,adjacent,73.88831510743107,74.30056433144232,0.41224922401124786,0.41224922401124786
FE-JD5-42,exact_or_related,adjacent,68.56378731854299,68.97603654255424,0.41224922401124786,0.41224922401124786
FE-JD5-43,exact_or_related,adjacent,63.05539657604016,63.4676458000514,0.41224922401124076,0.41224922401124076
FE-JD5-44,exact_or_related,adjacent,72.04436474938267,72.4566139733939,0.41224922401123365,0.41224922401123365
FE-JD5-45,exact_or_related,adjacent,64.92771742376046,65.3399666477717,0.41224922401124786,0.41224922401124786
FE-JD5-46,exact_or_related,adjacent,68.66744896117157,69.07969818518282,0.41224922401124786,0.41224922401124786
FE-JD5-47,exact_or_related,adjacent,78.9536887897477,79.36593801375895,0.41224922401124786,0.41224922401124786
FE-JD5-48,exact_or_related,adjacent,68.64153355051442,69.05378277452567,0.41224922401124786,0.41224922401124786
FE-JD5-49,divergent,exact_or_related,75.6678161120914,75.21395725233658,-0.453858859754817,0.453858859754817
FE-JD5-50,exact_or_related,adjacent,70.07083733804852,70.48308656205977,0.41224922401124786,0.41224922401124786
FE-JD5-51,exact_or_related,adjacent,76.78005278899579,77.19230201300704,0.41224922401124786,0.41224922401124786
FE-JD5-52,adjacent,divergent,75.60029106569068,75.64190070143425,0.04160963574356913,0.04160963574356913
FE-JD5-53,exact_or_related,adjacent,68.61561813985729,69.02786736386852,0.41224922401123365,0.41224922401123365
FE-JD5-54,exact_or_related,adjacent,76.75413737833865,77.16638660234989,0.41224922401123365,0.41224922401123365
FE-JD5-55,exact_or_related,adjacent,71.99253392806837,72.40478315207962,0.41224922401124786,0.41224922401124786
FE-JD5-56,exact_or_related,adjacent,68.71927978248587,69.1315290064971,0.41224922401123365,0.41224922401123365
FE-JD5-57,exact_or_related,adjacent,69.96717569541995,70.37942491943119,0.41224922401123365,0.41224922401123365
FE-JD5-58,exact_or_related,adjacent,70.01900651673424,70.43125574074547,0.41224922401123365,0.41224922401123365
FE-JD5-59,exact_or_related,adjacent,80.74580832648182,81.15805755049307,0.41224922401124786,0.41224922401124786
FE-JD5-60,exact_or_related,adjacent,64.84997119178902,65.26222041580027,0.41224922401124786,0.41224922401124786
FE-JD5-61,exact_or_related,adjacent,70.04492192739139,70.45717115140262,0.41224922401123365,0.41224922401123365
FE-JD5-62,adjacent,divergent,72.24929068813674,72.29090032388031,0.04160963574356913,0.04160963574356913
FE-JD5-63,exact_or_related,adjacent,71.8370414641255,72.24929068813674,0.41224922401123365,0.41224922401123365
FE-JD5-64,exact_or_related,adjacent,82.20824222051246,82.6204914445237,0.41224922401123365,0.41224922401123365
FE-JD5-65,exact_or_related,adjacent,82.18232680985531,82.59457603386655,0.41224922401123365,0.41224922401123365
FE-JD5-66,exact_or_related,adjacent,71.96661851741123,72.37886774142247,0.41224922401123365,0.41224922401123365
FE-JD5-67,adjacent,divergent,78.62160580054113,78.6632154362847,0.04160963574356913,0.04160963574356913
FE-JD5-68,exact_or_related,adjacent,64.74630954916044,65.15855877317169,0.41224922401124786,0.41224922401124786
FE-JD5-69,exact_or_related,adjacent,61.08186916470602,61.49411838871726,0.41224922401124076,0.41224922401124076
FE-JD5-70,exact_or_related,adjacent,73.75873805414535,74.17098727815659,0.41224922401123365,0.41224922401123365
FE-JD5-71,adjacent,divergent,70.50900197271692,70.55061160846049,0.04160963574356913,0.04160963574356913
FE-JD5-72,exact_or_related,adjacent,68.745195193143,69.15744441715425,0.41224922401124786,0.41224922401124786
FE-JD5-73,exact_or_related,adjacent,65.03137906638904,65.44362829040028,0.41224922401124786,0.41224922401124786
FE-JD5-74,adjacent,divergent,67.28757864844869,67.32918828419226,0.04160963574356913,0.04160963574356913
FE-JD5-75,exact_or_related,adjacent,80.97904702239613,81.39129624640736,0.41224922401123365,0.41224922401123365
FE-JD5-76,exact_or_related,adjacent,70.20041439133425,70.6126636153455,0.41224922401124786,0.41224922401124786
FE-JD5-77,exact_or_related,adjacent,76.75413737833865,77.16638660234989,0.41224922401123365,0.41224922401123365
FE-JD5-78,divergent,exact_or_related,69.22496946355497,68.77111060380015,-0.453858859754817,0.453858859754817
FE-JD5-79,exact_or_related,adjacent,80.97904702239613,81.39129624640736,0.41224922401123365,0.41224922401123365
FE-JD5-80,exact_or_related,adjacent,70.1744989806771,70.58674820468835,0.41224922401124786,0.41224922401124786
FE-JD5-81,exact_or_related,adjacent,78.92777337909055,79.3400226031018,0.41224922401124786,0.41224922401124786
FE-JD5-82,exact_or_related,adjacent,77.0132914849101,77.42554070892133,0.41224922401123365,0.41224922401123365
FE-JD5-83,adjacent,divergent,75.75578352963356,75.79739316537712,0.04160963574355492,0.04160963574355492
FE-JD5-84,adjacent,divergent,69.05378277452567,69.09539241026924,0.04160963574356913,0.04160963574356913
FE-JD5-85,adjacent,divergent,70.53491738337405,70.57652701911762,0.04160963574356913,0.04160963574356913
FE-JD5-86,exact_or_related,adjacent,63.15905821866874,63.57130744267998,0.41224922401124076,0.41224922401124076
FE-JD5-87,divergent,exact_or_related,74.36808937784303,73.91423051808822,-0.453858859754817,0.453858859754817
FE-JD5-88,exact_or_related,adjacent,63.02948116538301,63.44173038939425,0.41224922401124076,0.41224922401124076
FE-JD5-89,exact_or_related,adjacent,72.0702801600398,72.48252938405105,0.41224922401124786,0.41224922401124786
FE-JD5-90,exact_or_related,adjacent,71.99253392806837,72.40478315207962,0.41224922401124786,0.41224922401124786
FE-JD5-91,exact_or_related,adjacent,76.80596819965294,77.21821742366419,0.41224922401124786,0.41224922401124786
FE-JD5-92,exact_or_related,adjacent,84.07810798921801,84.49035721322925,0.41224922401123365,0.41224922401123365
FE-JD5-93,exact_or_related,adjacent,76.80596819965294,77.21821742366419,0.41224922401124786,0.41224922401124786
FE-JD5-94,exact_or_related,adjacent,70.01900651673424,70.43125574074547,0.41224922401123365,0.41224922401123365
FE-JD5-95,divergent,exact_or_related,65.22608381957241,64.77222495981759,-0.453858859754817,0.453858859754817
FE-JD5-96,adjacent,divergent,81.36538083575022,81.4069904714938,0.04160963574358334,0.04160963574358334
FE-JD5-97,adjacent,divergent,75.65212188700498,75.69373152274855,0.04160963574356913,0.04160963574356913
FE-JD5-98,exact_or_related,adjacent,73.7328226434882,74.14507186749944,0.41224922401123365,0.41224922401123365
FE-JD5-99,adjacent,divergent,63.4676458000514,63.50925543579497,0.04160963574356913,0.04160963574356913
FE-JD5-100,exact_or_related,adjacent,66.71983696049459,67.13208618450582,0.41224922401123365,0.41224922401123365
RD-JD6-01,divergent,exact_or_related,61.53572802446083,61.08186916470602,-0.4538588597548099,0.4538588597548099
RD-JD6-02,adjacent,divergent,69.1315290064971,69.17313864224067,0.04160963574356913,0.04160963574356913
RD-JD6-03,divergent,exact_or_related,74.16076609258587,73.70690723283106,-0.453858859754817,0.453858859754817
RD-JD6-04,exact_or_related,adjacent,68.53787190788586,68.95012113189709,0.41224922401123365,0.41224922401123365
RD-JD6-05,divergent,exact_or_related,69.17313864224067,68.71927978248587,-0.4538588597548028,0.4538588597548028
RD-JD6-06,exact_or_related,adjacent,68.51195649722871,68.92420572123994,0.41224922401123365,0.41224922401123365
RD-JD6-07,divergent,exact_or_related,72.47230819848032,72.01844933872552,-0.4538588597548028,0.4538588597548028
RD-JD6-08,exact_or_related,adjacent,77.0132914849101,77.42554070892133,0.41224922401123365,0.41224922401123365
RD-JD6-09,adjacent,divergent,70.37942491943119,70.42103455517476,0.04160963574356913,0.04160963574356913
RD-JD6-10,adjacent,divergent,69.07969818518282,69.12130782092639,0.04160963574356913,0.04160963574356913
RD-JD6-11,adjacent,divergent,80.724710265161,80.76631990090456,0.04160963574356913,0.04160963574356913
RD-JD6-12,exact_or_related,adjacent,78.26118739784418,78.67343662185542,0.41224922401123365,0.41224922401123365
RD-JD6-13,exact_or_related,adjacent,68.48604108657156,68.89829031058281,0.41224922401124786,0.41224922401124786
RD-JD6-14,exact_or_related,adjacent,71.99253392806837,72.40478315207962,0.41224922401124786,0.41224922401124786
RD-JD6-15,exact_or_related,adjacent,76.83188361031009,77.24413283432132,0.41224922401123365,0.41224922401123365
RD-JD6-16,exact_or_related,adjacent,76.78005278899579,77.19230201300704,0.41224922401124786,0.41224922401124786
RD-JD6-17,divergent,exact_or_related,67.14778040959224,66.69392154983744,-0.4538588597548028,0.4538588597548028
RD-JD6-18,exact_or_related,adjacent,68.64153355051442,69.05378277452567,0.41224922401124786,0.41224922401124786
RD-JD6-19,divergent,exact_or_related,74.31625855652874,73.86239969677393,-0.4538588597548028,0.4538588597548028
RD-JD6-20,adjacent,divergent,72.40478315207962,72.44639278782319,0.04160963574356913,0.04160963574356913
RD-JD6-21,divergent,exact_or_related,68.99173076764066,68.53787190788586,-0.4538588597548028,0.4538588597548028
RD-JD6-22,adjacent,divergent,79.39185342441608,79.43346306015965,0.04160963574356913,0.04160963574356913
RD-JD6-23,adjacent,divergent,70.58674820468835,70.62835784043192,0.04160963574356913,0.04160963574356913
RD-JD6-24,exact_or_related,adjacent,64.87588660244617,65.2881358264574,0.41224922401123365,0.41224922401123365
RD-JD6-25,exact_or_related,adjacent,70.1744989806771,70.58674820468835,0.41224922401124786,0.41224922401124786
RD-JD6-26,exact_or_related,adjacent,68.61561813985729,69.02786736386852,0.41224922401123365,0.41224922401123365
RD-JD6-27,exact_or_related,adjacent,76.78005278899579,77.19230201300704,0.41224922401124786,0.41224922401124786
RD-JD6-28,exact_or_related,adjacent,68.51195649722871,68.92420572123994,0.41224922401123365,0.41224922401123365
RD-JD6-29,exact_or_related,adjacent,63.13314280801159,63.54539203202283,0.41224922401124076,0.41224922401124076
RD-JD6-30,exact_or_related,adjacent,68.66744896117157,69.07969818518282,0.41224922401124786,0.41224922401124786
RD-JD6-31,exact_or_related,adjacent,66.9012448350946,67.31349405910584,0.41224922401123365,0.41224922401123365
RD-JD6-32,exact_or_related,adjacent,61.10778457536317,61.52003379937441,0.41224922401124076,0.41224922401124076
RD-JD6-33,exact_or_related,adjacent,83.92261552527515,84.33486474928638,0.41224922401123365,0.41224922401123365
RD-JD6-34,exact_or_related,adjacent,70.04492192739139,70.45717115140262,0.41224922401123365,0.41224922401123365
RD-JD6-35,exact_or_related,adjacent,71.91478769609694,72.32703692010818,0.41224922401124786,0.41224922401124786
RD-JD6-36,adjacent,divergent,74.06732563552801,74.10893527127158,0.04160963574356913,0.04160963574356913
RD-JD6-37,exact_or_related,adjacent,76.75413737833865,77.16638660234989,0.41224922401123365,0.41224922401123365
RD-JD6-38,exact_or_related,adjacent,83.97444634658943,84.38669557060066,0.41224922401123365,0.41224922401123365
RD-JD6-39,exact_or_related,adjacent,69.96717569541995,70.37942491943119,0.41224922401123365,0.41224922401123365
RD-JD6-40,exact_or_related,adjacent,70.07083733804852,70.48308656205977,0.41224922401124786,0.41224922401124786
RD-JD6-41,adjacent,divergent,77.49607224505338,77.53768188079695,0.04160963574356913,0.04160963574356913
RD-JD6-42,exact_or_related,adjacent,84.05219257856086,84.46444180257211,0.41224922401124786,0.41224922401124786
RD-JD6-43,exact_or_related,adjacent,71.94070310675409,72.35295233076532,0.41224922401123365,0.41224922401123365
RD-JD6-44,divergent,exact_or_related,69.22496946355497,68.77111060380015,-0.453858859754817,0.453858859754817
RD-JD6-45,exact_or_related,adjacent,71.96661851741123,72.37886774142247,0.41224922401123365,0.41224922401123365
RD-JD6-46,exact_or_related,adjacent,69.9412602847628,70.35350950877404,0.41224922401123365,0.41224922401123365
RD-JD6-47,exact_or_related,adjacent,81.97500352459815,82.3872527486094,0.41224922401124786,0.41224922401124786
RD-JD6-48,exact_or_related,adjacent,68.69336437182872,69.10561359583996,0.41224922401123365,0.41224922401123365
RD-JD6-49,exact_or_related,adjacent,66.69392154983744,67.10617077384867,0.41224922401123365,0.41224922401123365
RD-JD6-50,divergent,exact_or_related,68.96581535698351,68.51195649722871,-0.4538588597548028,0.4538588597548028
RD-JD6-51,divergent,exact_or_related,74.10893527127158,73.65507641151677,-0.4538588597548028,0.4538588597548028
RD-JD6-52,exact_or_related,adjacent,76.83188361031009,77.24413283432132,0.41224922401123365,0.41224922401123365
RD-JD6-53,exact_or_related,adjacent,70.14858357001997,70.5608327940312,0.41224922401123365,0.41224922401123365
RD-JD6-54,adjacent,divergent,79.52143047770181,79.56304011344538,0.04160963574356913,0.04160963574356913
RD-JD6-55,divergent,exact_or_related,80.81815072221885,80.36429186246404,-0.4538588597548028,0.4538588597548028
RD-JD6-56,exact_or_related,adjacent,71.81112605346836,72.2233752774796,0.41224922401124786,0.41224922401124786
RD-JD6-57,divergent,exact_or_related,72.42047737716604,71.96661851741123,-0.4538588597548028,0.4538588597548028
RD-JD6-58,exact_or_related,adjacent,80.1051377558926,80.51738697990383,0.41224922401123365,0.41224922401123365
RD-JD6-59,exact_or_related,adjacent,68.7970260144573,69.20927523846854,0.41224922401123365,0.41224922401123365
RD-JD6-60,divergent,exact_or_related,77.20799623809346,76.75413737833865,-0.4538588597548028,0.4538588597548028
RD-JD6-61,adjacent,divergent,69.05378277452567,69.09539241026924,0.04160963574356913,0.04160963574356913
RD-JD6-62,exact_or_related,adjacent,76.83188361031009,77.24413283432132,0.41224922401123365,0.41224922401123365
RD-JD6-63,adjacent,divergent,77.3477944769499,77.38940411269347,0.04160963574356913,0.04160963574356913
RD-JD6-64,adjacent,divergent,81.26171919312165,81.30332882886522,0.04160963574356913,0.04160963574356913
RD-JD6-65,exact_or_related,adjacent,73.94014592874537,74.3523951527566,0.41224922401123365,0.41224922401123365
RD-JD6-66,exact_or_related,adjacent,66.82349860312317,67.2357478271344,0.41224922401123365,0.41224922401123365
RD-JD6-67,exact_or_related,adjacent,77.0132914849101,77.42554070892133,0.41224922401123365,0.41224922401123365
RD-JD6-68,exact_or_related,adjacent,64.9536328344176,65.36588205842885,0.41224922401124786,0.41224922401124786
RD-JD6-69,exact_or_related,adjacent,73.75873805414535,74.17098727815659,0.41224922401123365,0.41224922401123365
RD-JD6-70,adjacent,divergent,77.3477944769499,77.38940411269347,0.04160963574356913,0.04160963574356913
RD-JD6-71,exact_or_related,adjacent,64.90180201310332,65.31405123711455,0.41224922401123365,0.41224922401123365
RD-JD6-72,exact_or_related,adjacent,68.53787190788586,68.95012113189709,0.41224922401123365,0.41224922401123365
RD-JD6-73,exact_or_related,adjacent,79.005519611062,79.41776883507323,0.41224922401123365,0.41224922401123365
RD-JD6-74,divergent,exact_or_related,80.61082743696169,80.15696857720688,-0.4538588597548028,0.4538588597548028
RD-JD6-75,exact_or_related,adjacent,64.79814037047474,65.21038959448597,0.41224922401123365,0.41224922401123365
RD-JD6-76,exact_or_related,adjacent,63.05539657604016,63.4676458000514,0.41224922401124076,0.41224922401124076
RD-JD6-77,divergent,exact_or_related,75.6159852907771,75.1621264310223,-0.4538588597548028,0.4538588597548028
RD-JD6-78,adjacent,divergent,70.32759409811689,70.36920373386047,0.04160963574358334,0.04160963574358334
RD-JD6-79,exact_or_related,adjacent,66.69392154983744,67.10617077384867,0.41224922401123365,0.41224922401123365
RD-JD6-80,adjacent,divergent,68.92420572123994,68.96581535698351,0.04160963574356913,0.04160963574356913
RD-JD6-81,exact_or_related,adjacent,64.77222495981759,65.18447418382884,0.41224922401124786,0.41224922401124786
RD-JD6-82,divergent,exact_or_related,75.69373152274855,75.23987266299373,-0.453858859754817,0.453858859754817
RD-JD6-83,exact_or_related,adjacent,80.74580832648182,81.15805755049307,0.41224922401124786,0.41224922401124786
RD-JD6-84,exact_or_related,adjacent,76.80596819965294,77.21821742366419,0.41224922401124786,0.41224922401124786
RD-JD6-85,exact_or_related,adjacent,73.78465346480249,74.19690268881374,0.41224922401124786,0.41224922401124786
RD-JD6-86,exact_or_related,adjacent,70.20041439133425,70.6126636153455,0.41224922401124786,0.41224922401124786
RD-JD6-87,adjacent,divergent,80.75062567581813,80.79223531156171,0.04160963574358334,0.04160963574358334
RD-JD6-88,exact_or_related,adjacent,71.78521064281121,72.19745986682246,0.41224922401124786,0.41224922401124786
RD-JD6-89,divergent,exact_or_related,65.27791464088669,64.82405578113189,-0.4538588597548028,0.4538588597548028
RD-JD6-90,adjacent,divergent,67.13208618450582,67.17369582024939,0.04160963574356913,0.04160963574356913
RD-JD6-91,exact_or_related,adjacent,76.75413737833865,77.16638660234989,0.41224922401123365,0.41224922401123365
RD-JD6-92,exact_or_related,adjacent,70.12266815936282,70.53491738337405,0.41224922401123365,0.41224922401123365
RD-JD6-93,exact_or_related,adjacent,68.51195649722871,68.92420572123994,0.41224922401123365,0.41224922401123365
RD-JD6-94,adjacent,divergent,77.27004824497847,77.31165788072204,0.04160963574356913,0.04160963574356913
RD-JD6-95,exact_or_related,adjacent,68.64153355051442,69.05378277452567,0.41224922401124786,0.41224922401124786
RD-JD6-96,exact_or_related,adjacent,80.79763914779612,81.20988837180735,0.41224922401123365,0.41224922401123365
RD-JD6-97,adjacent,divergent,78.85484449645543,78.89645413219901,0.04160963574358334,0.04160963574358334
RD-JD6-98,exact_or_related,adjacent,68.61561813985729,69.02786736386852,0.41224922401123365,0.41224922401123365
RD-JD6-99,divergent,exact_or_related,84.55788225962996,84.10402339987516,-0.4538588597548028,0.4538588597548028
RD-JD6-100,exact_or_related,adjacent,68.56378731854299,68.97603654255424,0.41224922401124786,0.41224922401124786
UID-JD7-01,adjacent,divergent,70.5608327940312,70.60244242977477,0.04160963574356913,0.04160963574356913
UID-JD7-02,exact_or_related,adjacent,78.31301821915847,78.72526744316971,0.41224922401124786,0.41224922401124786
UID-JD7-03,exact_or_related,adjacent,73.68099182217392,74.09324104618516,0.41224922401123365,0.41224922401123365
UID-JD7-04,adjacent,divergent,72.19745986682246,72.23906950256602,0.04160963574356913,0.04160963574356913
UID-JD7-05,exact_or_related,adjacent,65.03137906638904,65.44362829040028,0.41224922401124786,0.41224922401124786
UID-JD7-06,adjacent,divergent,70.40534033008834,70.4469499658319,0.04160963574356913,0.04160963574356913
UID-JD7-07,exact_or_related,adjacent,68.71927978248587,69.1315290064971,0.41224922401123365,0.41224922401123365
UID-JD7-08,exact_or_related,adjacent,82.2341576311696,82.64640685518084,0.41224922401124786,0.41224922401124786
UID-JD7-09,exact_or_related,adjacent,73.7328226434882,74.14507186749944,0.41224922401123365,0.41224922401123365
UID-JD7-10,adjacent,divergent,74.22281809947089,74.26442773521445,0.04160963574356913,0.04160963574356913
UID-JD7-11,exact_or_related,adjacent,68.69336437182872,69.10561359583996,0.41224922401123365,0.41224922401123365
UID-JD7-12,exact_or_related,adjacent,69.91534487410566,70.32759409811689,0.41224922401123365,0.41224922401123365
UID-JD7-13,exact_or_related,adjacent,77.23931548498501,77.65156470899626,0.41224922401124786,0.41224922401124786
UID-JD7-14,divergent,exact_or_related,79.61487093475967,79.16101207500486,-0.4538588597548028,0.4538588597548028
UID-JD7-15,exact_or_related,adjacent,68.61561813985729,69.02786736386852,0.41224922401123365,0.41224922401123365
UID-JD7-16,exact_or_related,adjacent,63.05539657604016,63.4676458000514,0.41224922401124076,0.41224922401124076
UID-JD7-17,adjacent,divergent,70.35350950877404,70.39511914451761,0.04160963574356913,0.04160963574356913
UID-JD7-18,exact_or_related,adjacent,78.2093565765299,78.62160580054113,0.41224922401123365,0.41224922401123365
UID-JD7-19,exact_or_related,adjacent,76.90962984228152,77.32187906629275,0.41224922401123365,0.41224922401123365
UID-JD7-20,exact_or_related,adjacent,80.28654563049261,80.69879485450384,0.41224922401123365,0.41224922401123365
UID-JD7-21,exact_or_related,adjacent,63.15905821866874,63.57130744267998,0.41224922401124076,0.41224922401124076
UID-JD7-22,exact_or_related,adjacent,83.94853093593228,84.36078015994353,0.41224922401124786,0.41224922401124786
UID-JD7-23,divergent,exact_or_related,67.30327287353512,66.8494140137803,-0.453858859754817,0.453858859754817
UID-JD7-24,exact_or_related,adjacent,66.9012448350946,67.31349405910584,0.41224922401123365,0.41224922401123365
UID-JD7-25,adjacent,divergent,69.15744441715425,69.19905405289782,0.04160963574356913,0.04160963574356913
UID-JD7-26,exact_or_related,adjacent,66.77166778180887,67.18391700582012,0.41224922401124786,0.41224922401124786
UID-JD7-27,exact_or_related,adjacent,76.85779902096724,77.27004824497847,0.41224922401123365,0.41224922401123365
UID-JD7-28,exact_or_related,adjacent,69.9412602847628,70.35350950877404,0.41224922401123365,0.41224922401123365
UID-JD7-29,exact_or_related,adjacent,75.1621264310223,75.57437565503355,0.41224922401124786,0.41224922401124786
UID-JD7-30,exact_or_related,adjacent,78.92777337909055,79.3400226031018,0.41224922401124786,0.41224922401124786
UID-JD7-31,adjacent,divergent,65.36588205842885,65.40749169417242,0.04160963574356913,0.04160963574356913
UID-JD7-32,exact_or_related,adjacent,62.95173493341158,63.36398415742282,0.41224922401124076,0.41224922401124076
UID-JD7-33,exact_or_related,adjacent,68.58970272920014,69.00195195321137,0.41224922401123365,0.41224922401123365
UID-JD7-34,exact_or_related,adjacent,70.14858357001997,70.5608327940312,0.41224922401123365,0.41224922401123365
UID-JD7-35,exact_or_related,adjacent,83.8448692933037,84.25711851731495,0.41224922401124786,0.41224922401124786
UID-JD7-36,exact_or_related,adjacent,77.057907610385,77.47015683439625,0.41224922401124786,0.41224922401124786
UID-JD7-37,exact_or_related,adjacent,70.04492192739139,70.45717115140262,0.41224922401123365,0.41224922401123365
UID-JD7-38,exact_or_related,adjacent,84.10402339987516,84.5162726238864,0.41224922401123365,0.41224922401123365
UID-JD7-39,exact_or_related,adjacent,68.51195649722871,68.92420572123994,0.41224922401123365,0.41224922401123365
UID-JD7-40,exact_or_related,adjacent,73.75873805414535,74.17098727815659,0.41224922401123365,0.41224922401123365
UID-JD7-41,adjacent,divergent,79.2881917817875,79.32980141753109,0.04160963574358334,0.04160963574358334
UID-JD7-42,adjacent,divergent,67.10617077384867,67.14778040959224,0.04160963574356913,0.04160963574356913
UID-JD7-43,divergent,exact_or_related,77.20799623809346,76.75413737833865,-0.4538588597548028,0.4538588597548028
UID-JD7-44,exact_or_related,adjacent,73.68099182217392,74.09324104618516,0.41224922401123365,0.41224922401123365
UID-JD7-45,exact_or_related,adjacent,64.74630954916044,65.15855877317169,0.41224922401124786,0.41224922401124786
UID-JD7-46,exact_or_related,adjacent,66.79758319246602,67.20983241647725,0.41224922401123365,0.41224922401123365
UID-JD7-47,exact_or_related,adjacent,66.64209072852314,67.05433995253439,0.41224922401124786,0.41224922401124786
UID-JD7-48,exact_or_related,adjacent,64.9536328344176,65.36588205842885,0.41224922401124786,0.41224922401124786
UID-JD7-49,exact_or_related,adjacent,71.99253392806837,72.40478315207962,0.41224922401124786,0.41224922401124786
UID-JD7-50,exact_or_related,adjacent,71.78521064281121,72.19745986682246,0.41224922401124786,0.41224922401124786
UID-JD7-51,adjacent,divergent,78.72526744316971,78.76687707891328,0.04160963574356913,0.04160963574356913
UID-JD7-52,adjacent,divergent,77.29596365563562,77.33757329137919,0.04160963574356913,0.04160963574356913
UID-JD7-53,exact_or_related,adjacent,63.0813119866973,63.49356121070854,0.41224922401124076,0.41224922401124076
UID-JD7-54,exact_or_related,adjacent,80.92721620108183,81.33946542509308,0.41224922401124786,0.41224922401124786
UID-JD7-55,adjacent,divergent,84.46444180257211,84.50605143831567,0.04160963574355492,0.04160963574355492
UID-JD7-56,exact_or_related,adjacent,76.75413737833865,77.16638660234989,0.41224922401123365,0.41224922401123365
UID-JD7-57,exact_or_related,adjacent,71.96661851741123,72.37886774142247,0.41224922401123365,0.41224922401123365
UID-JD7-58,exact_or_related,adjacent,68.53787190788586,68.95012113189709,0.41224922401123365,0.41224922401123365
UID-JD7-59,adjacent,divergent,79.49551506704466,79.53712470278823,0.04160963574356913,0.04160963574356913
UID-JD7-60,adjacent,divergent,72.32703692010818,72.36864655585175,0.04160963574356913,0.04160963574356913
UID-JD7-61,adjacent,divergent,72.37886774142247,72.42047737716604,0.04160963574356913,0.04160963574356913
UID-JD7-62,exact_or_related,adjacent,71.99253392806837,72.40478315207962,0.41224922401124786,0.41224922401124786
UID-JD7-63,adjacent,divergent,61.75327249528871,61.79488213103228,0.04160963574356913,0.04160963574356913
UID-JD7-64,adjacent,divergent,69.07969818518282,69.12130782092639,0.04160963574356913,0.04160963574356913
UID-JD7-65,adjacent,divergent,69.00195195321137,69.04356158895494,0.04160963574356913,0.04160963574356913
UID-JD7-66,adjacent,divergent,65.41771287974314,65.4593225154867,0.04160963574356913,0.04160963574356913
UID-JD7-67,exact_or_related,adjacent,69.99309110607709,70.40534033008834,0.41224922401124786,0.41224922401124786
UID-JD7-68,exact_or_related,adjacent,78.28710280850133,78.69935203251256,0.41224922401123365,0.41224922401123365
UID-JD7-69,exact_or_related,adjacent,77.26523089564216,77.6774801196534,0.41224922401123365,0.41224922401123365
UID-JD7-70,divergent,exact_or_related,70.55061160846049,70.09675274870567,-0.453858859754817,0.453858859754817
UID-JD7-71,adjacent,divergent,68.97603654255424,69.01764617829781,0.04160963574356913,0.04160963574356913
UID-JD7-72,exact_or_related,adjacent,80.15696857720688,80.56921780121812,0.41224922401123365,0.41224922401123365
UID-JD7-73,exact_or_related,adjacent,66.79758319246602,67.20983241647725,0.41224922401123365,0.41224922401123365
UID-JD7-74,exact_or_related,adjacent,76.83188361031009,77.24413283432132,0.41224922401123365,0.41224922401123365
UID-JD7-75,divergent,exact_or_related,69.09539241026924,68.64153355051442,-0.453858859754817,0.453858859754817
UID-JD7-76,divergent,exact_or_related,68.93989994632636,68.48604108657156,-0.4538588597548028,0.4538588597548028
UID-JD7-77,exact_or_related,adjacent,68.61561813985729,69.02786736386852,0.41224922401123365,0.41224922401123365
UID-JD7-78,exact_or_related,adjacent,70.09675274870567,70.50900197271692,0.41224922401124786,0.41224922401124786
UID-JD7-79,exact_or_related,adjacent,70.12266815936282,70.53491738337405,0.41224922401123365,0.41224922401123365
UID-JD7-80,adjacent,divergent,84.2830339279721,84.32464356371565,0.04160963574355492,0.04160963574355492
UID-JD7-81,adjacent,divergent,69.02786736386852,69.06947699961209,0.04160963574356913,0.04160963574356913
UID-JD7-82,adjacent,divergent,81.41721165706451,81.45882129280808,0.04160963574356913,0.04160963574356913
UID-JD7-83,divergent,exact_or_related,77.18208082743631,76.7282219676815,-0.4538588597548028,0.4538588597548028
UID-JD7-84,adjacent,divergent,80.6728794438467,80.71448907959027,0.04160963574356913,0.04160963574356913
UID-JD7-85,divergent,exact_or_related,69.04356158895494,68.58970272920014,-0.4538588597548028,0.4538588597548028
UID-JD7-86,adjacent,divergent,63.59722285333712,63.63883248908069,0.04160963574356913,0.04160963574356913
UID-JD7-87,exact_or_related,adjacent,68.745195193143,69.15744441715425,0.41224922401124786,0.41224922401124786
UID-JD7-88,exact_or_related,adjacent,66.9012448350946,67.31349405910584,0.41224922401123365,0.41224922401123365
UID-JD7-89,adjacent,divergent,69.05378277452567,69.09539241026924,0.04160963574356913,0.04160963574356913
UID-JD7-90,exact_or_related,adjacent,76.88371443162437,77.29596365563562,0.41224922401124786,0.41224922401124786
UID-JD7-91,adjacent,divergent,69.07969818518282,69.12130782092639,0.04160963574356913,0.04160963574356913
UID-JD7-92,exact_or_related,adjacent,76.80596819965294,77.21821742366419,0.41224922401124786,0.41224922401124786
UID-JD7-93,adjacent,divergent,67.28757864844869,67.32918828419226,0.04160963574356913,0.04160963574356913
UID-JD7-94,exact_or_related,adjacent,70.01900651673424,70.43125574074547,0.41224922401123365,0.41224922401123365
UID-JD7-95,exact_or_related,adjacent,68.53787190788586,68.95012113189709,0.41224922401123365,0.41224922401123365
UID-JD7-96,exact_or_related,adjacent,66.82349860312317,67.2357478271344,0.41224922401123365,0.41224922401123365
UID-JD7-97,exact_or_related,adjacent,79.05735043237628,79.46959965638753,0.41224922401124786,0.41224922401124786
UID-JD7-98,exact_or_related,adjacent,68.51195649722871,68.92420572123994,0.41224922401123365,0.41224922401123365
UID-JD7-99,exact_or_related,adjacent,69.9412602847628,70.35350950877404,0.41224922401123365,0.41224922401123365
UID-JD7-100,exact_or_related,adjacent,64.92771742376046,65.3399666477717,0.41224922401124786,0.41224922401124786
BE-JD8-01,adjacent,divergent,68.6782893634154,68.71989899915897,0.04160963574356913,0.04160963574356913
BE-JD8-02,exact_or_related,adjacent,64.65588565527877,65.06813487929001,0.41224922401124786,0.41224922401124786
BE-JD8-03,exact_or_related,adjacent,66.60349765595576,67.015746879967,0.41224922401123365,0.41224922401123365
BE-JD8-04,exact_or_related,adjacent,66.47392060267003,66.88616982668128,0.41224922401124786,0.41224922401124786
BE-JD8-05,exact_or_related,adjacent,71.43563264235809,71.84788186636932,0.41224922401123365,0.41224922401123365
BE-JD8-06,exact_or_related,adjacent,66.49983601332718,66.91208523733842,0.41224922401123365,0.41224922401123365
BE-JD8-07,exact_or_related,adjacent,62.70581857558703,63.11806779959827,0.41224922401124076,0.41224922401124076
BE-JD8-08,exact_or_related,adjacent,68.47336342466131,68.88561264867255,0.41224922401123365,0.41224922401123365
BE-JD8-09,adjacent,divergent,68.80786641670112,68.84947605244469,0.04160963574356913,0.04160963574356913
BE-JD8-10,divergent,exact_or_related,68.87539146310183,68.42153260334703,-0.4538588597548028,0.4538588597548028
BE-JD8-11,adjacent,divergent,71.89971268768362,71.94132232342719,0.04160963574356913,0.04160963574356913
BE-JD8-12,adjacent,divergent,68.70420477407254,68.7458144098161,0.04160963574356913,0.04160963574356913
BE-JD8-13,adjacent,divergent,65.04221946863287,65.08382910437643,0.04160963574356913,0.04160963574356913
BE-JD8-14,divergent,exact_or_related,78.46912989977444,78.01527104001963,-0.453858859754817,0.453858859754817
BE-JD8-15,divergent,exact_or_related,80.15758779387998,79.70372893412518,-0.4538588597548028,0.4538588597548028
BE-JD8-16,exact_or_related,adjacent,68.21420931808987,68.6264585421011,0.41224922401123365,0.41224922401123365
BE-JD8-17,exact_or_related,adjacent,76.32681314591409,76.73906236992534,0.41224922401124786,0.41224922401124786
BE-JD8-18,exact_or_related,adjacent,83.49529129285058,83.90754051686181,0.41224922401123365,0.41224922401123365
BE-JD8-19,exact_or_related,adjacent,78.68185702126601,79.09410624527725,0.41224922401123365,0.41224922401123365
BE-JD8-20,exact_or_related,adjacent,68.21420931808987,68.6264585421011,0.41224922401123365,0.41224922401123365
BE-JD8-21,adjacent,divergent,68.75603559538683,68.7976452311304,0.04160963574356913,0.04160963574356913
BE-JD8-22,exact_or_related,adjacent,78.500449146666,78.91269837067723,0.41224922401123365,0.41224922401123365
BE-JD8-23,exact_or_related,adjacent,68.39561719268988,68.80786641670112,0.41224922401123365,0.41224922401123365
BE-JD8-24,exact_or_related,adjacent,69.77309015890968,70.18533938292093,0.41224922401124786,0.41224922401124786
BE-JD8-25,adjacent,divergent,73.92507092033205,73.9666805560756,0.04160963574355492,0.04160963574355492
BE-JD8-26,adjacent,divergent,68.83378182735827,68.87539146310183,0.04160963574356913,0.04160963574356913
BE-JD8-27,adjacent,divergent,68.75603559538683,68.7976452311304,0.04160963574356913,0.04160963574356913
BE-JD8-28,exact_or_related,adjacent,79.78147516609661,80.19372439010785,0.41224922401123365,0.41224922401123365
BE-JD8-29,adjacent,divergent,78.14245074680228,78.18406038254585,0.04160963574356913,0.04160963574356913
BE-JD8-30,exact_or_related,adjacent,68.34378637137559,68.75603559538683,0.41224922401124786,0.41224922401124786
BE-JD8-31,exact_or_related,adjacent,68.21420931808987,68.6264585421011,0.41224922401123365,0.41224922401123365
BE-JD8-32,exact_or_related,adjacent,66.31842813872717,66.7306773627384,0.41224922401123365,0.41224922401123365
BE-JD8-33,exact_or_related,adjacent,80.52580737931441,80.93805660332566,0.41224922401124786,0.41224922401124786
BE-JD8-34,exact_or_related,adjacent,68.34378637137559,68.75603559538683,0.41224922401124786,0.41224922401124786
BE-JD8-35,exact_or_related,adjacent,68.39561719268988,68.80786641670112,0.41224922401123365,0.41224922401123365
BE-JD8-36,divergent,exact_or_related,76.83250282698319,76.37864396722838,-0.4538588597548028,0.4538588597548028
BE-JD8-37,exact_or_related,adjacent,68.42153260334703,68.83378182735827,0.41224922401123365,0.41224922401123365
BE-JD8-38,exact_or_related,adjacent,68.42153260334703,68.83378182735827,0.41224922401123365,0.41224922401123365
BE-JD8-39,exact_or_related,adjacent,77.98935562936249,78.40160485337373,0.41224922401123365,0.41224922401123365
BE-JD8-40,adjacent,divergent,68.83378182735827,68.87539146310183,0.04160963574356913,0.04160963574356913
BE-JD8-41,adjacent,divergent,70.00393150832092,70.04554114406449,0.04160963574356913,0.04160963574356913
BE-JD8-42,exact_or_related,adjacent,71.59112510630095,72.0033743303122,0.41224922401124786,0.41224922401124786
BE-JD8-43,exact_or_related,adjacent,81.70317175611646,82.1154209801277,0.41224922401123365,0.41224922401123365
BE-JD8-44,adjacent,divergent,78.91269837067723,78.9543080064208,0.04160963574356913,0.04160963574356913
BE-JD8-45,exact_or_related,adjacent,69.7212593375954,70.13350856160663,0.41224922401123365,0.41224922401123365
BE-JD8-46,exact_or_related,adjacent,71.64295592761525,72.05520515162648,0.41224922401123365,0.41224922401123365
BE-JD8-47,exact_or_related,adjacent,71.38380182104379,71.79605104505504,0.41224922401124786,0.41224922401124786
BE-JD8-48,exact_or_related,adjacent,73.30549841106364,73.71774763507489,0.41224922401124786,0.41224922401124786
BE-JD8-49,exact_or_related,adjacent,74.83846384122631,75.25071306523756,0.41224922401124786,0.41224922401124786
BE-JD8-50,divergent,exact_or_related,66.8500332304534,66.3961743706986,-0.4538588597548028,0.4538588597548028
BE-JD8-51,exact_or_related,adjacent,68.21420931808987,68.6264585421011,0.41224922401123365,0.41224922401123365
BE-JD8-52,adjacent,divergent,76.73906236992534,76.78067200566889,0.04160963574355492,0.04160963574355492
BE-JD8-53,adjacent,divergent,72.02928974096933,72.0708993767129,0.04160963574356913,0.04160963574356913
BE-JD8-54,exact_or_related,adjacent,76.37864396722838,76.79089319123962,0.41224922401123365,0.41224922401123365
BE-JD8-55,divergent,exact_or_related,68.84947605244469,68.39561719268988,-0.4538588597548028,0.4538588597548028
BE-JD8-56,adjacent,divergent,68.65237395275825,68.69398358850182,0.04160963574356913,0.04160963574356913
BE-JD8-57,adjacent,divergent,72.05520515162648,72.09681478737005,0.04160963574356913,0.04160963574356913
BE-JD8-58,exact_or_related,adjacent,68.36970178203273,68.78195100604398,0.41224922401124786,0.41224922401124786
BE-JD8-59,exact_or_related,adjacent,69.56576687365254,69.97801609766377,0.41224922401123365,0.41224922401123365
BE-JD8-60,adjacent,divergent,83.90754051686181,83.94915015260538,0.04160963574356913,0.04160963574356913
BE-JD8-61,exact_or_related,adjacent,79.85922139806804,80.27147062207928,0.41224922401123365,0.41224922401123365
BE-JD8-62,exact_or_related,adjacent,76.53413643117125,76.94638565518248,0.41224922401123365,0.41224922401123365
BE-JD8-63,exact_or_related,adjacent,68.21420931808987,68.6264585421011,0.41224922401123365,0.41224922401123365
BE-JD8-64,exact_or_related,adjacent,66.49983601332718,66.91208523733842,0.41224922401123365,0.41224922401123365
BE-JD8-65,divergent,exact_or_related,82.02745356258553,81.57359470283073,-0.4538588597548028,0.4538588597548028
BE-JD8-66,adjacent,divergent,73.92507092033205,73.9666805560756,0.04160963574355492,0.04160963574355492
BE-JD8-67,adjacent,divergent,76.9391709593431,76.98078059508667,0.04160963574356913,0.04160963574356913
BE-JD8-68,adjacent,divergent,73.79549386704632,73.83710350278989,0.04160963574356913,0.04160963574356913
BE-JD8-69,exact_or_related,adjacent,69.61759769496682,70.02984691897805,0.41224922401123365,0.41224922401123365
BE-JD8-70,adjacent,divergent,66.96391605865271,67.00552569439628,0.04160963574356913,0.04160963574356913
BE-JD8-71,exact_or_related,adjacent,71.43563264235809,71.84788186636932,0.41224922401123365,0.41224922401123365
BE-JD8-72,exact_or_related,adjacent,60.81003739622433,61.222286620235565,0.41224922401123365,0.41224922401123365
BE-JD8-73,adjacent,divergent,68.78195100604398,68.82356064178755,0.04160963574356913,0.04160963574356913
BE-JD8-74,exact_or_related,adjacent,77.75611693344818,78.16836615745942,0.41224922401123365,0.41224922401123365
BE-JD8-75,adjacent,divergent,70.02984691897805,70.07145655472162,0.04160963574356913,0.04160963574356913
BE-JD8-76,adjacent,divergent,77.02413188715391,77.0657415228975,0.04160963574358334,0.04160963574358334
BE-JD8-77,divergent,exact_or_related,63.367000720598995,62.913141860844185,-0.4538588597548099,0.4538588597548099
BE-JD8-78,exact_or_related,adjacent,69.48802064168109,69.90026986569234,0.41224922401124786,0.41224922401124786
BE-JD8-79,adjacent,divergent,76.91325554868595,76.95486518442952,0.04160963574356913,0.04160963574356913
BE-JD8-80,exact_or_related,adjacent,68.16237849677557,68.57462772078682,0.41224922401124786,0.41224922401124786
BE-JD8-81,exact_or_related,adjacent,81.59951011348787,82.01175933749911,0.41224922401124786,0.41224922401124786
BE-JD8-82,exact_or_related,adjacent,76.57875255664615,76.99100178065738,0.41224922401123365,0.41224922401123365
BE-JD8-83,divergent,exact_or_related,68.7976452311304,68.34378637137559,-0.453858859754817,0.453858859754817
BE-JD8-84,exact_or_related,adjacent,79.6000672914966,80.01231651550783,0.41224922401123365,0.41224922401123365
BE-JD8-85,exact_or_related,adjacent,71.56520969564382,71.97745891965505,0.41224922401123365,0.41224922401123365
BE-JD8-86,exact_or_related,adjacent,68.240124728747,68.65237395275825,0.41224922401124786,0.41224922401124786
BE-JD8-87,exact_or_related,adjacent,76.552837145989,76.96508637000025,0.41224922401124786,0.41224922401124786
BE-JD8-88,exact_or_related,adjacent,61.04327609213863,61.455525316149874,0.41224922401124076,0.41224922401124076
BE-JD8-89,exact_or_related,adjacent,68.34378637137559,68.75603559538683,0.41224922401124786,0.41224922401124786
BE-JD8-90,exact_or_related,adjacent,73.38324464303508,73.79549386704632,0.41224922401123365,0.41224922401123365
BE-JD8-91,adjacent,divergent,68.85969723801541,68.90130687375898,0.04160963574356913,0.04160963574356913
BE-JD8-92,exact_or_related,adjacent,76.61188266314268,77.02413188715391,0.41224922401123365,0.41224922401123365
BE-JD8-93,exact_or_related,adjacent,74.6570559666263,75.06930519063755,0.41224922401124786,0.41224922401124786
BE-JD8-94,exact_or_related,adjacent,69.74717474825255,70.15942397226378,0.41224922401123365,0.41224922401123365
BE-JD8-95,exact_or_related,adjacent,78.37087209338027,78.7831213173915,0.41224922401123365,0.41224922401123365
BE-JD8-96,exact_or_related,adjacent,68.44744801400417,68.85969723801541,0.41224922401124786,0.41224922401124786
BE-JD8-97,exact_or_related,adjacent,68.31787096071845,68.73012018472969,0.41224922401123365,0.41224922401123365
BE-JD8-98,adjacent,divergent,68.83378182735827,68.87539146310183,0.04160963574356913,0.04160963574356913
BE-JD8-99,divergent,exact_or_related,63.34108530994185,62.88722645018704,-0.4538588597548099,0.4538588597548099
BE-JD8-100,divergent,exact_or_related,78.33955284648871,77.88569398673391,-0.4538588597548028,0.4538588597548028
APD-JD9-01,divergent,exact_or_related,66.9018640517677,66.44800519201289,-0.453858859754817,0.453858859754817
APD-JD9-02,exact_or_related,adjacent,68.26604013940415,68.6782893634154,0.41224922401124786,0.41224922401124786
APD-JD9-03,adjacent,divergent,68.60054313144396,68.64215276718753,0.04160963574356913,0.04160963574356913
APD-JD9-04,exact_or_related,adjacent,68.18829390743272,68.60054313144396,0.41224922401123365,0.41224922401123365
APD-JD9-05,divergent,exact_or_related,82.0015381519284,81.54767929217358,-0.453858859754817,0.453858859754817
APD-JD9-06,exact_or_related,adjacent,71.46154805301524,71.87379727702647,0.41224922401123365,0.41224922401123365
APD-JD9-07,exact_or_related,adjacent,69.51393605233824,69.92618527634949,0.41224922401124786,0.41224922401124786
APD-JD9-08,adjacent,divergent,70.18533938292093,70.2269490186645,0.04160963574356913,0.04160963574356913
APD-JD9-09,exact_or_related,adjacent,69.6694285162811,70.08167774029235,0.41224922401124786,0.41224922401124786
APD-JD9-10,exact_or_related,adjacent,77.7042861121339,78.11653533614513,0.41224922401123365,0.41224922401123365
APD-JD9-11,exact_or_related,adjacent,68.34378637137559,68.75603559538683,0.41224922401124786,0.41224922401124786
APD-JD9-12,adjacent,divergent,68.73012018472969,68.77172982047325,0.04160963574356913,0.04160963574356913
APD-JD9-13,exact_or_related,adjacent,76.35272855657124,76.76497778058247,0.41224922401123365,0.41224922401123365
APD-JD9-14,adjacent,divergent,73.69183222441774,73.7334418601613,0.04160963574356913,0.04160963574356913
APD-JD9-15,adjacent,divergent,61.377779084178435,61.419388719922004,0.04160963574356913,0.04160963574356913
APD-JD9-16,adjacent,divergent,68.78195100604398,68.82356064178755,0.04160963574356913,0.04160963574356913
APD-JD9-17,exact_or_related,adjacent,73.48690628566365,73.8991555096749,0.41224922401124786,0.41224922401124786
APD-JD9-18,exact_or_related,adjacent,64.5003931913359,64.91264241534714,0.41224922401123365,0.41224922401123365
APD-JD9-19,adjacent,divergent,68.65237395275825,68.69398358850182,0.04160963574356913,0.04160963574356913
APD-JD9-20,adjacent,divergent,68.85969723801541,68.90130687375898,0.04160963574356913,0.04160963574356913
APD-JD9-21,exact_or_related,adjacent,74.86437925188346,75.2766284758947,0.41224922401123365,0.41224922401123365
APD-JD9-22,exact_or_related,adjacent,66.49983601332718,66.91208523733842,0.41224922401123365,0.41224922401123365
APD-JD9-23,exact_or_related,adjacent,77.83386316541961,78.24611238943086,0.41224922401124786,0.41224922401124786
APD-JD9-24,exact_or_related,adjacent,64.5003931913359,64.91264241534714,0.41224922401123365,0.41224922401123365
APD-JD9-25,exact_or_related,adjacent,64.62997024462162,65.04221946863287,0.41224922401124786,0.41224922401124786
APD-JD9-26,exact_or_related,adjacent,62.65398775427274,63.06623697828398,0.41224922401124076,0.41224922401124076
APD-JD9-27,adjacent,divergent,61.17045579892128,61.21206543466485,0.04160963574356913,0.04160963574356913
APD-JD9-28,adjacent,divergent,68.57462772078682,68.61623735653039,0.04160963574356913,0.04160963574356913
APD-JD9-29,exact_or_related,adjacent,81.65134093480216,82.06359015881341,0.41224922401124786,0.41224922401124786
APD-JD9-30,adjacent,divergent,64.93855782600428,64.98016746174785,0.04160963574356913,0.04160963574356913
APD-JD9-31,adjacent,divergent,73.8473246883606,73.88893432410417,0.04160963574356913,0.04160963574356913
APD-JD9-32,adjacent,divergent,80.7825641393828,80.82417377512635,0.04160963574355492,0.04160963574355492
APD-JD9-33,exact_or_related,adjacent,62.70581857558703,63.11806779959827,0.41224922401124076,0.41224922401124076
APD-JD9-34,divergent,exact_or_related,68.69398358850182,68.240124728747,-0.453858859754817,0.453858859754817
APD-JD9-35,adjacent,divergent,68.78195100604398,68.82356064178755,0.04160963574356913,0.04160963574356913
APD-JD9-36,exact_or_related,adjacent,71.48746346367237,71.89971268768362,0.41224922401124786,0.41224922401124786
APD-JD9-37,exact_or_related,adjacent,71.6688713382724,72.08112056228363,0.41224922401123365,0.41224922401123365
APD-JD9-38,exact_or_related,adjacent,68.42153260334703,68.83378182735827,0.41224922401123365,0.41224922401123365
APD-JD9-39,exact_or_related,adjacent,66.29251272807002,66.70476195208126,0.41224922401123365,0.41224922401123365
APD-JD9-40,exact_or_related,adjacent,68.34378637137559,68.75603559538683,0.41224922401124786,0.41224922401124786
APD-JD9-41,divergent,exact_or_related,66.92777946242484,66.47392060267003,-0.4538588597548028,0.4538588597548028
APD-JD9-42,adjacent,divergent,81.98584392684197,82.02745356258553,0.04160963574356913,0.04160963574356913
APD-JD9-43,adjacent,divergent,68.6782893634154,68.71989899915897,0.04160963574356913,0.04160963574356913
APD-JD9-44,exact_or_related,adjacent,64.62997024462162,65.04221946863287,0.41224922401124786,0.41224922401124786
APD-JD9-45,exact_or_related,adjacent,76.37864396722838,76.79089319123962,0.41224922401123365,0.41224922401123365
APD-JD9-46,exact_or_related,adjacent,68.47336342466131,68.88561264867255,0.41224922401123365,0.41224922401123365
APD-JD9-47,exact_or_related,adjacent,68.39561719268988,68.80786641670112,0.41224922401123365,0.41224922401123365
APD-JD9-48,divergent,exact_or_related,76.98078059508667,76.52692173533185,-0.453858859754817,0.453858859754817
APD-JD9-49,divergent,exact_or_related,68.71989899915897,68.26604013940415,-0.453858859754817,0.453858859754817
APD-JD9-50,exact_or_related,adjacent,80.44806114734298,80.86031037135423,0.41224922401124786,0.41224922401124786
APD-JD9-51,divergent,exact_or_related,68.7976452311304,68.34378637137559,-0.453858859754817,0.453858859754817
APD-JD9-52,exact_or_related,adjacent,71.35788641038666,71.77013563439789,0.41224922401123365,0.41224922401123365
APD-JD9-53,adjacent,divergent,68.75603559538683,68.7976452311304,0.04160963574356913,0.04160963574356913
APD-JD9-54,divergent,exact_or_related,78.82473095313507,78.37087209338027,-0.4538588597548028,0.4538588597548028
APD-JD9-55,adjacent,divergent,63.06623697828398,63.10784661402755,0.04160963574356913,0.04160963574356913
APD-JD9-56,adjacent,divergent,73.66591681376059,73.70752644950416,0.04160963574356913,0.04160963574356913
APD-JD9-57,adjacent,divergent,69.97801609766377,70.01962573340734,0.04160963574356913,0.04160963574356913
APD-JD9-58,exact_or_related,adjacent,78.01527104001963,78.42752026403087,0.41224922401124786,0.41224922401124786
APD-JD9-59,adjacent,divergent,78.96452919199152,79.0061388277351,0.04160963574358334,0.04160963574358334
APD-JD9-60,adjacent,divergent,81.90809769487053,81.9497073306141,0.04160963574356913,0.04160963574356913
APD-JD9-61,adjacent,divergent,79.01636001330581,79.05796964904938,0.04160963574356913,0.04160963574356913
APD-JD9-62,adjacent,divergent,70.13350856160663,70.1751181973502,0.04160963574356913,0.04160963574356913
APD-JD9-63,adjacent,divergent,78.86086754936295,78.90247718510652,0.04160963574356913,0.04160963574356913
APD-JD9-64,exact_or_related,adjacent,68.47336342466131,68.88561264867255,0.41224922401123365,0.41224922401123365
APD-JD9-65,divergent,exact_or_related,63.10784661402755,62.65398775427274,-0.4538588597548099,0.4538588597548099
APD-JD9-66,adjacent,divergent,68.75603559538683,68.7976452311304,0.04160963574356913,0.04160963574356913
APD-JD9-67,exact_or_related,adjacent,71.56520969564382,71.97745891965505,0.41224922401123365,0.41224922401123365
APD-JD9-68,adjacent,divergent,70.1075931509495,70.14920278669307,0.04160963574356913,0.04160963574356913
APD-JD9-69,exact_or_related,adjacent,83.3397988289077,83.75204805291895,0.41224922401124786,0.41224922401124786
APD-JD9-70,exact_or_related,adjacent,79.67781352346803,80.09006274747927,0.41224922401123365,0.41224922401123365
APD-JD9-71,exact_or_related,adjacent,69.61759769496682,70.02984691897805,0.41224922401123365,0.41224922401123365
APD-JD9-72,adjacent,divergent,79.01636001330581,79.05796964904938,0.04160963574356913,0.04160963574356913
APD-JD9-73,exact_or_related,adjacent,66.49983601332718,66.91208523733842,0.41224922401123365,0.41224922401123365
APD-JD9-74,divergent,exact_or_related,79.13571588102081,78.68185702126601,-0.4538588597548028,0.4538588597548028
APD-JD9-75,exact_or_related,adjacent,68.21420931808987,68.6264585421011,0.41224922401123365,0.41224922401123365
APD-JD9-76,divergent,exact_or_related,73.78527268147559,73.33141382172079,-0.4538588597548028,0.4538588597548028
APD-JD9-77,exact_or_related,adjacent,76.53413643117125,76.94638565518248,0.41224922401123365,0.41224922401123365
APD-JD9-78,divergent,exact_or_related,76.96207988026892,76.5082210205141,-0.453858859754817,0.453858859754817
APD-JD9-79,divergent,exact_or_related,78.18406038254585,77.73020152279103,-0.453858859754817,0.453858859754817
APD-JD9-80,adjacent,divergent,70.1075931509495,70.14920278669307,0.04160963574356913,0.04160963574356913
APD-JD9-81,exact_or_related,adjacent,66.47392060267003,66.88616982668128,0.41224922401124786,0.41224922401124786
APD-JD9-82,exact_or_related,adjacent,64.42264695936447,64.8348961833757,0.41224922401123365,0.41224922401123365
APD-JD9-83,exact_or_related,adjacent,76.5082210205141,76.92047024452535,0.41224922401124786,0.41224922401124786
APD-JD9-84,exact_or_related,adjacent,76.35272855657124,76.76497778058247,0.41224922401123365,0.41224922401123365
APD-JD9-85,adjacent,divergent,68.65237395275825,68.69398358850182,0.04160963574356913,0.04160963574356913
APD-JD9-86,exact_or_related,adjacent,68.18829390743272,68.60054313144396,0.41224922401123365,0.41224922401123365
APD-JD9-87,adjacent,divergent,68.6782893634154,68.71989899915897,0.04160963574356913,0.04160963574356913
APD-JD9-88,divergent,exact_or_related,82.18294602652841,81.7290871667736,-0.453858859754817,0.453858859754817
APD-JD9-89,divergent,exact_or_related,68.64215276718753,68.18829390743272,-0.4538588597548028,0.4538588597548028
APD-JD9-90,exact_or_related,adjacent,73.2277521790922,73.64000140310344,0.41224922401123365,0.41224922401123365
APD-JD9-91,exact_or_related,adjacent,79.6000672914966,80.01231651550783,0.41224922401123365,0.41224922401123365
APD-JD9-92,exact_or_related,adjacent,73.30549841106364,73.71774763507489,0.41224922401124786,0.41224922401124786
APD-JD9-93,divergent,exact_or_related,70.20103360800735,69.74717474825255,-0.4538588597548028,0.4538588597548028
APD-JD9-94,adjacent,divergent,77.01691719131453,77.0585268270581,0.04160963574356913,0.04160963574356913
APD-JD9-95,divergent,exact_or_related,69.99371032275019,69.53985146299539,-0.4538588597548028,0.4538588597548028
APD-JD9-96,exact_or_related,adjacent,74.68297137728345,75.09522060129468,0.41224922401123365,0.41224922401123365
APD-JD9-97,divergent,exact_or_related,61.44530413057915,60.99144527082434,-0.4538588597548099,0.4538588597548099
APD-JD9-98,divergent,exact_or_related,72.09681478737005,71.64295592761525,-0.4538588597548028,0.4538588597548028
APD-JD9-99,exact_or_related,adjacent,66.60349765595576,67.015746879967,0.41224922401123365,0.41224922401123365
APD-JD9-100,exact_or_related,adjacent,68.2919555500613,68.70420477407254,0.41224922401123365,0.41224922401123365
SSD-JD10-01,adjacent,divergent,68.85969723801541,68.90130687375898,0.04160963574356913,0.04160963574356913
SSD-JD10-02,exact_or_related,adjacent,69.74717474825255,70.15942397226378,0.41224922401123365,0.41224922401123365
SSD-JD10-03,exact_or_related,adjacent,68.2919555500613,68.70420477407254,0.41224922401123365,0.41224922401123365
SSD-JD10-04,divergent,exact_or_related,69.99371032275019,69.53985146299539,-0.4538588597548028,0.4538588597548028
SSD-JD10-05,adjacent,divergent,68.6264585421011,68.66806817784467,0.04160963574356913,0.04160963574356913
SSD-JD10-06,adjacent,divergent,72.02928974096933,72.0708993767129,0.04160963574356913,0.04160963574356913
SSD-JD10-07,exact_or_related,adjacent,69.53985146299539,69.95210068700662,0.41224922401123365,0.41224922401123365
SSD-JD10-08,exact_or_related,adjacent,62.70581857558703,63.11806779959827,0.41224922401124076,0.41224922401124076
SSD-JD10-09,divergent,exact_or_related,72.0708993767129,71.6170405169581,-0.4538588597548028,0.4538588597548028
SSD-JD10-10,exact_or_related,adjacent,76.48230560985695,76.8945548338682,0.41224922401124786,0.41224922401124786
SSD-JD10-11,exact_or_related,adjacent,79.70372893412518,80.11597815813641,0.41224922401123365,0.41224922401123365
SSD-JD10-12,divergent,exact_or_related,73.78527268147559,73.33141382172079,-0.4538588597548028,0.4538588597548028
SSD-JD10-13,exact_or_related,adjacent,76.32681314591409,76.73906236992534,0.41224922401124786,0.41224922401124786
SSD-JD10-14,exact_or_related,adjacent,71.40971723170094,71.82196645571219,0.41224922401124786,0.41224922401124786
SSD-JD10-15,adjacent,divergent,81.90809769487053,81.9497073306141,0.04160963574356913,0.04160963574356913
SSD-JD10-16,exact_or_related,adjacent,68.36970178203273,68.78195100604398,0.41224922401124786,0.41224922401124786
SSD-JD10-17,exact_or_related,adjacent,80.3962303260287,80.80847955003993,0.41224922401123365,0.41224922401123365
SSD-JD10-18,exact_or_related,adjacent,80.42214573668585,80.83439496069708,0.41224922401123365,0.41224922401123365
SSD-JD10-19,exact_or_related,adjacent,64.55222401265019,64.96447323666143,0.41224922401124786,0.41224922401124786
SSD-JD10-20,exact_or_related,adjacent,68.42153260334703,68.83378182735827,0.41224922401123365,0.41224922401123365
SSD-JD10-21,exact_or_related,adjacent,64.57813942330733,64.99038864731857,0.41224922401123365,0.41224922401123365
SSD-JD10-22,divergent,exact_or_related,73.9666805560756,73.5128216963208,-0.4538588597548028,0.4538588597548028
SSD-JD10-23,adjacent,divergent,61.274117441549855,61.315727077293424,0.04160963574356913,0.04160963574356913
SSD-JD10-24,exact_or_related,adjacent,68.34378637137559,68.75603559538683,0.41224922401124786,0.41224922401124786
SSD-JD10-25,adjacent,divergent,79.01636001330581,79.05796964904938,0.04160963574356913,0.04160963574356913
SSD-JD10-26,adjacent,divergent,81.8821822842134,81.92379191995695,0.04160963574355492,0.04160963574355492
SSD-JD10-27,exact_or_related,adjacent,76.45639019919982,76.86863942321105,0.41224922401123365,0.41224922401123365
SSD-JD10-28,exact_or_related,adjacent,66.3961743706986,66.80842359470984,0.41224922401123365,0.41224922401123365
SSD-JD10-29,exact_or_related,adjacent,73.35732923237794,73.76957845638917,0.41224922401123365,0.41224922401123365
SSD-JD10-30,exact_or_related,adjacent,68.31787096071845,68.73012018472969,0.41224922401123365,0.41224922401123365
SSD-JD10-31,adjacent,divergent,63.195814031569704,63.23742366731327,0.04160963574356913,0.04160963574356913
SSD-JD10-32,divergent,exact_or_related,68.64215276718753,68.18829390743272,-0.4538588597548028,0.4538588597548028
SSD-JD10-33,exact_or_related,adjacent,64.7336318872502,65.14588111126145,0.41224922401124786,0.41224922401124786
SSD-JD10-34,exact_or_related,adjacent,77.73020152279103,78.14245074680228,0.41224922401124786,0.41224922401124786
SSD-JD10-35,exact_or_related,adjacent,66.31842813872717,66.7306773627384,0.41224922401123365,0.41224922401123365
SSD-JD10-36,exact_or_related,adjacent,79.88513680872519,80.29738603273643,0.41224922401123365,0.41224922401123365
SSD-JD10-37,exact_or_related,adjacent,80.42214573668585,80.83439496069708,0.41224922401123365,0.41224922401123365
SSD-JD10-38,exact_or_related,adjacent,76.68241419927473,77.09466342328597,0.41224922401123365,0.41224922401123365
SSD-JD10-39,exact_or_related,adjacent,73.35732923237794,73.76957845638917,0.41224922401123365,0.41224922401123365
SSD-JD10-40,adjacent,divergent,70.00393150832092,70.04554114406449,0.04160963574356913,0.04160963574356913
SSD-JD10-41,exact_or_related,adjacent,83.59895293547916,84.0112021594904,0.41224922401123365,0.41224922401123365
SSD-JD10-42,exact_or_related,adjacent,64.60405483396448,65.01630405797572,0.41224922401123365,0.41224922401123365
SSD-JD10-43,divergent,exact_or_related,61.34164248795057,60.88778362819576,-0.4538588597548099,0.4538588597548099
SSD-JD10-44,adjacent,divergent,68.57462772078682,68.61623735653039,0.04160963574356913,0.04160963574356913
SSD-JD10-45,exact_or_related,adjacent,76.37864396722838,76.79089319123962,0.41224922401123365,0.41224922401123365
SSD-JD10-46,exact_or_related,adjacent,69.79900556956683,70.21125479357808,0.41224922401124786,0.41224922401124786
SSD-JD10-47,exact_or_related,adjacent,69.64351310562397,70.0557623296352,0.41224922401123365,0.41224922401123365
SSD-JD10-48,exact_or_related,adjacent,69.51393605233824,69.92618527634949,0.41224922401124786,0.41224922401124786
SSD-JD10-49,exact_or_related,adjacent,76.37864396722838,76.79089319123962,0.41224922401123365,0.41224922401123365
SSD-JD10-50,adjacent,divergent,79.09410624527725,79.13571588102081,0.04160963574356913,0.04160963574356913
SSD-JD10-51,divergent,exact_or_related,70.1751181973502,69.7212593375954,-0.4538588597548028,0.4538588597548028
SSD-JD10-52,exact_or_related,adjacent,81.54767929217358,81.95992851618482,0.41224922401123365,0.41224922401123365
SSD-JD10-53,adjacent,divergent,77.04283260197168,77.08444223771525,0.04160963574356913,0.04160963574356913
SSD-JD10-54,exact_or_related,adjacent,69.56576687365254,69.97801609766377,0.41224922401123365,0.41224922401123365
SSD-JD10-55,exact_or_related,adjacent,78.52636455732315,78.93861378133438,0.41224922401123365,0.41224922401123365
SSD-JD10-56,exact_or_related,adjacent,66.47392060267003,66.88616982668128,0.41224922401124786,0.41224922401124786
SSD-JD10-57,exact_or_related,adjacent,73.48690628566365,73.8991555096749,0.41224922401124786,0.41224922401124786
SSD-JD10-58,exact_or_related,adjacent,73.46099087500652,73.87324009901775,0.41224922401123365,0.41224922401123365
SSD-JD10-59,divergent,exact_or_related,68.77172982047325,68.31787096071845,-0.4538588597548028,0.4538588597548028
SSD-JD10-60,exact_or_related,adjacent,69.59168228430967,70.00393150832092,0.41224922401124786,0.41224922401124786
SSD-JD10-61,adjacent,divergent,66.70476195208126,66.74637158782483,0.04160963574356913,0.04160963574356913
SSD-JD10-62,exact_or_related,adjacent,79.88513680872519,80.29738603273643,0.41224922401123365,0.41224922401123365
SSD-JD10-63,exact_or_related,adjacent,80.3962303260287,80.80847955003993,0.41224922401123365,0.41224922401123365
SSD-JD10-64,exact_or_related,adjacent,73.33141382172079,73.74366304573202,0.41224922401123365,0.41224922401123365
SSD-JD10-65,divergent,exact_or_related,77.13627305902953,76.68241419927473,-0.4538588597548028,0.4538588597548028
SSD-JD10-66,adjacent,divergent,64.88672700468999,64.92833664043356,0.04160963574356913,0.04160963574356913
SSD-JD10-67,divergent,exact_or_related,68.90130687375898,68.44744801400417,-0.453858859754817,0.453858859754817
SSD-JD10-68,exact_or_related,adjacent,69.7212593375954,70.13350856160663,0.41224922401123365,0.41224922401123365
SSD-JD10-69,adjacent,divergent,66.83433900536699,66.87594864111055,0.04160963574356913,0.04160963574356913
SSD-JD10-70,exact_or_related,adjacent,68.39561719268988,68.80786641670112,0.41224922401123365,0.41224922401123365
SSD-JD10-71,exact_or_related,adjacent,64.62997024462162,65.04221946863287,0.41224922401124786,0.41224922401124786
SSD-JD10-72,divergent,exact_or_related,71.99315314474147,71.53929428498667,-0.4538588597548028,0.4538588597548028
SSD-JD10-73,exact_or_related,adjacent,64.70771647659306,65.1199657006043,0.41224922401123365,0.41224922401123365
SSD-JD10-74,divergent,exact_or_related,73.94076514541847,73.48690628566365,-0.453858859754817,0.453858859754817
SSD-JD10-75,exact_or_related,adjacent,79.62598270215373,80.03823192616498,0.41224922401124786,0.41224922401124786
SSD-JD10-76,exact_or_related,adjacent,68.36970178203273,68.78195100604398,0.41224922401124786,0.41224922401124786
SSD-JD10-77,adjacent,divergent,75.25071306523756,75.29232270098113,0.04160963574356913,0.04160963574356913
SSD-JD10-78,exact_or_related,adjacent,69.51393605233824,69.92618527634949,0.41224922401124786,0.41224922401124786
SSD-JD10-79,exact_or_related,adjacent,62.75764939690132,63.16989862091256,0.41224922401124076,0.41224922401124076
SSD-JD10-80,exact_or_related,adjacent,80.26665327274297,80.67890249675422,0.41224922401124786,0.41224922401124786
SSD-JD10-81,exact_or_related,adjacent,61.04327609213863,61.455525316149874,0.41224922401124076,0.41224922401124076
SSD-JD10-82,exact_or_related,adjacent,68.39561719268988,68.80786641670112,0.41224922401123365,0.41224922401123365
SSD-JD10-83,exact_or_related,adjacent,83.52120670350772,83.93345592751896,0.41224922401124786,0.41224922401124786
SSD-JD10-84,adjacent,divergent,75.30254388655185,75.34415352229541,0.04160963574356913,0.04160963574356913
SSD-JD10-85,exact_or_related,adjacent,83.36571423956485,83.7779634635761,0.41224922401124786,0.41224922401124786
SSD-JD10-86,exact_or_related,adjacent,66.37025896004145,66.7825081840527,0.41224922401124786,0.41224922401124786
SSD-JD10-87,exact_or_related,adjacent,71.48746346367237,71.89971268768362,0.41224922401124786,0.41224922401124786
SSD-JD10-88,adjacent,divergent,73.64000140310344,73.68161103884702,0.04160963574358334,0.04160963574358334
SSD-JD10-89,exact_or_related,adjacent,64.57813942330733,64.99038864731857,0.41224922401123365,0.41224922401123365
SSD-JD10-90,exact_or_related,adjacent,83.391629650222,83.80387887423323,0.41224922401123365,0.41224922401123365
SSD-JD10-91,exact_or_related,adjacent,73.40916005369222,73.82140927770347,0.41224922401124786,0.41224922401124786
SSD-JD10-92,exact_or_related,adjacent,64.52630860199304,64.93855782600428,0.41224922401124786,0.41224922401124786
SSD-JD10-93,adjacent,divergent,70.13350856160663,70.1751181973502,0.04160963574356913,0.04160963574356913
SSD-JD10-94,exact_or_related,adjacent,76.32681314591409,76.73906236992534,0.41224922401124786,0.41224922401124786
SSD-JD10-95,exact_or_related,adjacent,60.913699038852904,61.325948262864145,0.41224922401124076,0.41224922401124076
SSD-JD10-96,divergent,exact_or_related,70.04554114406449,69.59168228430967,-0.453858859754817,0.453858859754817
SSD-JD10-97,adjacent,divergent,61.19637120957842,61.23798084532199,0.04160963574356913,0.04160963574356913
SSD-JD10-98,exact_or_related,adjacent,76.32681314591409,76.73906236992534,0.41224922401124786,0.41224922401124786
SSD-JD10-99,exact_or_related,adjacent,66.60349765595576,67.015746879967,0.41224922401123365,0.41224922401123365
SSD-JD10-100,exact_or_related,adjacent,83.59895293547916,84.0112021594904,0.41224922401123365,0.41224922401123365
DA-JD11-01,exact_or_related,adjacent,67.81251644290326,68.2247656669145,0.41224922401123365,0.41224922401123365
DA-JD11-02,exact_or_related,adjacent,71.21534764177149,71.62759686578272,0.41224922401123365,0.41224922401123365
DA-JD11-03,exact_or_related,adjacent,67.89026267487469,68.30251189888592,0.41224922401123365,0.41224922401123365
DA-JD11-04,adjacent,divergent,80.64002537076763,80.6816350065112,0.04160963574356913,0.04160963574356913
DA-JD11-05,exact_or_related,adjacent,83.37866793489256,83.7909171589038,0.41224922401123365,0.41224922401123365
DA-JD11-06,exact_or_related,adjacent,64.09870031614929,64.51094954016052,0.41224922401123365,0.41224922401123365
DA-JD11-07,exact_or_related,adjacent,67.78660103224611,68.19885025625734,0.41224922401123365,0.41224922401123365
DA-JD11-08,divergent,exact_or_related,71.72103732284059,71.26717846308577,-0.453858859754817,0.453858859754817
DA-JD11-09,adjacent,divergent,62.79412115638309,62.83573079212666,0.04160963574356913,0.04160963574356913
DA-JD11-10,exact_or_related,adjacent,67.73477021093181,68.14701943494306,0.41224922401124786,0.41224922401124786
DA-JD11-11,exact_or_related,adjacent,76.13244355598464,76.54469277999587,0.41224922401123365,0.41224922401123365
DA-JD11-12,exact_or_related,adjacent,71.13760140980006,71.54985063381129,0.41224922401123365,0.41224922401123365
DA-JD11-13,divergent,exact_or_related,83.9102730266188,83.456414166864,-0.4538588597548028,0.4538588597548028
DA-JD11-14,adjacent,divergent,73.57520886645972,73.61681850220329,0.04160963574356913,0.04160963574356913
DA-JD11-15,adjacent,divergent,71.65351227643987,71.69512191218344,0.04160963574356913,0.04160963574356913
DA-JD11-16,divergent,exact_or_related,68.31820612397235,67.86434726421754,-0.4538588597548028,0.4538588597548028
DA-JD11-17,exact_or_related,adjacent,72.95563635719132,73.36788558120256,0.41224922401123365,0.41224922401123365
DA-JD11-18,divergent,exact_or_related,68.26637530265806,67.81251644290326,-0.4538588597548028,0.4538588597548028
DA-JD11-19,exact_or_related,adjacent,60.537921574323434,60.95017079833468,0.41224922401124786,0.41224922401124786
DA-JD11-20,exact_or_related,adjacent,72.92972094653418,73.34197017054541,0.41224922401123365,0.41224922401123365
DA-JD11-21,adjacent,divergent,78.25906608475856,78.30067572050213,0.04160963574356913,0.04160963574356913
DA-JD11-22,adjacent,divergent,68.25068107757164,68.29229071331521,0.04160963574356913,0.04160963574356913
DA-JD11-23,exact_or_related,adjacent,73.18887505310562,73.60112427711687,0.41224922401124786,0.41224922401124786
DA-JD11-24,exact_or_related,adjacent,83.456414166864,83.86866339087523,0.41224922401123365,0.41224922401123365
DA-JD11-25,exact_or_related,adjacent,83.30092170292113,83.71317092693236,0.41224922401123365,0.41224922401123365
DA-JD11-26,exact_or_related,adjacent,76.10652814532749,76.51877736933872,0.41224922401123365,0.41224922401123365
DA-JD11-27,adjacent,divergent,78.25906608475856,78.30067572050213,0.04160963574356913,0.04160963574356913
DA-JD11-28,adjacent,divergent,62.76820574572594,62.80981538146951,0.04160963574356913,0.04160963574356913
DA-JD11-29,exact_or_related,adjacent,67.8384318535604,68.25068107757164,0.41224922401124786,0.41224922401124786
DA-JD11-30,adjacent,divergent,68.17293484560021,68.21454448134378,0.04160963574356913,0.04160963574356913
DA-JD11-31,exact_or_related,adjacent,66.09814313814057,66.5103923621518,0.41224922401123365,0.41224922401123365
DA-JD11-32,divergent,exact_or_related,68.26637530265806,67.81251644290326,-0.4538588597548028,0.4538588597548028
DA-JD11-33,exact_or_related,adjacent,67.86434726421754,68.27659648822879,0.41224922401124786,0.41224922401124786
DA-JD11-34,exact_or_related,adjacent,81.58654839815844,81.99879762216968,0.41224922401123365,0.41224922401123365
DA-JD11-35,divergent,exact_or_related,75.09795311105167,74.64409425129686,-0.4538588597548028,0.4538588597548028
DA-JD11-36,exact_or_related,adjacent,73.21479046376277,73.627039687774,0.41224922401123365,0.41224922401123365
DA-JD11-37,adjacent,divergent,69.67998486510574,69.7215945008493,0.04160963574356913,0.04160963574356913
DA-JD11-38,exact_or_related,adjacent,71.34492469505722,71.75717391906845,0.41224922401123365,0.41224922401123365
DA-JD11-39,exact_or_related,adjacent,67.76068562158896,68.17293484560021,0.41224922401124786,0.41224922401124786
DA-JD11-40,adjacent,divergent,68.27659648822879,68.31820612397235,0.04160963574355492,0.04160963574355492
DA-JD11-41,adjacent,divergent,68.14701943494306,68.18862907068663,0.04160963574356913,0.04160963574356913
DA-JD11-42,divergent,exact_or_related,68.3441215346295,67.89026267487469,-0.4538588597548028,0.4538588597548028
DA-JD11-43,exact_or_related,adjacent,64.228277369435,64.64052659344625,0.41224922401124786,0.41224922401124786
DA-JD11-44,divergent,exact_or_related,73.56498768088899,73.11112882113419,-0.4538588597548028,0.4538588597548028
DA-JD11-45,exact_or_related,adjacent,64.20236195877787,64.6146111827891,0.41224922401123365,0.41224922401123365
DA-JD11-46,exact_or_related,adjacent,67.68293938961753,68.09518861362876,0.41224922401123365,0.41224922401123365
DA-JD11-47,exact_or_related,adjacent,73.16295964244847,73.57520886645972,0.41224922401124786,0.41224922401124786
DA-JD11-48,exact_or_related,adjacent,83.32683711357826,83.73908633758951,0.41224922401124786,0.41224922401124786
DA-JD11-49,exact_or_related,adjacent,73.21479046376277,73.627039687774,0.41224922401123365,0.41224922401123365
DA-JD11-50,exact_or_related,adjacent,71.21534764177149,71.62759686578272,0.41224922401123365,0.41224922401123365
DA-JD11-51,exact_or_related,adjacent,65.83898903156911,66.25123825558036,0.41224922401124786,0.41224922401124786
DA-JD11-52,exact_or_related,adjacent,81.40514052355843,81.81738974756966,0.41224922401123365,0.41224922401123365
DA-JD11-53,exact_or_related,adjacent,76.2879360199275,76.70018524393873,0.41224922401123365,0.41224922401123365
DA-JD11-54,exact_or_related,adjacent,64.09870031614929,64.51094954016052,0.41224922401123365,0.41224922401123365
DA-JD11-55,adjacent,divergent,64.53686495081767,64.57847458656124,0.04160963574356913,0.04160963574356913
DA-JD11-56,divergent,exact_or_related,68.26637530265806,67.81251644290326,-0.4538588597548028,0.4538588597548028
DA-JD11-57,adjacent,divergent,80.69185619208191,80.73346582782548,0.04160963574356913,0.04160963574356913
DA-JD11-58,adjacent,divergent,68.19885025625734,68.24045989200091,0.04160963574356913,0.04160963574356913
DA-JD11-59,exact_or_related,adjacent,73.13704423179134,73.54929345580257,0.41224922401123365,0.41224922401123365
DA-JD11-60,exact_or_related,adjacent,69.5009743370088,69.91322356102003,0.41224922401123365,0.41224922401123365
DA-JD11-61,exact_or_related,adjacent,69.39731269438022,69.80956191839145,0.41224922401123365,0.41224922401123365
DA-JD11-62,exact_or_related,adjacent,76.26202060927035,76.6742698332816,0.41224922401124786,0.41224922401124786
DA-JD11-63,exact_or_related,adjacent,80.1759453254421,80.58819454945333,0.41224922401123365,0.41224922401123365
DA-JD11-64,divergent,exact_or_related,68.37003694528664,67.91617808553184,-0.4538588597548028,0.4538588597548028
DA-JD11-65,exact_or_related,adjacent,80.20186073609923,80.61410996011048,0.41224922401124786,0.41224922401124786
DA-JD11-66,adjacent,divergent,76.57060819065302,76.61221782639659,0.04160963574356913,0.04160963574356913
DA-JD11-67,exact_or_related,adjacent,65.96856608485484,66.38081530886608,0.41224922401123365,0.41224922401123365
DA-JD11-68,adjacent,divergent,71.54985063381129,71.59146026955486,0.04160963574356913,0.04160963574356913
DA-JD11-69,adjacent,divergent,83.73908633758951,83.78069597333308,0.04160963574356913,0.04160963574356913
DA-JD11-70,exact_or_related,adjacent,67.8384318535604,68.25068107757164,0.41224922401124786,0.41224922401124786
DA-JD11-71,exact_or_related,adjacent,71.31900928440007,71.7312585084113,0.41224922401123365,0.41224922401123365
DA-JD11-72,exact_or_related,adjacent,69.5009743370088,69.91322356102003,0.41224922401123365,0.41224922401123365
DA-JD11-73,exact_or_related,adjacent,74.79958671523973,75.21183593925097,0.41224922401124786,0.41224922401124786
DA-JD11-74,divergent,exact_or_related,76.61221782639659,76.15835896664177,-0.453858859754817,0.453858859754817
DA-JD11-75,adjacent,divergent,69.78364650773432,69.82525614347789,0.04160963574356913,0.04160963574356913
DA-JD11-76,adjacent,divergent,76.72610065459588,76.76771029033945,0.04160963574356913,0.04160963574356913
DA-JD11-77,exact_or_related,adjacent,64.17644654812072,64.58869577213196,0.41224922401123365,0.41224922401123365
DA-JD11-78,divergent,exact_or_related,71.617375680212,71.16351682045719,-0.453858859754817,0.453858859754817
DA-JD11-79,adjacent,divergent,60.71693210242037,60.75854173816394,0.04160963574356913,0.04160963574356913
DA-JD11-80,exact_or_related,adjacent,67.73477021093181,68.14701943494306,0.41224922401124786,0.41224922401124786
DA-JD11-81,exact_or_related,adjacent,67.86434726421754,68.27659648822879,0.41224922401124786,0.41224922401124786
DA-JD11-82,exact_or_related,adjacent,79.58710557616715,79.9993548001784,0.41224922401124786,0.41224922401124786
DA-JD11-83,adjacent,divergent,83.71317092693236,83.75478056267593,0.04160963574356913,0.04160963574356913
DA-JD11-84,exact_or_related,adjacent,81.5606329875013,81.97288221151253,0.41224922401123365,0.41224922401123365
DA-JD11-85,exact_or_related,adjacent,69.2159048197802,69.62815404379144,0.41224922401123365,0.41224922401123365
DA-JD11-86,exact_or_related,adjacent,72.92972094653418,73.34197017054541,0.41224922401123365,0.41224922401123365
DA-JD11-87,divergent,exact_or_related,80.78529664913978,80.33143778938496,-0.453858859754817,0.453858859754817
DA-JD11-88,divergent,exact_or_related,75.02020687908023,74.56634801932543,-0.4538588597548028,0.4538588597548028
DA-JD11-89,exact_or_related,adjacent,67.81251644290326,68.2247656669145,0.41224922401123365,0.41224922401123365
DA-JD11-90,exact_or_related,adjacent,67.70885480027468,68.12110402428591,0.41224922401123365,0.41224922401123365
DA-JD11-91,adjacent,divergent,66.40673071952322,66.4483403552668,0.04160963574356913,0.04160963574356913
DA-JD11-92,exact_or_related,adjacent,81.58654839815844,81.99879762216968,0.41224922401123365,0.41224922401123365
DA-JD11-93,adjacent,divergent,73.65295509843115,73.69456473417472,0.04160963574356913,0.04160963574356913
DA-JD11-94,exact_or_related,adjacent,71.34492469505722,71.75717391906845,0.41224922401123365,0.41224922401123365
DA-JD11-95,exact_or_related,adjacent,73.13704423179134,73.54929345580257,0.41224922401123365,0.41224922401123365
DA-JD11-96,exact_or_related,adjacent,71.26717846308577,71.67942768709702,0.41224922401124786,0.41224922401124786
DA-JD11-97,exact_or_related,adjacent,62.20046405777184,62.61271328178308,0.41224922401124076,0.41224922401124076
DA-JD11-98,exact_or_related,adjacent,81.45697134487271,81.86922056888395,0.41224922401123365,0.41224922401123365
DA-JD11-99,exact_or_related,adjacent,63.9950386735207,64.40728789753194,0.41224922401124076,0.41224922401124076
DA-JD11-100,exact_or_related,adjacent,62.30412570040041,62.71637492441165,0.41224922401124076,0.41224922401124076
DS-JD12-01,exact_or_related,adjacent,78.32714769365407,78.7393969176653,0.41224922401123365,0.41224922401123365
DS-JD12-02,exact_or_related,adjacent,66.48202702425812,66.89427624826936,0.41224922401124786,0.41224922401124786
DS-JD12-03,exact_or_related,adjacent,76.33491956750217,76.74716879151342,0.41224922401124786,0.41224922401124786
DS-JD12-04,divergent,exact_or_related,71.7939362810724,71.34007742131759,-0.453858859754817,0.453858859754817
DS-JD12-05,exact_or_related,adjacent,64.48258420226684,64.89483342627808,0.41224922401124786,0.41224922401124786
DS-JD12-06,exact_or_related,adjacent,69.47021165261204,69.88246087662327,0.41224922401123365,0.41224922401123365
DS-JD12-07,exact_or_related,adjacent,71.46965447460332,71.88190369861455,0.41224922401123365,0.41224922401123365
DS-JD12-08,exact_or_related,adjacent,60.844059228469554,61.256308452480795,0.41224922401124076,0.41224922401124076
DS-JD12-09,exact_or_related,adjacent,64.37892255963826,64.7911717836495,0.41224922401124786,0.41224922401124786
DS-JD12-10,divergent,exact_or_related,76.85930996338902,76.40545110363422,-0.4538588597548028,0.4538588597548028
DS-JD12-11,exact_or_related,adjacent,74.6133315669001,75.02558079091133,0.41224922401123365,0.41224922401123365
DS-JD12-12,exact_or_related,adjacent,68.09273868639222,68.50498791040347,0.41224922401124786,0.41224922401124786
DS-JD12-13,exact_or_related,adjacent,64.63807666620971,65.05032589022095,0.41224922401123365,0.41224922401123365
DS-JD12-14,divergent,exact_or_related,76.65920137397126,76.20534251421645,-0.4538588597548028,0.4538588597548028
DS-JD12-15,divergent,exact_or_related,76.6851167846284,76.23125792487359,-0.453858859754817,0.453858859754817
DS-JD12-16,divergent,exact_or_related,71.66435922778668,71.21050036803187,-0.4538588597548028,0.4538588597548028
DS-JD12-17,exact_or_related,adjacent,71.46965447460332,71.88190369861455,0.41224922401123365,0.41224922401123365
DS-JD12-18,exact_or_related,adjacent,73.28768942199459,73.69993864600582,0.41224922401123365,0.41224922401123365
DS-JD12-19,exact_or_related,adjacent,73.33952024330887,73.75176946732012,0.41224922401124786,0.41224922401124786
DS-JD12-20,exact_or_related,adjacent,76.15351169290216,76.5657609169134,0.41224922401124786,0.41224922401124786
DS-JD12-21,exact_or_related,adjacent,77.71239253372198,78.12464175773322,0.41224922401123365,0.41224922401123365
DS-JD12-22,exact_or_related,adjacent,69.54795788458347,69.96020710859472,0.41224922401124786,0.41224922401124786
DS-JD12-23,exact_or_related,adjacent,77.55690006977912,77.96914929379035,0.41224922401123365,0.41224922401123365
DS-JD12-24,exact_or_related,adjacent,69.41838083129774,69.83063005530899,0.41224922401124786,0.41224922401124786
DS-JD12-25,exact_or_related,adjacent,68.17048491836366,68.5827341423749,0.41224922401124786,0.41224922401124786
DS-JD12-26,exact_or_related,adjacent,81.34846242850452,81.76071165251575,0.41224922401123365,0.41224922401123365
DS-JD12-27,exact_or_related,adjacent,71.39190824263189,71.80415746664312,0.41224922401123365,0.41224922401123365
DS-JD12-28,exact_or_related,adjacent,64.58624584489542,64.99849506890666,0.41224922401124786,0.41224922401124786
DS-JD12-29,exact_or_related,adjacent,68.22231573967795,68.63456496368919,0.41224922401123365,0.41224922401123365
DS-JD12-30,divergent,exact_or_related,68.54659754614704,68.09273868639222,-0.453858859754817,0.453858859754817
DS-JD12-31,exact_or_related,adjacent,68.32597738230653,68.73822660631777,0.41224922401123365,0.41224922401123365
DS-JD12-32,exact_or_related,adjacent,77.68647712306483,78.09872634707608,0.41224922401124786,0.41224922401124786
DS-JD12-33,exact_or_related,adjacent,64.37892255963826,64.7911717836495,0.41224922401124786,0.41224922401124786
DS-JD12-34,exact_or_related,adjacent,68.09273868639222,68.50498791040347,0.41224922401124786,0.41224922401124786
DS-JD12-35,exact_or_related,adjacent,73.08036613673742,73.49261536074866,0.41224922401123365,0.41224922401123365
DS-JD12-36,exact_or_related,adjacent,73.20994319002315,73.62219241403439,0.41224922401123365,0.41224922401123365
DS-JD12-37,exact_or_related,adjacent,60.71448217518383,61.12673139919507,0.41224922401124076,0.41224922401124076
DS-JD12-38,exact_or_related,adjacent,76.38675038881647,76.7989996128277,0.41224922401123365,0.41224922401123365
DS-JD12-39,exact_or_related,adjacent,64.48258420226684,64.89483342627808,0.41224922401124786,0.41224922401124786
DS-JD12-40,exact_or_related,adjacent,74.53558533492867,74.9478345589399,0.41224922401123365,0.41224922401123365
DS-JD12-41,divergent,exact_or_related,81.72457505628789,81.27071619653307,-0.453858859754817,0.453858859754817
DS-JD12-42,divergent,exact_or_related,64.9105276513645,64.45666879160969,-0.453858859754817,0.453858859754817
DS-JD12-43,exact_or_related,adjacent,68.22231573967795,68.63456496368919,0.41224922401123365,0.41224922401123365
DS-JD12-44,exact_or_related,adjacent,71.44373906394617,71.85598828795742,0.41224922401124786,0.41224922401124786
DS-JD12-45,exact_or_related,adjacent,81.24480078587594,81.65705000988717,0.41224922401123365,0.41224922401123365
DS-JD12-46,exact_or_related,adjacent,74.66516238821438,75.07741161222563,0.41224922401124786,0.41224922401124786
DS-JD12-47,exact_or_related,adjacent,68.35189279296368,68.76414201697492,0.41224922401123365,0.41224922401123365
DS-JD12-48,exact_or_related,adjacent,83.27015901852437,83.6824082425356,0.41224922401123365,0.41224922401123365
DS-JD12-49,divergent,exact_or_related,76.85930996338902,76.40545110363422,-0.4538588597548028,0.4538588597548028
DS-JD12-50,exact_or_related,adjacent,68.14456950770652,68.55681873171775,0.41224922401123365,0.41224922401123365
DS-JD12-51,exact_or_related,adjacent,66.45611161360097,66.86836083761222,0.41224922401124786,0.41224922401124786
DS-JD12-52,exact_or_related,adjacent,73.26177401133744,73.67402323534867,0.41224922401123365,0.41224922401123365
DS-JD12-53,exact_or_related,adjacent,66.3006191496581,66.71286837366935,0.41224922401124786,0.41224922401124786
DS-JD12-54,exact_or_related,adjacent,83.14058196523864,83.55283118924987,0.41224922401123365,0.41224922401123365
DS-JD12-55,exact_or_related,adjacent,68.11865409704937,68.5309033210606,0.41224922401123365,0.41224922401123365
DS-JD12-56,exact_or_related,adjacent,64.37892255963826,64.7911717836495,0.41224922401124786,0.41224922401124786
DS-JD12-57,divergent,exact_or_related,71.81985169172954,71.36599283197474,-0.4538588597548028,0.4538588597548028
DS-JD12-58,exact_or_related,adjacent,80.0674364090739,80.47968563308514,0.41224922401123365,0.41224922401123365
DS-JD12-59,exact_or_related,adjacent,64.48258420226684,64.89483342627808,0.41224922401124786,0.41224922401124786
DS-JD12-60,divergent,exact_or_related,76.98888701667475,76.53502815691995,-0.4538588597548028,0.4538588597548028
DS-JD12-61,exact_or_related,adjacent,76.12759628224501,76.53984550625626,0.41224922401124786,0.41224922401124786
DS-JD12-62,exact_or_related,adjacent,66.3524499709724,66.76469919498363,0.41224922401123365,0.41224922401123365
DS-JD12-63,exact_or_related,adjacent,68.17048491836366,68.5827341423749,0.41224922401124786,0.41224922401124786
DS-JD12-64,exact_or_related,adjacent,64.48258420226684,64.89483342627808,0.41224922401124786,0.41224922401124786
DS-JD12-65,exact_or_related,adjacent,71.44373906394617,71.85598828795742,0.41224922401124786,0.41224922401124786
DS-JD12-66,exact_or_related,adjacent,68.35189279296368,68.76414201697492,0.41224922401123365,0.41224922401123365
DS-JD12-67,exact_or_related,adjacent,71.46965447460332,71.88190369861455,0.41224922401123365,0.41224922401123365
DS-JD12-68,exact_or_related,adjacent,76.20534251421645,76.61759173822769,0.41224922401123365,0.41224922401123365
DS-JD12-69,divergent,exact_or_related,66.75447800941292,66.3006191496581,-0.453858859754817,0.453858859754817
DS-JD12-70,exact_or_related,adjacent,68.17048491836366,68.5827341423749,0.41224922401124786,0.41224922401124786
DS-JD12-71,exact_or_related,adjacent,76.48319733560565,76.8954465596169,0.41224922401124786,0.41224922401124786
DS-JD12-72,exact_or_related,adjacent,68.22231573967795,68.63456496368919,0.41224922401123365,0.41224922401123365
DS-JD12-73,exact_or_related,adjacent,64.56033043423827,64.97257965824951,0.41224922401124786,0.41224922401124786
DS-JD12-74,exact_or_related,adjacent,69.3924654206406,69.80471464465184,0.41224922401123365,0.41224922401123365
DS-JD12-75,divergent,exact_or_related,63.193699267587064,62.73984040783226,-0.4538588597548028,0.4538588597548028
DS-JD12-76,exact_or_related,adjacent,68.35189279296368,68.76414201697492,0.41224922401123365,0.41224922401123365
DS-JD12-77,exact_or_related,adjacent,71.36599283197474,71.77824205598597,0.41224922401123365,0.41224922401123365
DS-JD12-78,exact_or_related,adjacent,79.32310419585609,79.73535341986732,0.41224922401123365,0.41224922401123365
DS-JD12-79,exact_or_related,adjacent,71.2882466000033,71.70049582401454,0.41224922401123365,0.41224922401123365
DS-JD12-80,exact_or_related,adjacent,83.27015901852437,83.6824082425356,0.41224922401123365,0.41224922401123365
DS-JD12-81,exact_or_related,adjacent,81.19296996456164,81.60521918857287,0.41224922401123365,0.41224922401123365
DS-JD12-82,divergent,exact_or_related,81.69865964563074,81.24480078587594,-0.4538588597548028,0.4538588597548028
DS-JD12-83,exact_or_related,adjacent,71.26233118934616,71.6745804133574,0.41224922401124786,0.41224922401124786
DS-JD12-84,exact_or_related,adjacent,69.44429624195489,69.85654546596614,0.41224922401124786,0.41224922401124786
DS-JD12-85,exact_or_related,adjacent,68.11865409704937,68.5309033210606,0.41224922401123365,0.41224922401123365
DS-JD12-86,exact_or_related,adjacent,69.57387329524062,69.98612251925185,0.41224922401123365,0.41224922401123365
DS-JD12-87,exact_or_related,adjacent,71.46965447460332,71.88190369861455,0.41224922401123365,0.41224922401123365
DS-JD12-88,exact_or_related,adjacent,69.49612706326918,69.90837628728042,0.41224922401123365,0.41224922401123365
DS-JD12-89,exact_or_related,adjacent,69.57387329524062,69.98612251925185,0.41224922401123365,0.41224922401123365
DS-JD12-90,exact_or_related,adjacent,76.48319733560565,76.8954465596169,0.41224922401124786,0.41224922401124786
DS-JD12-91,exact_or_related,adjacent,68.14456950770652,68.55681873171775,0.41224922401123365,0.41224922401123365
DS-JD12-92,exact_or_related,adjacent,64.45666879160969,64.86891801562093,0.41224922401124786,0.41224922401124786
DS-JD12-93,exact_or_related,adjacent,73.28768942199459,73.69993864600582,0.41224922401123365,0.41224922401123365
DS-JD12-94,exact_or_related,adjacent,69.57387329524062,69.98612251925185,0.41224922401123365,0.41224922401123365
DS-JD12-95,exact_or_related,adjacent,71.2882466000033,71.70049582401454,0.41224922401123365,0.41224922401123365
DS-JD12-96,exact_or_related,adjacent,71.41782365328902,71.83007287730027,0.41224922401124786,0.41224922401124786
DS-JD12-97,exact_or_related,adjacent,71.21050036803187,71.6227495920431,0.41224922401123365,0.41224922401123365
DS-JD12-98,exact_or_related,adjacent,79.5045120704561,79.91676129446734,0.41224922401123365,0.41224922401123365
DS-JD12-99,exact_or_related,adjacent,66.3524499709724,66.76469919498363,0.41224922401123365,0.41224922401123365
DS-JD12-100,exact_or_related,adjacent,76.43136651429137,76.8436157383026,0.41224922401123365,0.41224922401123365
BIA-JD13-01,exact_or_related,adjacent,73.13704423179134,73.54929345580257,0.41224922401123365,0.41224922401123365
BIA-JD13-02,exact_or_related,adjacent,77.61357816483302,78.02582738884426,0.41224922401124786,0.41224922401124786
BIA-JD13-03,exact_or_related,adjacent,71.1116859991429,71.52393522315415,0.41224922401124786,0.41224922401124786
BIA-JD13-04,divergent,exact_or_related,71.79878355481202,71.34492469505722,-0.4538588597548028,0.4538588597548028
BIA-JD13-05,exact_or_related,adjacent,67.76068562158896,68.17293484560021,0.41224922401124786,0.41224922401124786
BIA-JD13-06,divergent,exact_or_related,64.50072835458981,64.046869494835,-0.453858859754817,0.453858859754817
BIA-JD13-07,exact_or_related,adjacent,67.86434726421754,68.27659648822879,0.41224922401124786,0.41224922401124786
BIA-JD13-08,divergent,exact_or_related,73.40949521694613,72.95563635719132,-0.4538588597548028,0.4538588597548028
BIA-JD13-09,exact_or_related,adjacent,71.18943223111434,71.60168145512559,0.41224922401124786,0.41224922401124786
BIA-JD13-10,exact_or_related,adjacent,72.98155176784846,73.3938009918597,0.41224922401124786,0.41224922401124786
BIA-JD13-11,adjacent,divergent,83.81683256956094,83.85844220530451,0.04160963574356913,0.04160963574356913
BIA-JD13-12,divergent,exact_or_related,66.50017117658109,66.04631231682627,-0.453858859754817,0.453858859754817
BIA-JD13-13,adjacent,divergent,66.32898448755179,66.37059412329536,0.04160963574356913,0.04160963574356913
BIA-JD13-14,exact_or_related,adjacent,71.34492469505722,71.75717391906845,0.41224922401123365,0.41224922401123365
BIA-JD13-15,divergent,exact_or_related,68.16271366002948,67.70885480027468,-0.4538588597548028,0.4538588597548028
BIA-JD13-16,adjacent,divergent,73.49746263448829,73.53907227023186,0.04160963574356913,0.04160963574356913
BIA-JD13-17,divergent,exact_or_related,71.617375680212,71.16351682045719,-0.453858859754817,0.453858859754817
BIA-JD13-18,divergent,exact_or_related,66.4483403552668,65.99448149551199,-0.4538588597548028,0.4538588597548028
BIA-JD13-19,exact_or_related,adjacent,67.68293938961753,68.09518861362876,0.41224922401123365,0.41224922401123365
BIA-JD13-20,exact_or_related,adjacent,63.94320785220642,64.35545707621766,0.41224922401124076,0.41224922401124076
BIA-JD13-21,exact_or_related,adjacent,62.25229487908612,62.66454410309737,0.41224922401124786,0.41224922401124786
BIA-JD13-22,exact_or_related,adjacent,83.35275252423541,83.76500174824665,0.41224922401123365,0.41224922401123365
BIA-JD13-23,exact_or_related,adjacent,69.18998940912306,69.6022386331343,0.41224922401124786,0.41224922401124786
BIA-JD13-24,divergent,exact_or_related,76.48264077311086,76.02878191335606,-0.4538588597548028,0.4538588597548028
BIA-JD13-25,divergent,exact_or_related,69.85117155413502,69.39731269438022,-0.4538588597548028,0.4538588597548028
BIA-JD13-26,adjacent,divergent,68.32842730954307,68.37003694528664,0.04160963574356913,0.04160963574356913
BIA-JD13-27,exact_or_related,adjacent,69.26773564109449,69.67998486510574,0.41224922401124786,0.41224922401124786
BIA-JD13-28,exact_or_related,adjacent,71.08577058848576,71.498019812497,0.41224922401124786,0.41224922401124786
BIA-JD13-29,exact_or_related,adjacent,71.37084010571435,71.7830893297256,0.41224922401124786,0.41224922401124786
BIA-JD13-30,divergent,exact_or_related,71.66920650152629,71.21534764177149,-0.4538588597548028,0.4538588597548028
BIA-JD13-31,divergent,exact_or_related,68.31820612397235,67.86434726421754,-0.4538588597548028,0.4538588597548028
BIA-JD13-32,adjacent,divergent,64.64052659344625,64.68213622918982,0.04160963574356913,0.04160963574356913
BIA-JD13-33,exact_or_related,adjacent,83.19726006029254,83.60950928430378,0.41224922401124786,0.41224922401124786
BIA-JD13-34,exact_or_related,adjacent,83.35275252423541,83.76500174824665,0.41224922401123365,0.41224922401123365
BIA-JD13-35,adjacent,divergent,68.38025813085736,68.42186776660093,0.04160963574356913,0.04160963574356913
BIA-JD13-36,exact_or_related,adjacent,71.26717846308577,71.67942768709702,0.41224922401124786,0.41224922401124786
BIA-JD13-37,exact_or_related,adjacent,71.13760140980006,71.54985063381129,0.41224922401123365,0.41224922401123365
BIA-JD13-38,exact_or_related,adjacent,78.43565661002226,78.8479058340335,0.41224922401123365,0.41224922401123365
BIA-JD13-39,exact_or_related,adjacent,64.12461572680643,64.53686495081767,0.41224922401124786,0.41224922401124786
BIA-JD13-40,exact_or_related,adjacent,67.70885480027468,68.12110402428591,0.41224922401123365,0.41224922401123365
BIA-JD13-41,exact_or_related,adjacent,71.05985517782862,71.47210440183986,0.41224922401123365,0.41224922401123365
BIA-JD13-42,exact_or_related,adjacent,76.13244355598464,76.54469277999587,0.41224922401123365,0.41224922401123365
BIA-JD13-43,exact_or_related,adjacent,76.00286650269891,76.41511572671016,0.41224922401124786,0.41224922401124786
BIA-JD13-44,exact_or_related,adjacent,71.34492469505722,71.75717391906845,0.41224922401123365,0.41224922401123365
BIA-JD13-45,exact_or_related,adjacent,67.8384318535604,68.25068107757164,0.41224922401124786,0.41224922401124786
BIA-JD13-46,divergent,exact_or_related,69.64384826887787,69.18998940912306,-0.453858859754817,0.453858859754817
BIA-JD13-47,adjacent,divergent,64.58869577213196,64.63030540787553,0.04160963574356913,0.04160963574356913
BIA-JD13-48,divergent,exact_or_related,76.81232641581435,76.35846755605955,-0.4538588597548028,0.4538588597548028
BIA-JD13-49,exact_or_related,adjacent,81.35330970224413,81.76555892625537,0.41224922401123365,0.41224922401123365
BIA-JD13-50,exact_or_related,adjacent,81.35330970224413,81.76555892625537,0.41224922401123365,0.41224922401123365
BIA-JD13-51,exact_or_related,adjacent,83.32683711357826,83.73908633758951,0.41224922401124786,0.41224922401124786
BIA-JD13-52,exact_or_related,adjacent,67.99392431750327,68.4061735415145,0.41224922401123365,0.41224922401123365
BIA-JD13-53,adjacent,divergent,81.86922056888395,81.91083020462752,0.04160963574356913,0.04160963574356913
BIA-JD13-54,exact_or_related,adjacent,80.20186073609923,80.61410996011048,0.41224922401124786,0.41224922401124786
BIA-JD13-55,exact_or_related,adjacent,69.2159048197802,69.62815404379144,0.41224922401123365,0.41224922401123365
BIA-JD13-56,exact_or_related,adjacent,79.74259804011002,80.15484726412126,0.41224922401123365,0.41224922401123365
BIA-JD13-57,exact_or_related,adjacent,69.34548187306592,69.75773109707717,0.41224922401124786,0.41224922401124786
BIA-JD13-58,exact_or_related,adjacent,78.38382578870798,78.79607501271921,0.41224922401123365,0.41224922401123365
BIA-JD13-59,exact_or_related,adjacent,67.94209349618897,68.35434272020022,0.41224922401124786,0.41224922401124786
BIA-JD13-60,adjacent,divergent,66.53630777280895,66.57791740855252,0.04160963574356913,0.04160963574356913
BIA-JD13-61,adjacent,divergent,73.57520886645972,73.61681850220329,0.04160963574356913,0.04160963574356913
BIA-JD13-62,divergent,exact_or_related,76.91598805844293,76.46212919868813,-0.4538588597548028,0.4538588597548028
BIA-JD13-63,exact_or_related,adjacent,64.02095408417784,64.43320330818909,0.41224922401124786,0.41224922401124786
BIA-JD13-64,adjacent,divergent,79.89569315754981,79.93730279329338,0.04160963574356913,0.04160963574356913
BIA-JD13-65,exact_or_related,adjacent,63.9950386735207,64.40728789753194,0.41224922401124076,0.41224922401124076
BIA-JD13-66,adjacent,divergent,66.48447695149466,66.52608658723823,0.04160963574356913,0.04160963574356913
BIA-JD13-67,adjacent,divergent,78.87382124469065,78.91543088043422,0.04160963574356913,0.04160963574356913
BIA-JD13-68,adjacent,divergent,64.40728789753194,64.44889753327551,0.04160963574356913,0.04160963574356913
BIA-JD13-69,exact_or_related,adjacent,76.02878191335606,76.44103113736729,0.41224922401123365,0.41224922401123365
BIA-JD13-70,exact_or_related,adjacent,69.4491435156945,69.86139273970575,0.41224922401124786,0.41224922401124786
BIA-JD13-71,adjacent,divergent,69.80956191839145,69.85117155413502,0.04160963574356913,0.04160963574356913
BIA-JD13-72,exact_or_related,adjacent,63.9950386735207,64.40728789753194,0.41224922401124076,0.41224922401124076
BIA-JD13-73,exact_or_related,adjacent,71.13760140980006,71.54985063381129,0.41224922401123365,0.41224922401123365
BIA-JD13-74,adjacent,divergent,81.97288221151253,82.0144918472561,0.04160963574356913,0.04160963574356913
BIA-JD13-75,adjacent,divergent,71.7312585084113,71.77286814415487,0.04160963574356913,0.04160963574356913
BIA-JD13-76,adjacent,divergent,60.71693210242037,60.75854173816394,0.04160963574356913,0.04160963574356913
BIA-JD13-77,exact_or_related,adjacent,67.76068562158896,68.17293484560021,0.41224922401124786,0.41224922401124786
BIA-JD13-78,divergent,exact_or_related,79.98913361460768,79.53527475485286,-0.453858859754817,0.453858859754817
BIA-JD13-79,exact_or_related,adjacent,71.13760140980006,71.54985063381129,0.41224922401123365,0.41224922401123365
BIA-JD13-80,divergent,exact_or_related,73.48724144891756,73.03338258916276,-0.4538588597548028,0.4538588597548028
BIA-JD13-81,exact_or_related,adjacent,77.79498603943303,78.20723526344428,0.41224922401124786,0.41224922401124786
BIA-JD13-82,exact_or_related,adjacent,65.86490444222626,66.27715366623751,0.41224922401124786,0.41224922401124786
BIA-JD13-83,divergent,exact_or_related,76.50855618376801,76.0546973240132,-0.4538588597548028,0.4538588597548028
BIA-JD13-84,divergent,exact_or_related,68.21454448134378,67.76068562158896,-0.453858859754817,0.453858859754817
BIA-JD13-85,exact_or_related,adjacent,74.59226342998258,75.00451265399381,0.41224922401123365,0.41224922401123365
BIA-JD13-86,exact_or_related,adjacent,67.70885480027468,68.12110402428591,0.41224922401123365,0.41224922401123365
BIA-JD13-87,adjacent,divergent,71.65351227643987,71.69512191218344,0.04160963574356913,0.04160963574356913
BIA-JD13-88,exact_or_related,adjacent,76.13244355598464,76.54469277999587,0.41224922401123365,0.41224922401123365
BIA-JD13-89,exact_or_related,adjacent,73.13704423179134,73.54929345580257,0.41224922401123365,0.41224922401123365
BIA-JD13-90,exact_or_related,adjacent,67.94209349618897,68.35434272020022,0.41224922401124786,0.41224922401124786
BIA-JD13-91,exact_or_related,adjacent,71.26717846308577,71.67942768709702,0.41224922401124786,0.41224922401124786
BIA-JD13-92,exact_or_related,adjacent,64.17644654812072,64.58869577213196,0.41224922401123365,0.41224922401123365
BIA-JD13-93,exact_or_related,adjacent,71.29309387374292,71.70534309775417,0.41224922401124786,0.41224922401124786
BIA-JD13-94,exact_or_related,adjacent,73.08521341047704,73.49746263448829,0.41224922401124786,0.41224922401124786
BIA-JD13-95,exact_or_related,adjacent,67.99392431750327,68.4061735415145,0.41224922401123365,0.41224922401123365
BIA-JD13-96,exact_or_related,adjacent,78.33199496739368,78.74424419140493,0.41224922401124786,0.41224922401124786
BIA-JD13-97,adjacent,divergent,68.32842730954307,68.37003694528664,0.04160963574356913,0.04160963574356913
BIA-JD13-98,exact_or_related,adjacent,83.27500629226398,83.68725551627521,0.41224922401123365,0.41224922401123365
BIA-JD13-99,exact_or_related,adjacent,71.34492469505722,71.75717391906845,0.41224922401123365,0.41224922401123365
BIA-JD13-100,exact_or_related,adjacent,66.04631231682627,66.45856154083752,0.41224922401124786,0.41224922401124786
DEV-JD14-01,exact_or_related,adjacent,69.87548790725438,70.28773713126562,0.41224922401123365,0.41224922401123365
DEV-JD14-02,exact_or_related,adjacent,71.6676074439885,72.07985666799974,0.41224922401123365,0.41224922401123365
DEV-JD14-03,exact_or_related,adjacent,66.57631835101472,66.98856757502597,0.41224922401124786,0.41224922401124786
DEV-JD14-04,exact_or_related,adjacent,71.6157766226742,72.02802584668545,0.41224922401124786,0.41224922401124786
DEV-JD14-05,exact_or_related,adjacent,71.51211498004562,71.92436420405687,0.41224922401124786,0.41224922401124786
DEV-JD14-06,exact_or_related,adjacent,64.7841988142806,65.19644803829183,0.41224922401123365,0.41224922401123365
DEV-JD14-07,divergent,exact_or_related,63.33982141565796,62.88596255590315,-0.4538588597548099,0.4538588597548099
DEV-JD14-08,adjacent,divergent,80.37386837042396,80.41547800616753,0.04160963574356913,0.04160963574356913
DEV-JD14-09,exact_or_related,adjacent,64.75828340362345,65.1705326276347,0.41224922401124786,0.41224922401124786
DEV-JD14-10,exact_or_related,adjacent,64.65462176099487,65.06687098500612,0.41224922401124786,0.41224922401124786
DEV-JD14-11,exact_or_related,adjacent,62.75638550261743,63.16863472662867,0.41224922401124076,0.41224922401124076
DEV-JD14-12,exact_or_related,adjacent,73.35606533809404,73.76831456210527,0.41224922401123365,0.41224922401123365
DEV-JD14-13,exact_or_related,adjacent,66.73181081495758,67.14406003896883,0.41224922401124786,0.41224922401124786
DEV-JD14-14,divergent,exact_or_related,77.0126468072993,76.5587879475445,-0.4538588597548028,0.4538588597548028
DEV-JD14-15,exact_or_related,adjacent,73.48564239137977,73.897891615391,0.41224922401123365,0.41224922401123365
DEV-JD14-16,divergent,exact_or_related,73.80992419784884,73.35606533809404,-0.4538588597548028,0.4538588597548028
DEV-JD14-17,exact_or_related,adjacent,78.01400714573575,78.42625636974698,0.41224922401123365,0.41224922401123365
DEV-JD14-18,adjacent,divergent,83.93219203323507,83.97380166897864,0.04160963574356913,0.04160963574356913
DEV-JD14-19,divergent,exact_or_related,75.36880503866867,74.91494617891385,-0.453858859754817,0.453858859754817
DEV-JD14-20,exact_or_related,adjacent,71.64169203333135,72.05394125734259,0.41224922401123365,0.41224922401123365
DEV-JD14-21,exact_or_related,adjacent,68.60167658366315,69.01392580767438,0.41224922401123365,0.41224922401123365
DEV-JD14-22,adjacent,divergent,68.85843334373152,68.90004297947509,0.04160963574356913,0.04160963574356913
DEV-JD14-23,divergent,exact_or_related,81.05614857675677,80.60228971700197,-0.4538588597548028,0.4538588597548028
DEV-JD14-24,exact_or_related,adjacent,66.70589540430045,67.11814462831168,0.41224922401123365,0.41224922401123365
DEV-JD14-25,exact_or_related,adjacent,69.92731872856866,70.3395679525799,0.41224922401123365,0.41224922401123365
DEV-JD14-26,exact_or_related,adjacent,66.73181081495758,67.14406003896883,0.41224922401124786,0.41224922401124786
DEV-JD14-27,divergent,exact_or_related,79.2381136293655,78.7842547696107,-0.4538588597548028,0.4538588597548028
DEV-JD14-28,divergent,exact_or_related,66.95243097879809,66.49857211904329,-0.4538588597548028,0.4538588597548028
DEV-JD14-29,divergent,exact_or_related,72.09555089308616,71.64169203333135,-0.4538588597548028,0.4538588597548028
DEV-JD14-30,exact_or_related,adjacent,76.75889653696227,77.17114576097352,0.41224922401124786,0.41224922401124786
DEV-JD14-31,exact_or_related,adjacent,83.54585821988097,83.95810744389222,0.41224922401124786,0.41224922401124786
DEV-JD14-32,exact_or_related,adjacent,68.575761173006,68.98801039701725,0.41224922401124786,0.41224922401124786
DEV-JD14-33,adjacent,divergent,61.50609224318027,61.54770187892384,0.04160963574356913,0.04160963574356913
DEV-JD14-34,exact_or_related,adjacent,64.7323679929663,65.14461721697755,0.41224922401124786,0.41224922401124786
DEV-JD14-35,adjacent,divergent,83.90627662257792,83.94788625832149,0.04160963574356913,0.04160963574356913
DEV-JD14-36,exact_or_related,adjacent,64.62870635033774,65.04095557434897,0.41224922401123365,0.41224922401123365
DEV-JD14-37,exact_or_related,adjacent,68.31660706643456,68.72885629044579,0.41224922401123365,0.41224922401123365
DEV-JD14-38,exact_or_related,adjacent,68.31660706643456,68.72885629044579,0.41224922401123365,0.41224922401123365
DEV-JD14-39,exact_or_related,adjacent,78.03992255639288,78.45217178040413,0.41224922401124786,0.41224922401124786
DEV-JD14-40,exact_or_related,adjacent,76.5587879475445,76.97103717155574,0.41224922401123365,0.41224922401123365
DEV-JD14-41,divergent,exact_or_related,77.19405468189932,76.74019582214451,-0.4538588597548028,0.4538588597548028
DEV-JD14-42,exact_or_related,adjacent,71.56394580135992,71.97619502537115,0.41224922401123365,0.41224922401123365
DEV-JD14-43,adjacent,divergent,70.31365254192276,70.35526217766633,0.04160963574356913,0.04160963574356913
DEV-JD14-44,divergent,exact_or_related,74.0690783044203,73.61521944466548,-0.453858859754817,0.453858859754817
DEV-JD14-45,exact_or_related,adjacent,68.29069165577741,68.70294087978866,0.41224922401124786,0.41224922401124786
DEV-JD14-46,exact_or_related,adjacent,71.51211498004562,71.92436420405687,0.41224922401124786,0.41224922401124786
DEV-JD14-47,adjacent,divergent,77.32663822491638,77.36824786065995,0.04160963574356913,0.04160963574356913
DEV-JD14-48,exact_or_related,adjacent,64.55096011836629,64.96320934237754,0.41224922401124786,0.41224922401124786
DEV-JD14-49,divergent,exact_or_related,65.26397308469255,64.81011422493775,-0.4538588597548028,0.4538588597548028
DEV-JD14-50,exact_or_related,adjacent,81.67599245117542,82.08824167518665,0.41224922401123365,0.41224922401123365
DEV-JD14-51,adjacent,divergent,65.01504016369182,65.05664979943539,0.04160963574356913,0.04160963574356913
DEV-JD14-52,exact_or_related,adjacent,66.47265670838614,66.88490593239739,0.41224922401124786,0.41224922401124786
DEV-JD14-53,exact_or_related,adjacent,73.40789615940832,73.82014538341957,0.41224922401124786,0.41224922401124786
DEV-JD14-54,exact_or_related,adjacent,69.82365708594008,70.23590630995133,0.41224922401124786,0.41224922401124786
DEV-JD14-55,divergent,exact_or_related,63.36573682631511,62.9118779665603,-0.4538588597548099,0.4538588597548099
DEV-JD14-56,divergent,exact_or_related,77.03856221795645,76.58470335820164,-0.453858859754817,0.453858859754817
DEV-JD14-57,divergent,exact_or_related,70.09610807109487,69.64224921134007,-0.4538588597548028,0.4538588597548028
DEV-JD14-58,exact_or_related,adjacent,66.44674129772899,66.85899052174024,0.41224922401124786,0.41224922401124786
DEV-JD14-59,adjacent,divergent,63.42778883320011,63.46939846894368,0.04160963574356913,0.04160963574356913
DEV-JD14-60,exact_or_related,adjacent,76.58470335820164,76.99695258221288,0.41224922401124786,0.41224922401124786
DEV-JD14-61,exact_or_related,adjacent,78.75833935895355,79.1705885829648,0.41224922401124786,0.41224922401124786
DEV-JD14-62,exact_or_related,adjacent,74.83719994694242,75.24944917095367,0.41224922401124786,0.41224922401124786
DEV-JD14-63,exact_or_related,adjacent,64.70645258230917,65.1187018063204,0.41224922401123365,0.41224922401123365
DEV-JD14-64,exact_or_related,adjacent,66.73181081495758,67.14406003896883,0.41224922401124786,0.41224922401124786
DEV-JD14-65,exact_or_related,adjacent,64.60279093968059,65.01504016369182,0.41224922401123365,0.41224922401123365
DEV-JD14-66,exact_or_related,adjacent,68.49801494103457,68.9102641650458,0.41224922401123365,0.41224922401123365
DEV-JD14-67,divergent,exact_or_related,73.96541666179172,73.5115578020369,-0.453858859754817,0.453858859754817
DEV-JD14-68,divergent,exact_or_related,72.1214663037433,71.6676074439885,-0.4538588597548028,0.4538588597548028
DEV-JD14-69,adjacent,divergent,84.08768449717795,84.1292941329215,0.04160963574355492,0.04160963574355492
DEV-JD14-70,divergent,exact_or_related,82.10393590027309,81.65007704051827,-0.453858859754817,0.453858859754817
DEV-JD14-71,adjacent,divergent,77.02286799287003,77.0644776286136,0.04160963574356913,0.04160963574356913
DEV-JD14-72,exact_or_related,adjacent,79.85795750378415,80.2702067277954,0.41224922401124786,0.41224922401124786
DEV-JD14-73,exact_or_related,adjacent,69.79774167528294,70.20999089929418,0.41224922401124786,0.41224922401124786
DEV-JD14-74,exact_or_related,adjacent,74.91494617891385,75.3271954029251,0.41224922401124786,0.41224922401124786
DEV-JD14-75,exact_or_related,adjacent,60.93835055522616,61.3505997792374,0.41224922401124076,0.41224922401124076
DEV-JD14-76,adjacent,divergent,76.94512176089859,76.98673139664217,0.04160963574358334,0.04160963574358334
DEV-JD14-77,exact_or_related,adjacent,78.70650853763927,79.1187577616505,0.41224922401123365,0.41224922401123365
DEV-JD14-78,exact_or_related,adjacent,68.47209953037742,68.88434875438867,0.41224922401124786,0.41224922401124786
DEV-JD14-79,exact_or_related,adjacent,68.44618411972027,68.85843334373152,0.41224922401124786,0.41224922401124786
DEV-JD14-80,exact_or_related,adjacent,73.64113485532263,74.05338407933387,0.41224922401123365,0.41224922401123365
DEV-JD14-81,exact_or_related,adjacent,79.80612668246987,80.2183759064811,0.41224922401123365,0.41224922401123365
DEV-JD14-82,exact_or_related,adjacent,73.5115578020369,73.92380702604815,0.41224922401124786,0.41224922401124786
DEV-JD14-83,divergent,exact_or_related,68.82229674750366,68.36843788774884,-0.453858859754817,0.453858859754817
DEV-JD14-84,adjacent,divergent,75.3790262242394,75.42063585998295,0.04160963574355492,0.04160963574355492
DEV-JD14-85,adjacent,divergent,76.8932909395843,76.93490057532787,0.04160963574356913,0.04160963574356913
DEV-JD14-86,adjacent,divergent,65.04095557434897,65.08256521009254,0.04160963574356913,0.04160963574356913
DEV-JD14-87,exact_or_related,adjacent,62.9118779665603,63.32412719057154,0.41224922401124076,0.41224922401124076
DEV-JD14-88,adjacent,divergent,77.12652963549861,77.16813927124218,0.04160963574356913,0.04160963574356913
DEV-JD14-89,adjacent,divergent,68.88434875438867,68.92595839013224,0.04160963574356913,0.04160963574356913
DEV-JD14-90,exact_or_related,adjacent,76.71428041148737,77.12652963549861,0.41224922401124786,0.41224922401124786
DEV-JD14-91,exact_or_related,adjacent,80.60228971700197,81.0145389410132,0.41224922401123365,0.41224922401123365
DEV-JD14-92,divergent,exact_or_related,78.46786600549055,78.01400714573575,-0.4538588597548028,0.4538588597548028
DEV-JD14-93,adjacent,divergent,68.72885629044579,68.77046592618936,0.04160963574356913,0.04160963574356913
DEV-JD14-94,adjacent,divergent,76.97103717155574,77.0126468072993,0.04160963574356913,0.04160963574356913
DEV-JD14-95,exact_or_related,adjacent,71.77126908661708,72.18351831062832,0.41224922401123365,0.41224922401123365
DEV-JD14-96,exact_or_related,adjacent,76.63653417951593,77.04878340352717,0.41224922401123365,0.41224922401123365
DEV-JD14-97,adjacent,divergent,65.19644803829183,65.2380576740354,0.04160963574356913,0.04160963574356913
DEV-JD14-98,exact_or_related,adjacent,71.69352285464564,72.10577207865688,0.41224922401124786,0.41224922401124786
DEV-JD14-99,divergent,exact_or_related,77.0126468072993,76.5587879475445,-0.4538588597548028,0.4538588597548028
DEV-JD14-100,exact_or_related,adjacent,83.64951986250955,84.0617690865208,0.41224922401124786,0.41224922401124786
CE-JD15-01,exact_or_related,adjacent,69.87548790725438,70.28773713126562,0.41224922401123365,0.41224922401123365
CE-JD15-02,divergent,exact_or_related,72.04372007177187,71.58986121201707,-0.4538588597548028,0.4538588597548028
CE-JD15-03,divergent,exact_or_related,70.25160053503775,69.79774167528294,-0.453858859754817,0.453858859754817
CE-JD15-04,exact_or_related,adjacent,69.82365708594008,70.23590630995133,0.41224922401124786,0.41224922401124786
CE-JD15-05,divergent,exact_or_related,72.06963548242902,71.6157766226742,-0.453858859754817,0.453858859754817
CE-JD15-06,divergent,exact_or_related,67.05609262142667,66.60223376167187,-0.4538588597548028,0.4538588597548028
CE-JD15-07,exact_or_related,adjacent,66.73181081495758,67.14406003896883,0.41224922401124786,0.41224922401124786
CE-JD15-08,exact_or_related,adjacent,62.96370878787459,63.37595801188583,0.41224922401124076,0.41224922401124076
CE-JD15-09,exact_or_related,adjacent,73.40789615940832,73.82014538341957,0.41224922401124786,0.41224922401124786
CE-JD15-10,exact_or_related,adjacent,66.70589540430045,67.11814462831168,0.41224922401123365,0.41224922401123365
CE-JD15-11,exact_or_related,adjacent,76.65523489433369,77.06748411834494,0.41224922401124786,0.41224922401124786
CE-JD15-12,adjacent,divergent,68.93617957570295,68.97778921144652,0.04160963574356913,0.04160963574356913
CE-JD15-13,exact_or_related,adjacent,71.6157766226742,72.02802584668545,0.41224922401124786,0.41224922401124786
CE-JD15-14,exact_or_related,adjacent,68.39435329840599,68.80660252241722,0.41224922401123365,0.41224922401123365
CE-JD15-15,exact_or_related,adjacent,66.42082588707186,66.83307511108309,0.41224922401123365,0.41224922401123365
CE-JD15-16,adjacent,divergent,78.34851013777555,78.39011977351912,0.04160963574356913,0.04160963574356913
CE-JD15-17,adjacent,divergent,68.70294087978866,68.74455051553223,0.04160963574356913,0.04160963574356913
CE-JD15-18,exact_or_related,adjacent,69.7199954433115,70.13224466732275,0.41224922401124786,0.41224922401124786
CE-JD15-19,exact_or_related,adjacent,83.6754352731667,84.08768449717795,0.41224922401124786,0.41224922401124786
CE-JD15-20,adjacent,divergent,79.04101152967907,79.08262116542264,0.04160963574356913,0.04160963574356913
CE-JD15-21,exact_or_related,adjacent,76.74019582214451,77.15244504615575,0.41224922401123365,0.41224922401123365
CE-JD15-22,exact_or_related,adjacent,71.6676074439885,72.07985666799974,0.41224922401123365,0.41224922401123365
CE-JD15-23,divergent,exact_or_related,77.0644776286136,76.61061876885879,-0.453858859754817,0.453858859754817
CE-JD15-24,exact_or_related,adjacent,68.31660706643456,68.72885629044579,0.41224922401123365,0.41224922401123365
CE-JD15-25,divergent,exact_or_related,77.13500916474564,76.68115030499084,-0.4538588597548028,0.4538588597548028
CE-JD15-26,divergent,exact_or_related,74.12090912573458,73.66705026597978,-0.4538588597548028,0.4538588597548028
CE-JD15-27,adjacent,divergent,71.97619502537115,72.01780466111472,0.04160963574356913,0.04160963574356913
CE-JD15-28,adjacent,divergent,82.03641085387237,82.07802048961594,0.04160963574356913,0.04160963574356913
CE-JD15-29,exact_or_related,adjacent,69.82365708594008,70.23590630995133,0.41224922401124786,0.41224922401124786
CE-JD15-30,adjacent,divergent,77.15244504615575,77.19405468189932,0.04160963574356913,0.04160963574356913
CE-JD15-31,divergent,exact_or_related,70.25160053503775,69.79774167528294,-0.453858859754817,0.453858859754817
CE-JD15-32,adjacent,divergent,80.91087729838462,80.95248693412819,0.04160963574356913,0.04160963574356913
CE-JD15-33,adjacent,divergent,70.0544984353513,70.09610807109487,0.04160963574356913,0.04160963574356913
CE-JD15-34,adjacent,divergent,65.22236344894898,65.26397308469255,0.04160963574356913,0.04160963574356913
CE-JD15-35,exact_or_related,adjacent,71.79718449727422,72.20943372128546,0.41224922401124786,0.41224922401124786
CE-JD15-36,adjacent,divergent,68.78068711176009,68.82229674750366,0.04160963574356913,0.04160963574356913
CE-JD15-37,exact_or_related,adjacent,80.65412053831625,81.0663697623275,0.41224922401124786,0.41224922401124786
CE-JD15-38,exact_or_related,adjacent,80.57637430634482,80.98862353035605,0.41224922401123365,0.41224922401123365
CE-JD15-39,exact_or_related,adjacent,76.53287253688735,76.94512176089859,0.41224922401123365,0.41224922401123365
CE-JD15-40,divergent,exact_or_related,84.1811249542358,83.727266094481,-0.4538588597548028,0.4538588597548028
CE-JD15-41,exact_or_related,adjacent,79.832042093127,80.24429131713825,0.41224922401124786,0.41224922401124786
CE-JD15-42,exact_or_related,adjacent,81.70190786183257,82.1141570858438,0.41224922401123365,0.41224922401123365
CE-JD15-43,adjacent,divergent,63.14271931597152,63.18432895171509,0.04160963574356913,0.04160963574356913
CE-JD15-44,exact_or_related,adjacent,69.82365708594008,70.23590630995133,0.41224922401124786,0.41224922401124786
CE-JD15-45,adjacent,divergent,79.19650399362193,79.2381136293655,0.04160963574356913,0.04160963574356913
CE-JD15-46,exact_or_related,adjacent,66.57631835101472,66.98856757502597,0.41224922401124786,0.41224922401124786
CE-JD15-47,divergent,exact_or_related,70.12202348175202,69.66816462199722,-0.4538588597548028,0.4538588597548028
CE-JD15-48,divergent,exact_or_related,72.04372007177187,71.58986121201707,-0.4538588597548028,0.4538588597548028
CE-JD15-49,adjacent,divergent,75.40494163489653,75.4465512706401,0.04160963574356913,0.04160963574356913
CE-JD15-50,exact_or_related,adjacent,76.888473590248,77.30072281425923,0.41224922401123365,0.41224922401123365
CE-JD15-51,divergent,exact_or_related,68.79638133684651,68.3425224770917,-0.4538588597548028,0.4538588597548028
CE-JD15-52,exact_or_related,adjacent,76.5587879475445,76.97103717155574,0.41224922401123365,0.41224922401123365
CE-JD15-53,adjacent,divergent,76.99695258221288,77.03856221795645,0.04160963574356913,0.04160963574356913
CE-JD15-54,adjacent,divergent,68.93617957570295,68.97778921144652,0.04160963574356913,0.04160963574356913
CE-JD15-55,exact_or_related,adjacent,75.01860782154243,75.43085704555368,0.41224922401124786,0.41224922401124786
CE-JD15-56,adjacent,divergent,73.94972243670529,73.99133207244887,0.04160963574358334,0.04160963574358334
CE-JD15-57,adjacent,divergent,75.22353376029652,75.26514339604009,0.04160963574356913,0.04160963574356913
CE-JD15-58,adjacent,divergent,68.83251793307437,68.87412756881794,0.04160963574356913,0.04160963574356913
CE-JD15-59,exact_or_related,adjacent,71.77126908661708,72.18351831062832,0.41224922401123365,0.41224922401123365
CE-JD15-60,exact_or_related,adjacent,68.29069165577741,68.70294087978866,0.41224922401124786,0.41224922401124786
CE-JD15-61,exact_or_related,adjacent,76.5587879475445,76.97103717155574,0.41224922401123365,0.41224922401123365
CE-JD15-62,exact_or_related,adjacent,73.53747321269405,73.94972243670529,0.41224922401123365,0.41224922401123365
CE-JD15-63,exact_or_related,adjacent,68.29069165577741,68.70294087978866,0.41224922401124786,0.41224922401124786
CE-JD15-64,exact_or_related,adjacent,68.42026870906314,68.83251793307437,0.41224922401123365,0.41224922401123365
CE-JD15-65,exact_or_related,adjacent,83.6236044518524,84.03585367586365,0.41224922401124786,0.41224922401124786
CE-JD15-66,divergent,exact_or_related,78.33828895220482,77.88443009245002,-0.4538588597548028,0.4538588597548028
CE-JD15-67,exact_or_related,adjacent,64.68053717165202,65.09278639566327,0.41224922401124786,0.41224922401124786
CE-JD15-68,divergent,exact_or_related,70.35526217766633,69.90140331791152,-0.453858859754817,0.453858859754817
CE-JD15-69,adjacent,divergent,70.31365254192276,70.35526217766633,0.04160963574356913,0.04160963574356913
CE-JD15-70,exact_or_related,adjacent,81.57233080854684,81.98458003255809,0.41224922401124786,0.41224922401124786
CE-JD15-71,exact_or_related,adjacent,64.81011422493775,65.22236344894898,0.41224922401123365,0.41224922401123365
CE-JD15-72,exact_or_related,adjacent,68.47209953037742,68.88434875438867,0.41224922401124786,0.41224922401124786
CE-JD15-73,divergent,exact_or_related,68.95187380078937,68.49801494103457,-0.4538588597548028,0.4538588597548028
CE-JD15-74,exact_or_related,adjacent,78.11766878836431,78.52991801237556,0.41224922401124786,0.41224922401124786
CE-JD15-75,adjacent,divergent,77.02286799287003,77.0644776286136,0.04160963574356913,0.04160963574356913
CE-JD15-76,divergent,exact_or_related,72.01780466111472,71.56394580135992,-0.4538588597548028,0.4538588597548028
CE-JD15-77,exact_or_related,adjacent,81.67599245117542,82.08824167518665,0.41224922401123365,0.41224922401123365
CE-JD15-78,exact_or_related,adjacent,68.60167658366315,69.01392580767438,0.41224922401123365,0.41224922401123365
CE-JD15-79,adjacent,divergent,70.0544984353513,70.09610807109487,0.04160963574356913,0.04160963574356913
CE-JD15-80,adjacent,divergent,71.950279614714,71.99188925045758,0.04160963574356913,0.04160963574356913
CE-JD15-81,exact_or_related,adjacent,68.44618411972027,68.85843334373152,0.41224922401124786,0.41224922401124786
CE-JD15-82,divergent,exact_or_related,75.42063585998295,74.96677700022815,-0.4538588597548028,0.4538588597548028
CE-JD15-83,exact_or_related,adjacent,68.31660706643456,68.72885629044579,0.41224922401123365,0.41224922401123365
CE-JD15-84,exact_or_related,adjacent,64.70645258230917,65.1187018063204,0.41224922401123365,0.41224922401123365
CE-JD15-85,exact_or_related,adjacent,66.47265670838614,66.88490593239739,0.41224922401124786,0.41224922401124786
CE-JD15-86,divergent,exact_or_related,70.25160053503775,69.79774167528294,-0.453858859754817,0.453858859754817
CE-JD15-87,adjacent,divergent,68.80660252241722,68.84821215816079,0.04160963574356913,0.04160963574356913
CE-JD15-88,exact_or_related,adjacent,68.52393035169172,68.93617957570295,0.41224922401123365,0.41224922401123365
CE-JD15-89,exact_or_related,adjacent,76.5587879475445,76.97103717155574,0.41224922401123365,0.41224922401123365
CE-JD15-90,exact_or_related,adjacent,69.79774167528294,70.20999089929418,0.41224922401124786,0.41224922401124786
CE-JD15-91,adjacent,divergent,75.40494163489653,75.4465512706401,0.04160963574356913,0.04160963574356913
CE-JD15-92,exact_or_related,adjacent,68.44618411972027,68.85843334373152,0.41224922401124786,0.41224922401124786
CE-JD15-93,exact_or_related,adjacent,81.8314849151183,82.24373413912953,0.41224922401123365,0.41224922401123365
CE-JD15-94,exact_or_related,adjacent,68.52393035169172,68.93617957570295,0.41224922401123365,0.41224922401123365
CE-JD15-95,adjacent,divergent,65.06687098500612,65.10848062074969,0.04160963574356913,0.04160963574356913
CE-JD15-96,exact_or_related,adjacent,64.83602963559488,65.24827885960613,0.41224922401124786,0.41224922401124786
CE-JD15-97,exact_or_related,adjacent,71.64169203333135,72.05394125734259,0.41224922401123365,0.41224922401123365
CE-JD15-98,exact_or_related,adjacent,68.36843788774884,68.78068711176009,0.41224922401124786,0.41224922401124786
CE-JD15-99,adjacent,divergent,71.92436420405687,71.96597383980044,0.04160963574356913,0.04160963574356913
CE-JD15-100,exact_or_related,adjacent,68.52393035169172,68.93617957570295,0.41224922401123365,0.41224922401123365
SRE-JD16-01,exact_or_related,adjacent,68.52393035169172,68.93617957570295,0.41224922401123365,0.41224922401123365
SRE-JD16-02,exact_or_related,adjacent,68.31660706643456,68.72885629044579,0.41224922401123365,0.41224922401123365
SRE-JD16-03,divergent,exact_or_related,68.77046592618936,68.31660706643456,-0.4538588597548028,0.4538588597548028
SRE-JD16-04,exact_or_related,adjacent,68.31660706643456,68.72885629044579,0.41224922401123365,0.41224922401123365
SRE-JD16-05,adjacent,divergent,67.0144829856831,67.05609262142667,0.04160963574356913,0.04160963574356913
SRE-JD16-06,divergent,exact_or_related,82.20759754290167,81.75373868314685,-0.453858859754817,0.453858859754817
SRE-JD16-07,exact_or_related,adjacent,64.60279093968059,65.01504016369182,0.41224922401123365,0.41224922401123365
SRE-JD16-08,exact_or_related,adjacent,83.70135068382385,84.11359990783508,0.41224922401123365,0.41224922401123365
SRE-JD16-09,exact_or_related,adjacent,64.60279093968059,65.01504016369182,0.41224922401123365,0.41224922401123365
SRE-JD16-10,divergent,exact_or_related,72.25104335702903,71.79718449727422,-0.453858859754817,0.453858859754817
SRE-JD16-11,exact_or_related,adjacent,62.98962419853173,63.40187342254297,0.41224922401124076,0.41224922401124076
SRE-JD16-12,exact_or_related,adjacent,69.64224921134007,70.0544984353513,0.41224922401123365,0.41224922401123365
SRE-JD16-13,adjacent,divergent,63.40187342254297,63.44348305828654,0.04160963574356913,0.04160963574356913
SRE-JD16-14,divergent,exact_or_related,67.15975426405525,66.70589540430045,-0.4538588597548028,0.4538588597548028
SRE-JD16-15,divergent,exact_or_related,81.08206398741392,80.62820512765911,-0.4538588597548028,0.4538588597548028
SRE-JD16-16,exact_or_related,adjacent,80.47271266371624,80.88496188772748,0.41224922401124786,0.41224922401124786
SRE-JD16-17,exact_or_related,adjacent,71.64169203333135,72.05394125734259,0.41224922401123365,0.41224922401123365
SRE-JD16-18,exact_or_related,adjacent,64.57687552902344,64.98912475303469,0.41224922401124786,0.41224922401124786
SRE-JD16-19,exact_or_related,adjacent,74.9926924108853,75.40494163489653,0.41224922401123365,0.41224922401123365
SRE-JD16-20,exact_or_related,adjacent,62.88596255590315,63.29821177991439,0.41224922401124076,0.41224922401124076
SRE-JD16-21,exact_or_related,adjacent,64.7323679929663,65.14461721697755,0.41224922401124786,0.41224922401124786
SRE-JD16-22,adjacent,divergent,74.02746866867673,74.0690783044203,0.04160963574356913,0.04160963574356913
SRE-JD16-23,adjacent,divergent,78.3225947271184,78.36420436286197,0.04160963574356913,0.04160963574356913
SRE-JD16-24,exact_or_related,adjacent,78.7842547696107,79.19650399362193,0.41224922401123365,0.41224922401123365
SRE-JD16-25,exact_or_related,adjacent,77.91034550310717,78.3225947271184,0.41224922401123365,0.41224922401123365
SRE-JD16-26,exact_or_related,adjacent,64.86194504625203,65.27419427026328,0.41224922401124786,0.41224922401124786
SRE-JD16-27,adjacent,divergent,70.20999089929418,70.25160053503775,0.04160963574356913,0.04160963574356913
SRE-JD16-28,adjacent,divergent,75.22353376029652,75.26514339604009,0.04160963574356913,0.04160963574356913
SRE-JD16-29,divergent,exact_or_related,71.96597383980044,71.51211498004562,-0.453858859754817,0.453858859754817
SRE-JD16-30,exact_or_related,adjacent,69.87548790725438,70.28773713126562,0.41224922401123365,0.41224922401123365
SRE-JD16-31,adjacent,divergent,68.93617957570295,68.97778921144652,0.04160963574356913,0.04160963574356913
SRE-JD16-32,exact_or_related,adjacent,69.84957249659723,70.26182172060847,0.41224922401123365,0.41224922401123365
SRE-JD16-33,divergent,exact_or_related,77.3941632713171,76.94030441156228,-0.453858859754817,0.453858859754817
SRE-JD16-34,divergent,exact_or_related,77.14222386058503,76.68836500083022,-0.453858859754817,0.453858859754817
SRE-JD16-35,divergent,exact_or_related,77.1090937540885,76.65523489433369,-0.453858859754817,0.453858859754817
SRE-JD16-36,exact_or_related,adjacent,76.81072735827657,77.2229765822878,0.41224922401123365,0.41224922401123365
SRE-JD16-37,exact_or_related,adjacent,68.47209953037742,68.88434875438867,0.41224922401124786,0.41224922401124786
SRE-JD16-38,exact_or_related,adjacent,66.60223376167187,67.0144829856831,0.41224922401123365,0.41224922401123365
SRE-JD16-39,divergent,exact_or_related,78.33828895220482,77.88443009245002,-0.4538588597548028,0.4538588597548028
SRE-JD16-40,exact_or_related,adjacent,64.75828340362345,65.1705326276347,0.41224922401124786,0.41224922401124786
SRE-JD16-41,exact_or_related,adjacent,68.54984576234885,68.9620949863601,0.41224922401124786,0.41224922401124786
SRE-JD16-42,divergent,exact_or_related,77.11630844992789,76.66244959017308,-0.4538588597548028,0.4538588597548028
SRE-JD16-43,exact_or_related,adjacent,79.96161914641273,80.37386837042396,0.41224922401123365,0.41224922401123365
SRE-JD16-44,divergent,exact_or_related,69.00370462210367,68.54984576234885,-0.453858859754817,0.453858859754817
SRE-JD16-45,divergent,exact_or_related,72.06963548242902,71.6157766226742,-0.453858859754817,0.453858859754817
SRE-JD16-46,exact_or_related,adjacent,73.45972698072262,73.87197620473385,0.41224922401123365,0.41224922401123365
SRE-JD16-47,exact_or_related,adjacent,69.82365708594008,70.23590630995133,0.41224922401124786,0.41224922401124786
SRE-JD16-48,exact_or_related,adjacent,66.70589540430045,67.11814462831168,0.41224922401123365,0.41224922401123365
SRE-JD16-49,exact_or_related,adjacent,73.5633886233512,73.97563784736244,0.41224922401123365,0.41224922401123365
SRE-JD16-50,divergent,exact_or_related,72.22512794637188,71.77126908661708,-0.4538588597548028,0.4538588597548028
SRE-JD16-51,adjacent,divergent,61.45426142186598,61.49587105760955,0.04160963574356913,0.04160963574356913
SRE-JD16-52,adjacent,divergent,68.75477170110294,68.79638133684651,0.04160963574356913,0.04160963574356913
SRE-JD16-53,exact_or_related,adjacent,71.77126908661708,72.18351831062832,0.41224922401123365,0.41224922401123365
SRE-JD16-54,exact_or_related,adjacent,68.29069165577741,68.70294087978866,0.41224922401124786,0.41224922401124786
SRE-JD16-55,divergent,exact_or_related,78.46786600549055,78.01400714573575,-0.4538588597548028,0.4538588597548028
SRE-JD16-56,exact_or_related,adjacent,62.96370878787459,63.37595801188583,0.41224922401124076,0.41224922401124076
SRE-JD16-57,exact_or_related,adjacent,71.77126908661708,72.18351831062832,0.41224922401123365,0.41224922401123365
SRE-JD16-58,adjacent,divergent,79.04101152967907,79.08262116542264,0.04160963574356913,0.04160963574356913
SRE-JD16-59,exact_or_related,adjacent,68.44618411972027,68.85843334373152,0.41224922401124786,0.41224922401124786
SRE-JD16-60,exact_or_related,adjacent,68.44618411972027,68.85843334373152,0.41224922401124786,0.41224922401124786
SRE-JD16-61,divergent,exact_or_related,77.03856221795645,76.58470335820164,-0.453858859754817,0.453858859754817
SRE-JD16-62,exact_or_related,adjacent,62.93779337721744,63.35004260122868,0.41224922401124076,0.41224922401124076
SRE-JD16-63,exact_or_related,adjacent,64.83602963559488,65.24827885960613,0.41224922401124786,0.41224922401124786
SRE-JD16-64,divergent,exact_or_related,80.84882529149961,80.3949664317448,-0.4538588597548028,0.4538588597548028
SRE-JD16-65,adjacent,divergent,68.75477170110294,68.79638133684651,0.04160963574356913,0.04160963574356913
SRE-JD16-66,divergent,exact_or_related,68.87412756881794,68.42026870906314,-0.4538588597548028,0.4538588597548028
SRE-JD16-67,adjacent,divergent,80.7813002450989,80.82290988084247,0.04160963574356913,0.04160963574356913
SRE-JD16-68,divergent,exact_or_related,74.04316289376315,73.58930403400834,-0.453858859754817,0.453858859754817
SRE-JD16-69,exact_or_related,adjacent,74.86311535759957,75.2753645816108,0.41224922401123365,0.41224922401123365
SRE-JD16-70,exact_or_related,adjacent,76.73298112630512,77.14523035031637,0.41224922401124786,0.41224922401124786
SRE-JD16-71,exact_or_related,adjacent,71.6676074439885,72.07985666799974,0.41224922401123365,0.41224922401123365
SRE-JD16-72,exact_or_related,adjacent,69.87548790725438,70.28773713126562,0.41224922401123365,0.41224922401123365
SRE-JD16-73,adjacent,divergent,68.9620949863601,69.00370462210367,0.04160963574356913,0.04160963574356913
SRE-JD16-74,exact_or_related,adjacent,68.29069165577741,68.70294087978866,0.41224922401124786,0.41224922401124786
SRE-JD16-75,adjacent,divergent,71.92436420405687,71.96597383980044,0.04160963574356913,0.04160963574356913
SRE-JD16-76,exact_or_related,adjacent,69.7199954433115,70.13224466732275,0.41224922401124786,0.41224922401124786
SRE-JD16-77,exact_or_related,adjacent,76.5587879475445,76.97103717155574,0.41224922401123365,0.41224922401123365
SRE-JD16-78,exact_or_related,adjacent,76.48104171557307,76.8932909395843,0.41224922401123365,0.41224922401123365
SRE-JD16-79,adjacent,divergent,68.9620949863601,69.00370462210367,0.04160963574356913,0.04160963574356913
SRE-JD16-80,adjacent,divergent,70.28773713126562,70.32934676700918,0.04160963574356913,0.04160963574356913
SRE-JD16-81,exact_or_related,adjacent,78.60284689501069,79.01509611902192,0.41224922401123365,0.41224922401123365
SRE-JD16-82,adjacent,divergent,78.55583342303271,78.59744305877628,0.04160963574356913,0.04160963574356913
SRE-JD16-83,adjacent,divergent,80.29612213845253,80.3377317741961,0.04160963574356913,0.04160963574356913
SRE-JD16-84,exact_or_related,adjacent,76.63653417951593,77.04878340352717,0.41224922401123365,0.41224922401123365
SRE-JD16-85,exact_or_related,adjacent,73.66705026597978,74.07929948999102,0.41224922401123365,0.41224922401123365
SRE-JD16-86,exact_or_related,adjacent,69.79774167528294,70.20999089929418,0.41224922401124786,0.41224922401124786
SRE-JD16-87,divergent,exact_or_related,77.36824786065995,76.91438900090515,-0.4538588597548028,0.4538588597548028
SRE-JD16-88,exact_or_related,adjacent,69.87548790725438,70.28773713126562,0.41224922401123365,0.41224922401123365
SRE-JD16-89,adjacent,divergent,68.9620949863601,69.00370462210367,0.04160963574356913,0.04160963574356913
SRE-JD16-90,exact_or_related,adjacent,71.51211498004562,71.92436420405687,0.41224922401124786,0.41224922401124786
SRE-JD16-91,adjacent,divergent,64.96320934237754,65.00481897812111,0.04160963574356913,0.04160963574356913
SRE-JD16-92,exact_or_related,adjacent,75.07043864285673,75.48268786686796,0.41224922401123365,0.41224922401123365
SRE-JD16-93,exact_or_related,adjacent,74.86311535759957,75.2753645816108,0.41224922401123365,0.41224922401123365
SRE-JD16-94,exact_or_related,adjacent,68.49801494103457,68.9102641650458,0.41224922401123365,0.41224922401123365
SRE-JD16-95,exact_or_related,adjacent,69.7718262646258,70.18407548863703,0.41224922401123365,0.41224922401123365
SRE-JD16-96,adjacent,divergent,65.22236344894898,65.26397308469255,0.04160963574356913,0.04160963574356913
SRE-JD16-97,exact_or_related,adjacent,76.45512630491592,76.86737552892716,0.41224922401123365,0.41224922401123365
SRE-JD16-98,exact_or_related,adjacent,68.42026870906314,68.83251793307437,0.41224922401123365,0.41224922401123365
SRE-JD16-99,adjacent,divergent,80.39978378108111,80.44139341682468,0.04160963574356913,0.04160963574356913
SRE-JD16-100,adjacent,divergent,78.3225947271184,78.36420436286197,0.04160963574356913,0.04160963574356913
QA-JD17-01,divergent,exact_or_related,69.32203179004422,68.8681729302894,-0.453858859754817,0.453858859754817
QA-JD17-02,adjacent,divergent,65.72209849148955,65.76370812723312,0.04160963574356913,0.04160963574356913
QA-JD17-03,exact_or_related,adjacent,70.24564589650922,70.65789512052045,0.41224922401123365,0.41224922401123365
QA-JD17-04,exact_or_related,adjacent,68.81634210897512,69.22859133298635,0.41224922401123365,0.41224922401123365
QA-JD17-05,exact_or_related,adjacent,70.3493075391378,70.76155676314903,0.41224922401123365,0.41224922401123365
QA-JD17-06,exact_or_related,adjacent,72.08959625455762,72.50184547856887,0.41224922401124786,0.41224922401124786
QA-JD17-07,divergent,exact_or_related,67.4780814319958,67.024222572241,-0.4538588597548028,0.4538588597548028
QA-JD17-08,adjacent,divergent,74.5272037112173,74.56881334696087,0.04160963574356913,0.04160963574356913
QA-JD17-09,adjacent,divergent,81.5920202155252,81.63362985126878,0.04160963574358334,0.04160963574358334
QA-JD17-10,adjacent,divergent,69.2026759223292,69.24428555807279,0.04160963574358334,0.04160963574358334
QA-JD17-11,exact_or_related,adjacent,80.4613541889533,80.87360341296454,0.41224922401124786,0.41224922401124786
QA-JD17-12,exact_or_related,adjacent,81.15385558085681,81.56610480486806,0.41224922401124786,0.41224922401124786
QA-JD17-13,exact_or_related,adjacent,72.34875036112908,72.76099958514031,0.41224922401123365,0.41224922401123365
QA-JD17-14,exact_or_related,adjacent,67.17971503618386,67.5919642601951,0.41224922401123365,0.41224922401123365
QA-JD17-15,exact_or_related,adjacent,69.04958080488942,69.46183002890066,0.41224922401124786,0.41224922401124786
QA-JD17-16,exact_or_related,adjacent,68.81634210897512,69.22859133298635,0.41224922401123365,0.41224922401123365
QA-JD17-17,exact_or_related,adjacent,63.437528419758,63.849777643769244,0.41224922401124076,0.41224922401124076
QA-JD17-18,exact_or_related,adjacent,84.38249360096442,84.79474282497566,0.41224922401123365,0.41224922401123365
QA-JD17-19,exact_or_related,adjacent,77.05852299008507,77.4707722140963,0.41224922401123365,0.41224922401123365
QA-JD17-20,adjacent,divergent,69.2026759223292,69.24428555807279,0.04160963574358334,0.04160963574358334
QA-JD17-21,exact_or_related,adjacent,77.21401545402793,77.62626467803918,0.41224922401124786,0.41224922401124786
QA-JD17-22,exact_or_related,adjacent,84.38249360096442,84.79474282497566,0.41224922401123365,0.41224922401123365
QA-JD17-23,adjacent,divergent,61.979911875063685,62.021521510807254,0.04160963574356913,0.04160963574356913
QA-JD17-24,divergent,exact_or_related,77.48646643918272,77.03260757942792,-0.4538588597548028,0.4538588597548028
QA-JD17-25,exact_or_related,adjacent,74.16678530852035,74.57903453253158,0.41224922401123365,0.41224922401123365
QA-JD17-26,adjacent,divergent,84.69108118234708,84.73269081809065,0.04160963574356913,0.04160963574356913
QA-JD17-27,exact_or_related,adjacent,65.25801844616402,65.67026767017526,0.41224922401124786,0.41224922401124786
QA-JD17-28,adjacent,divergent,63.64245435851208,63.68406399425565,0.04160963574356913,0.04160963574356913
QA-JD17-29,adjacent,divergent,72.76099958514031,72.80260922088388,0.04160963574356913,0.04160963574356913
QA-JD17-30,divergent,exact_or_related,62.021521510807254,61.567662651052444,-0.4538588597548099,0.4538588597548099
QA-JD17-31,adjacent,divergent,69.2026759223292,69.24428555807279,0.04160963574358334,0.04160963574358334
QA-JD17-32,exact_or_related,adjacent,80.38360795698186,80.7958571809931,0.41224922401123365,0.41224922401123365
QA-JD17-33,exact_or_related,adjacent,81.17977099151396,81.5920202155252,0.41224922401123365,0.41224922401123365
QA-JD17-34,exact_or_related,adjacent,74.11495448720605,74.5272037112173,0.41224922401124786,0.41224922401124786
QA-JD17-35,exact_or_related,adjacent,67.20563044684101,67.61787967085225,0.41224922401123365,0.41224922401123365
QA-JD17-36,adjacent,divergent,79.79990067879108,79.84151031453464,0.04160963574356913,0.04160963574356913
QA-JD17-37,exact_or_related,adjacent,70.42705377110923,70.83930299512046,0.41224922401123365,0.41224922401123365
QA-JD17-38,exact_or_related,adjacent,66.92056092961242,67.33281015362365,0.41224922401123365,0.41224922401123365
QA-JD17-39,exact_or_related,adjacent,65.1284413928783,65.54069061688953,0.41224922401123365,0.41224922401123365
QA-JD17-40,adjacent,divergent,74.44945747924586,74.49106711498942,0.04160963574355492,0.04160963574355492
QA-JD17-41,exact_or_related,adjacent,65.25801844616402,65.67026767017526,0.41224922401124786,0.41224922401124786
QA-JD17-42,exact_or_related,adjacent,74.21861612983463,74.63086535384588,0.41224922401124786,0.41224922401124786
QA-JD17-43,adjacent,divergent,67.38464097493795,67.42625061068152,0.04160963574356913,0.04160963574356913
QA-JD17-44,adjacent,divergent,72.52776088922602,72.56937052496959,0.04160963574356913,0.04160963574356913
QA-JD17-45,adjacent,divergent,72.50184547856887,72.54345511431244,0.04160963574356913,0.04160963574356913
QA-JD17-46,exact_or_related,adjacent,70.42705377110923,70.83930299512046,0.41224922401123365,0.41224922401123365
QA-JD17-47,exact_or_related,adjacent,77.46595486476,77.87820408877124,0.41224922401124786,0.41224922401124786
QA-JD17-48,adjacent,divergent,77.98186573139981,78.02347536714338,0.04160963574356913,0.04160963574356913
QA-JD17-49,exact_or_related,adjacent,77.49187027541714,77.90411949942838,0.41224922401123365,0.41224922401123365
QA-JD17-50,divergent,exact_or_related,69.4256934326728,68.97183457291798,-0.453858859754817,0.453858859754817
QA-JD17-51,adjacent,divergent,77.69679621417121,77.73840584991478,0.04160963574356913,0.04160963574356913
QA-JD17-52,exact_or_related,adjacent,78.61740383090488,79.02965305491612,0.41224922401124786,0.41224922401124786
QA-JD17-53,exact_or_related,adjacent,77.11035381139935,77.5226030354106,0.41224922401124786,0.41224922401124786
QA-JD17-54,exact_or_related,adjacent,68.84225751963226,69.2545067436435,0.41224922401124786,0.41224922401124786
QA-JD17-55,exact_or_related,adjacent,81.23160181282825,81.6438510368395,0.41224922401124786,0.41224922401124786
QA-JD17-56,exact_or_related,adjacent,69.02366539423228,69.43591461824352,0.41224922401123365,0.41224922401123365
QA-JD17-57,exact_or_related,adjacent,80.43543877829615,80.8476880023074,0.41224922401124786,0.41224922401124786
QA-JD17-58,divergent,exact_or_related,74.594728757618,74.1408698978632,-0.4538588597548028,0.4538588597548028
QA-JD17-59,adjacent,divergent,72.60550712119745,72.64711675694102,0.04160963574356913,0.04160963574356913
QA-JD17-60,adjacent,divergent,72.70916876382603,72.7507783995696,0.04160963574356913,0.04160963574356913
QA-JD17-61,exact_or_related,adjacent,68.94591916226084,69.35816838627208,0.41224922401124786,0.41224922401124786
QA-JD17-62,exact_or_related,adjacent,68.81634210897512,69.22859133298635,0.41224922401123365,0.41224922401123365
QA-JD17-63,exact_or_related,adjacent,79.30990522280841,79.72215444681964,0.41224922401123365,0.41224922401123365
QA-JD17-64,exact_or_related,adjacent,77.18810004337078,77.60034926738203,0.41224922401124786,0.41224922401124786
QA-JD17-65,exact_or_related,adjacent,77.05852299008507,77.4707722140963,0.41224922401123365,0.41224922401123365
QA-JD17-66,exact_or_related,adjacent,68.81634210897512,69.22859133298635,0.41224922401123365,0.41224922401123365
QA-JD17-67,divergent,exact_or_related,74.54289793630372,74.0890390765489,-0.453858859754817,0.453858859754817
QA-JD17-68,adjacent,divergent,70.86521840577761,70.90682804152118,0.04160963574356913,0.04160963574356913
QA-JD17-69,exact_or_related,adjacent,70.47888459242351,70.89113381643476,0.41224922401124786,0.41224922401124786
QA-JD17-70,exact_or_related,adjacent,68.84225751963226,69.2545067436435,0.41224922401124786,0.41224922401124786
QA-JD17-71,exact_or_related,adjacent,77.26584627534223,77.67809549935346,0.41224922401123365,0.41224922401123365
QA-JD17-72,exact_or_related,adjacent,70.32339212848065,70.73564135249188,0.41224922401123365,0.41224922401123365
QA-JD17-73,exact_or_related,adjacent,68.8681729302894,69.28042215430065,0.41224922401124786,0.41224922401124786
QA-JD17-74,exact_or_related,adjacent,73.93354661260604,74.34579583661727,0.41224922401123365,0.41224922401123365
QA-JD17-75,adjacent,divergent,61.90216564309225,61.94377527883582,0.04160963574356913,0.04160963574356913
QA-JD17-76,divergent,exact_or_related,72.77669381022673,72.32283495047193,-0.4538588597548028,0.4538588597548028
QA-JD17-77,exact_or_related,adjacent,81.2575172234854,81.66976644749664,0.41224922401124786,0.41224922401124786
QA-JD17-78,adjacent,divergent,65.54069061688953,65.5823002526331,0.04160963574356913,0.04160963574356913
QA-JD17-79,adjacent,divergent,69.43591461824352,69.47752425398708,0.04160963574356913,0.04160963574356913
QA-JD17-80,exact_or_related,adjacent,77.00669216877077,77.41894139278202,0.41224922401124786,0.41224922401124786
QA-JD17-81,adjacent,divergent,69.33225297561494,69.3738626113585,0.04160963574356913,0.04160963574356913
QA-JD17-82,adjacent,divergent,65.64435225951812,65.68596189526168,0.04160963574356913,0.04160963574356913
QA-JD17-83,exact_or_related,adjacent,68.9200037516037,69.33225297561494,0.41224922401123365,0.41224922401123365
QA-JD17-84,adjacent,divergent,70.70972594183475,70.75133557757832,0.04160963574356913,0.04160963574356913
QA-JD17-85,exact_or_related,adjacent,77.1362692220565,77.54851844606773,0.41224922401123365,0.41224922401123365
QA-JD17-86,divergent,exact_or_related,72.72486298891245,72.27100412915763,-0.453858859754817,0.453858859754817
QA-JD17-87,exact_or_related,adjacent,70.37522294979493,70.78747217380618,0.41224922401124786,0.41224922401124786
QA-JD17-88,exact_or_related,adjacent,77.05852299008507,77.4707722140963,0.41224922401123365,0.41224922401123365
QA-JD17-89,exact_or_related,adjacent,67.17971503618386,67.5919642601951,0.41224922401123365,0.41224922401123365
QA-JD17-90,exact_or_related,adjacent,65.076610571564,65.48885979557525,0.41224922401124786,0.41224922401124786
QA-JD17-91,divergent,exact_or_related,79.81559490387751,79.3617360441227,-0.453858859754817,0.453858859754817
QA-JD17-92,divergent,exact_or_related,65.73779271657597,65.28393385682116,-0.4538588597548028,0.4538588597548028
QA-JD17-93,exact_or_related,adjacent,78.48782677761916,78.9000760016304,0.41224922401123365,0.41224922401123365
QA-JD17-94,exact_or_related,adjacent,80.53910042092473,80.95134964493596,0.41224922401123365,0.41224922401123365
QA-JD17-95,adjacent,divergent,74.55311912187443,74.594728757618,0.04160963574356913,0.04160963574356913
QA-JD17-96,exact_or_related,adjacent,77.36229322213141,77.77454244614266,0.41224922401124786,0.41224922401124786
QA-JD17-97,exact_or_related,adjacent,77.16218463271365,77.57443385672488,0.41224922401123365,0.41224922401123365
QA-JD17-98,divergent,exact_or_related,69.34794720070136,68.89408834094655,-0.4538588597548028,0.4538588597548028
QA-JD17-99,divergent,exact_or_related,67.63357389593867,67.17971503618386,-0.4538588597548028,0.4538588597548028
QA-JD17-100,exact_or_related,adjacent,63.46344383041515,63.875693054426385,0.41224922401123365,0.41224922401123365
ST-JD18-01,exact_or_related,adjacent,77.29176168599936,77.70401091001061,0.41224922401124786,0.41224922401124786
ST-JD18-02,exact_or_related,adjacent,80.61684665289616,81.0290958769074,0.41224922401124786,0.41224922401124786
ST-JD18-03,divergent,exact_or_related,74.46515170433229,74.01129284457747,-0.453858859754817,0.453858859754817
ST-JD18-04,exact_or_related,adjacent,68.89408834094655,69.30633756495779,0.41224922401123365,0.41224922401123365
ST-JD18-05,divergent,exact_or_related,72.77669381022673,72.32283495047193,-0.4538588597548028,0.4538588597548028
ST-JD18-06,adjacent,divergent,69.40999920758637,69.45160884332994,0.04160963574356913,0.04160963574356913
ST-JD18-07,adjacent,divergent,76.06016914137996,76.10177877712353,0.04160963574356913,0.04160963574356913
ST-JD18-08,exact_or_related,adjacent,72.11551166521477,72.52776088922602,0.41224922401124786,0.41224922401124786
ST-JD18-09,adjacent,divergent,74.55311912187443,74.594728757618,0.04160963574356913,0.04160963574356913
ST-JD18-10,divergent,exact_or_related,69.29611637938707,68.84225751963226,-0.453858859754817,0.453858859754817
ST-JD18-11,exact_or_related,adjacent,82.46079701094457,82.87304623495581,0.41224922401123365,0.41224922401123365
ST-JD18-12,exact_or_related,adjacent,65.076610571564,65.48885979557525,0.41224922401124786,0.41224922401124786
ST-JD18-13,exact_or_related,adjacent,70.32339212848065,70.73564135249188,0.41224922401123365,0.41224922401123365
ST-JD18-14,exact_or_related,adjacent,61.59357806170959,62.005827285720834,0.41224922401124076,0.41224922401124076
ST-JD18-15,adjacent,divergent,69.40999920758637,69.45160884332994,0.04160963574356913,0.04160963574356913
ST-JD18-16,adjacent,divergent,61.82441941112082,61.866029046864384,0.04160963574356202,0.04160963574356202
ST-JD18-17,adjacent,divergent,74.50128830056015,74.54289793630372,0.04160963574356913,0.04160963574356913
ST-JD18-18,exact_or_related,adjacent,78.72106547353346,79.1333146975447,0.41224922401124786,0.41224922401124786
ST-JD18-19,adjacent,divergent,70.81338758446333,70.8549972202069,0.04160963574356913,0.04160963574356913
ST-JD18-20,exact_or_related,adjacent,82.43488160028743,82.84713082429867,0.41224922401124786,0.41224922401124786
ST-JD18-21,exact_or_related,adjacent,78.5137421882763,78.92599141228754,0.41224922401124786,0.41224922401124786
ST-JD18-22,exact_or_related,adjacent,74.19270071917748,74.60494994318873,0.41224922401124786,0.41224922401124786
ST-JD18-23,exact_or_related,adjacent,77.1362692220565,77.54851844606773,0.41224922401123365,0.41224922401123365
ST-JD18-24,exact_or_related,adjacent,68.9200037516037,69.33225297561494,0.41224922401123365,0.41224922401123365
ST-JD18-25,adjacent,divergent,67.38464097493795,67.42625061068152,0.04160963574356913,0.04160963574356913
ST-JD18-26,exact_or_related,adjacent,74.01129284457747,74.42354206858872,0.41224922401124786,0.41224922401124786
ST-JD18-27,exact_or_related,adjacent,69.04958080488942,69.46183002890066,0.41224922401124786,0.41224922401124786
ST-JD18-28,exact_or_related,adjacent,67.12788421486958,67.54013343888082,0.41224922401123365,0.41224922401123365
ST-JD18-29,adjacent,divergent,65.48885979557525,65.53046943131882,0.04160963574356913,0.04160963574356913
ST-JD18-30,exact_or_related,adjacent,84.2529165476787,84.66516577168994,0.41224922401124786,0.41224922401124786
ST-JD18-31,exact_or_related,adjacent,75.67383532802587,76.08608455203711,0.41224922401123365,0.41224922401123365
ST-JD18-32,exact_or_related,adjacent,77.54370109673143,77.95595032074267,0.41224922401124786,0.41224922401124786
ST-JD18-33,exact_or_related,adjacent,68.76451128766082,69.17676051167207,0.41224922401124786,0.41224922401124786
ST-JD18-34,exact_or_related,adjacent,69.02366539423228,69.43591461824352,0.41224922401123365,0.41224922401123365
ST-JD18-35,divergent,exact_or_related,77.9716445458291,77.51778568607428,-0.453858859754817,0.453858859754817
ST-JD18-36,exact_or_related,adjacent,78.7469808841906,79.15923010820185,0.41224922401124786,0.41224922401124786
ST-JD18-37,exact_or_related,adjacent,66.94647634026956,67.3587255642808,0.41224922401124786,0.41224922401124786
ST-JD18-38,exact_or_related,adjacent,67.05013798289814,67.46238720690938,0.41224922401124786,0.41224922401124786
ST-JD18-39,exact_or_related,adjacent,65.20618762484973,65.61843684886097,0.41224922401123365,0.41224922401123365
ST-JD18-40,exact_or_related,adjacent,72.11551166521477,72.52776088922602,0.41224922401124786,0.41224922401124786
ST-JD18-41,exact_or_related,adjacent,70.37522294979493,70.78747217380618,0.41224922401124786,0.41224922401124786
ST-JD18-42,exact_or_related,adjacent,72.16734248652907,72.5795917105403,0.41224922401123365,0.41224922401123365
ST-JD18-43,exact_or_related,adjacent,63.48935924107229,63.901608465083534,0.41224922401124076,0.41224922401124076
ST-JD18-44,exact_or_related,adjacent,72.34875036112908,72.76099958514031,0.41224922401123365,0.41224922401123365
ST-JD18-45,adjacent,divergent,69.30633756495779,69.34794720070136,0.04160963574356913,0.04160963574356913
ST-JD18-46,exact_or_related,adjacent,68.8681729302894,69.28042215430065,0.41224922401124786,0.41224922401124786
ST-JD18-47,adjacent,divergent,80.92543423427882,80.9670438700224,0.04160963574356913,0.04160963574356913
ST-JD18-48,exact_or_related,adjacent,67.17971503618386,67.5919642601951,0.41224922401123365,0.41224922401123365
ST-JD18-49,adjacent,divergent,79.79990067879108,79.84151031453464,0.04160963574356913,0.04160963574356913
ST-JD18-50,exact_or_related,adjacent,79.23215899083698,79.64440821484821,0.41224922401123365,0.41224922401123365
ST-JD18-51,exact_or_related,adjacent,79.20624358017983,79.61849280419106,0.41224922401123365,0.41224922401123365
ST-JD18-52,adjacent,divergent,79.72215444681964,79.76376408256321,0.04160963574356913,0.04160963574356913
ST-JD18-53,exact_or_related,adjacent,69.04958080488942,69.46183002890066,0.41224922401124786,0.41224922401124786
ST-JD18-54,exact_or_related,adjacent,70.37522294979493,70.78747217380618,0.41224922401124786,0.41224922401124786
ST-JD18-55,exact_or_related,adjacent,65.05069516090686,65.4629443849181,0.41224922401124786,0.41224922401124786
ST-JD18-56,exact_or_related,adjacent,70.45296918176638,70.86521840577761,0.41224922401123365,0.41224922401123365
ST-JD18-57,exact_or_related,adjacent,68.76451128766082,69.17676051167207,0.41224922401124786,0.41224922401124786
ST-JD18-58,adjacent,divergent,72.68325335316888,72.72486298891245,0.04160963574356913,0.04160963574356913
ST-JD18-59,adjacent,divergent,70.63197970986332,70.67358934560687,0.04160963574355492,0.04160963574355492
ST-JD18-60,adjacent,divergent,82.84713082429867,82.88874046004224,0.04160963574356913,0.04160963574356913
ST-JD18-61,exact_or_related,adjacent,70.3493075391378,70.76155676314903,0.41224922401123365,0.41224922401123365
ST-JD18-62,exact_or_related,adjacent,65.25801844616402,65.67026767017526,0.41224922401124786,0.41224922401124786
ST-JD18-63,adjacent,divergent,69.28042215430065,69.32203179004422,0.04160963574356913,0.04160963574356913
ST-JD18-64,adjacent,divergent,69.35816838627208,69.39977802201565,0.04160963574356913,0.04160963574356913
ST-JD18-65,divergent,exact_or_related,79.8674257251918,79.41356686543699,-0.4538588597548028,0.4538588597548028
ST-JD18-66,adjacent,divergent,70.73564135249188,70.77725098823545,0.04160963574356913,0.04160963574356913
ST-JD18-67,exact_or_related,adjacent,72.08959625455762,72.50184547856887,0.41224922401124786,0.41224922401124786
ST-JD18-68,exact_or_related,adjacent,69.02366539423228,69.43591461824352,0.41224922401123365,0.41224922401123365
ST-JD18-69,exact_or_related,adjacent,77.03260757942792,77.44485680343915,0.41224922401123365,0.41224922401123365
ST-JD18-70,exact_or_related,adjacent,77.03260757942792,77.44485680343915,0.41224922401123365,0.41224922401123365
ST-JD18-71,exact_or_related,adjacent,72.32283495047193,72.73508417448318,0.41224922401124786,0.41224922401124786
ST-JD18-72,exact_or_related,adjacent,70.21973048585207,70.63197970986332,0.41224922401124786,0.41224922401124786
ST-JD18-73,exact_or_related,adjacent,69.04958080488942,69.46183002890066,0.41224922401124786,0.41224922401124786
ST-JD18-74,exact_or_related,adjacent,65.23210303550687,65.64435225951812,0.41224922401124786,0.41224922401124786
ST-JD18-75,exact_or_related,adjacent,68.81634210897512,69.22859133298635,0.41224922401123365,0.41224922401123365
ST-JD18-76,adjacent,divergent,65.48885979557525,65.53046943131882,0.04160963574356913,0.04160963574356913
ST-JD18-77,adjacent,divergent,67.56604884953796,67.60765848528153,0.04160963574356913,0.04160963574356913
ST-JD18-78,exact_or_related,adjacent,70.21973048585207,70.63197970986332,0.41224922401124786,0.41224922401124786
ST-JD18-79,adjacent,divergent,82.71755377101294,82.75916340675651,0.04160963574356913,0.04160963574356913
ST-JD18-80,exact_or_related,adjacent,72.21917330784335,72.6314225318546,0.41224922401124786,0.41224922401124786
ST-JD18-81,exact_or_related,adjacent,79.30990522280841,79.72215444681964,0.41224922401123365,0.41224922401123365
ST-JD18-82,exact_or_related,adjacent,75.49242745342586,75.9046766774371,0.41224922401123365,0.41224922401123365
ST-JD18-83,exact_or_related,adjacent,68.8681729302894,69.28042215430065,0.41224922401124786,0.41224922401124786
ST-JD18-84,adjacent,divergent,69.40999920758637,69.45160884332994,0.04160963574356913,0.04160963574356913
ST-JD18-85,exact_or_related,adjacent,84.17517031570726,84.5874195397185,0.41224922401123365,0.41224922401123365
ST-JD18-86,divergent,exact_or_related,75.94628631318066,75.49242745342586,-0.4538588597548028,0.4538588597548028
ST-JD18-87,exact_or_related,adjacent,72.11551166521477,72.52776088922602,0.41224922401124786,0.41224922401124786
ST-JD18-88,exact_or_related,adjacent,72.34875036112908,72.76099958514031,0.41224922401123365,0.41224922401123365
ST-JD18-89,adjacent,divergent,62.005827285720834,62.0474369214644,0.04160963574356913,0.04160963574356913
ST-JD18-90,divergent,exact_or_related,67.37441978936722,66.92056092961242,-0.4538588597548028,0.4538588597548028
ST-JD18-91,exact_or_related,adjacent,65.1284413928783,65.54069061688953,0.41224922401123365,0.41224922401123365
ST-JD18-92,exact_or_related,adjacent,72.2450887185005,72.65733794251173,0.41224922401123365,0.41224922401123365
ST-JD18-93,exact_or_related,adjacent,77.03260757942792,77.44485680343915,0.41224922401123365,0.41224922401123365
ST-JD18-94,divergent,exact_or_related,70.64767393494974,70.19381507519492,-0.453858859754817,0.453858859754817
ST-JD18-95,exact_or_related,adjacent,78.7469808841906,79.15923010820185,0.41224922401124786,0.41224922401124786
ST-JD18-96,divergent,exact_or_related,70.93274345217833,70.47888459242351,-0.453858859754817,0.453858859754817
ST-JD18-97,adjacent,divergent,69.48774543955781,69.52935507530137,0.04160963574355492,0.04160963574355492
ST-JD18-98,exact_or_related,adjacent,77.23993086468508,77.65218008869631,0.41224922401123365,0.41224922401123365
ST-JD18-99,exact_or_related,adjacent,80.6427620635533,81.05501128756455,0.41224922401124786,0.41224922401124786
ST-JD18-100,exact_or_related,adjacent,77.23993086468508,77.65218008869631,0.41224922401123365,0.41224922401123365
AE-JD19-01,exact_or_related,adjacent,72.34875036112908,72.76099958514031,0.41224922401123365,0.41224922401123365
AE-JD19-02,divergent,exact_or_related,69.47752425398708,69.02366539423228,-0.4538588597548028,0.4538588597548028
AE-JD19-03,exact_or_related,adjacent,68.94591916226084,69.35816838627208,0.41224922401124786,0.41224922401124786
AE-JD19-04,exact_or_related,adjacent,72.32283495047193,72.73508417448318,0.41224922401124786,0.41224922401124786
AE-JD19-05,exact_or_related,adjacent,68.8681729302894,69.28042215430065,0.41224922401124786,0.41224922401124786
AE-JD19-06,exact_or_related,adjacent,82.51262783225886,82.9248770562701,0.41224922401124786,0.41224922401124786
AE-JD19-07,adjacent,divergent,69.40999920758637,69.45160884332994,0.04160963574356913,0.04160963574356913
AE-JD19-08,exact_or_related,adjacent,77.08443840074221,77.49668762475345,0.41224922401123365,0.41224922401123365
AE-JD19-09,divergent,exact_or_related,72.80260922088388,72.34875036112908,-0.4538588597548028,0.4538588597548028
AE-JD19-10,exact_or_related,adjacent,68.84225751963226,69.2545067436435,0.41224922401124786,0.41224922401124786
AE-JD19-11,exact_or_related,adjacent,79.23215899083698,79.64440821484821,0.41224922401123365,0.41224922401123365
AE-JD19-12,exact_or_related,adjacent,65.33576467813545,65.7480139021467,0.41224922401124786,0.41224922401124786
AE-JD19-13,exact_or_related,adjacent,68.9200037516037,69.33225297561494,0.41224922401123365,0.41224922401123365
AE-JD19-14,adjacent,divergent,77.41894139278202,77.46055102852559,0.04160963574356913,0.04160963574356913
AE-JD19-15,exact_or_related,adjacent,84.09742408373583,84.50967330774706,0.41224922401123365,0.41224922401123365
AE-JD19-16,exact_or_related,adjacent,74.21861612983463,74.63086535384588,0.41224922401124786,0.41224922401124786
AE-JD19-17,exact_or_related,adjacent,65.1284413928783,65.54069061688953,0.41224922401123365,0.41224922401123365
AE-JD19-18,exact_or_related,adjacent,77.03260757942792,77.44485680343915,0.41224922401123365,0.41224922401123365
AE-JD19-19,divergent,exact_or_related,77.86798290320051,77.4141240434457,-0.453858859754817,0.453858859754817
AE-JD19-20,adjacent,divergent,67.3587255642808,67.40033520002437,0.04160963574356913,0.04160963574356913
AE-JD19-21,divergent,exact_or_related,77.71970513509703,77.26584627534223,-0.4538588597548028,0.4538588597548028
AE-JD19-22,divergent,exact_or_related,80.86338222739381,80.409523367639,-0.453858859754817,0.453858859754817
AE-JD19-23,divergent,exact_or_related,77.6419589031256,77.18810004337078,-0.453858859754817,0.453858859754817
AE-JD19-24,divergent,exact_or_related,67.4780814319958,67.024222572241,-0.4538588597548028,0.4538588597548028
AE-JD19-25,adjacent,divergent,72.76099958514031,72.80260922088388,0.04160963574356913,0.04160963574356913
AE-JD19-26,exact_or_related,adjacent,68.8681729302894,69.28042215430065,0.41224922401124786,0.41224922401124786
AE-JD19-27,exact_or_related,adjacent,66.99830716158385,67.41055638559509,0.41224922401123365,0.41224922401123365
AE-JD19-28,exact_or_related,adjacent,70.32339212848065,70.73564135249188,0.41224922401123365,0.41224922401123365
AE-JD19-29,adjacent,divergent,72.73508417448318,72.77669381022673,0.04160963574355492,0.04160963574355492
AE-JD19-30,exact_or_related,adjacent,72.1932578971862,72.60550712119745,0.41224922401124786,0.41224922401124786
AE-JD19-31,exact_or_related,adjacent,67.05013798289814,67.46238720690938,0.41224922401124786,0.41224922401124786
AE-JD19-32,adjacent,divergent,67.61787967085225,67.65948930659582,0.04160963574356913,0.04160963574356913
AE-JD19-33,exact_or_related,adjacent,68.97183457291798,69.38408379692923,0.41224922401124786,0.41224922401124786
AE-JD19-34,exact_or_related,adjacent,65.18027221419258,65.59252143820382,0.41224922401123365,0.41224922401123365
AE-JD19-35,exact_or_related,adjacent,65.10252598222115,65.51477520623239,0.41224922401123365,0.41224922401123365
AE-JD19-36,adjacent,divergent,72.60550712119745,72.64711675694102,0.04160963574356913,0.04160963574356913
AE-JD19-37,adjacent,divergent,67.5919642601951,67.63357389593867,0.04160963574356913,0.04160963574356913
AE-JD19-38,exact_or_related,adjacent,77.05852299008507,77.4707722140963,0.41224922401123365,0.41224922401123365
AE-JD19-39,exact_or_related,adjacent,68.99774998357513,69.40999920758637,0.41224922401123365,0.41224922401123365
AE-JD19-40,exact_or_related,adjacent,72.2450887185005,72.65733794251173,0.41224922401123365,0.41224922401123365
AE-JD19-41,exact_or_related,adjacent,80.6427620635533,81.05501128756455,0.41224922401124786,0.41224922401124786
AE-JD19-42,adjacent,divergent,75.85284585612281,75.89445549186638,0.04160963574356913,0.04160963574356913
AE-JD19-43,exact_or_related,adjacent,69.04958080488942,69.46183002890066,0.41224922401124786,0.41224922401124786
AE-JD19-44,divergent,exact_or_related,70.88091263086403,70.42705377110923,-0.4538588597548028,0.4538588597548028
AE-JD19-45,exact_or_related,adjacent,77.18810004337078,77.60034926738203,0.41224922401124786,0.41224922401124786
AE-JD19-46,exact_or_related,adjacent,75.67383532802587,76.08608455203711,0.41224922401123365,0.41224922401123365
AE-JD19-47,exact_or_related,adjacent,74.06312366589177,74.475372889903,0.41224922401123365,0.41224922401123365
AE-JD19-48,adjacent,divergent,69.2026759223292,69.24428555807279,0.04160963574358334,0.04160963574358334
AE-JD19-49,exact_or_related,adjacent,70.3493075391378,70.76155676314903,0.41224922401123365,0.41224922401123365
AE-JD19-50,adjacent,divergent,82.71755377101294,82.75916340675651,0.04160963574356913,0.04160963574356913
AE-JD19-51,exact_or_related,adjacent,67.12788421486958,67.54013343888082,0.41224922401123365,0.41224922401123365
AE-JD19-52,adjacent,divergent,74.55311912187443,74.594728757618,0.04160963574356913,0.04160963574356913
AE-JD19-53,adjacent,divergent,69.30633756495779,69.34794720070136,0.04160963574356913,0.04160963574356913
AE-JD19-54,exact_or_related,adjacent,82.46079701094457,82.87304623495581,0.41224922401123365,0.41224922401123365
AE-JD19-55,divergent,exact_or_related,81.7632069045545,81.30934804479969,-0.4538588597548028,0.4538588597548028
AE-JD19-56,exact_or_related,adjacent,72.06368084390049,72.47593006791172,0.41224922401123365,0.41224922401123365
AE-JD19-57,exact_or_related,adjacent,72.2450887185005,72.65733794251173,0.41224922401123365,0.41224922401123365
AE-JD19-58,exact_or_related,adjacent,66.9723917509267,67.38464097493795,0.41224922401124786,0.41224922401124786
AE-JD19-59,adjacent,divergent,70.63197970986332,70.67358934560687,0.04160963574355492,0.04160963574355492
AE-JD19-60,adjacent,divergent,65.67026767017526,65.71187730591883,0.04160963574356913,0.04160963574356913
AE-JD19-61,exact_or_related,adjacent,68.94591916226084,69.35816838627208,0.41224922401124786,0.41224922401124786
AE-JD19-62,exact_or_related,adjacent,72.2450887185005,72.65733794251173,0.41224922401123365,0.41224922401123365
AE-JD19-63,adjacent,divergent,75.95650749875139,75.99811713449495,0.04160963574355492,0.04160963574355492
AE-JD19-64,adjacent,divergent,74.55311912187443,74.594728757618,0.04160963574356913,0.04160963574356913
AE-JD19-65,adjacent,divergent,77.67809549935346,77.71970513509703,0.04160963574356913,0.04160963574356913
AE-JD19-66,divergent,exact_or_related,69.3738626113585,68.9200037516037,-0.4538588597548028,0.4538588597548028
AE-JD19-67,exact_or_related,adjacent,70.27156130716637,70.6838105311776,0.41224922401123365,0.41224922401123365
AE-JD19-68,exact_or_related,adjacent,69.07549621554656,69.48774543955781,0.41224922401124786,0.41224922401124786
AE-JD19-69,divergent,exact_or_related,67.42625061068152,66.9723917509267,-0.453858859754817,0.453858859754817
AE-JD19-70,divergent,exact_or_related,81.68546067258306,81.23160181282825,-0.453858859754817,0.453858859754817
AE-JD19-71,divergent,exact_or_related,77.5901280818113,77.1362692220565,-0.4538588597548028,0.4538588597548028
AE-JD19-72,exact_or_related,adjacent,68.99774998357513,69.40999920758637,0.41224922401123365,0.41224922401123365
AE-JD19-73,exact_or_related,adjacent,82.51262783225886,82.9248770562701,0.41224922401124786,0.41224922401124786
AE-JD19-74,exact_or_related,adjacent,77.26584627534223,77.67809549935346,0.41224922401123365,0.41224922401123365
AE-JD19-75,adjacent,divergent,77.5226030354106,77.56421267115417,0.04160963574356913,0.04160963574356913
AE-JD19-76,exact_or_related,adjacent,84.35657819030727,84.76882741431851,0.41224922401123365,0.41224922401123365
AE-JD19-77,adjacent,divergent,74.55311912187443,74.594728757618,0.04160963574356913,0.04160963574356913
AE-JD19-78,exact_or_related,adjacent,69.02366539423228,69.43591461824352,0.41224922401123365,0.41224922401123365
AE-JD19-79,exact_or_related,adjacent,65.05069516090686,65.4629443849181,0.41224922401124786,0.41224922401124786
AE-JD19-80,exact_or_related,adjacent,67.024222572241,67.43647179625223,0.41224922401123365,0.41224922401123365
AE-JD19-81,adjacent,divergent,69.40999920758637,69.45160884332994,0.04160963574356913,0.04160963574356913
AE-JD19-82,adjacent,divergent,69.38408379692923,69.4256934326728,0.04160963574356913,0.04160963574356913
AE-JD19-83,exact_or_related,adjacent,66.92056092961242,67.33281015362365,0.41224922401123365,0.41224922401123365
AE-JD19-84,adjacent,divergent,69.30633756495779,69.34794720070136,0.04160963574356913,0.04160963574356913
AE-JD19-85,exact_or_related,adjacent,77.16218463271365,77.57443385672488,0.41224922401123365,0.41224922401123365
AE-JD19-86,exact_or_related,adjacent,68.79042669831797,69.2026759223292,0.41224922401123365,0.41224922401123365
AE-JD19-87,exact_or_related,adjacent,70.47888459242351,70.89113381643476,0.41224922401124786,0.41224922401124786
AE-JD19-88,divergent,exact_or_related,67.55582766396724,67.10196880421243,-0.4538588597548028,0.4538588597548028
AE-JD19-89,exact_or_related,adjacent,77.21401545402793,77.62626467803918,0.41224922401124786,0.41224922401124786
AE-JD19-90,adjacent,divergent,72.50184547856887,72.54345511431244,0.04160963574356913,0.04160963574356913
AE-JD19-91,exact_or_related,adjacent,77.21401545402793,77.62626467803918,0.41224922401124786,0.41224922401124786
AE-JD19-92,exact_or_related,adjacent,82.30530454700171,82.71755377101294,0.41224922401123365,0.41224922401123365
AE-JD19-93,exact_or_related,adjacent,78.5137421882763,78.92599141228754,0.41224922401124786,0.41224922401124786
AE-JD19-94,adjacent,divergent,75.9046766774371,75.94628631318066,0.04160963574356913,0.04160963574356913
AE-JD19-95,divergent,exact_or_related,81.04479010199383,80.59093124223901,-0.453858859754817,0.453858859754817
AE-JD19-96,exact_or_related,adjacent,74.06312366589177,74.475372889903,0.41224922401123365,0.41224922401123365
AE-JD19-97,exact_or_related,adjacent,72.32283495047193,72.73508417448318,0.41224922401124786,0.41224922401124786
AE-JD19-98,divergent,exact_or_related,74.41332088301799,73.95946202326319,-0.4538588597548028,0.4538588597548028
AE-JD19-99,exact_or_related,adjacent,72.11551166521477,72.52776088922602,0.41224922401124786,0.41224922401124786
AE-JD19-100,exact_or_related,adjacent,82.51262783225886,82.9248770562701,0.41224922401124786,0.41224922401124786
