Candidate_ID,orig_rel,cf_rel,pred_orig,pred_cf,diff,abs_diff
SE-JD1-01,divergent,exact_or_related,76.56480000000028,76.3948000000002,-0.17000000000007276,0.17000000000007276
SE-JD1-02,divergent,exact_or_related,75.26799999999977,75.44239999999989,0.17440000000011935,0.17440000000011935
SE-JD1-03,exact_or_related,adjacent,80.75399999999999,80.59360000000005,-0.1603999999999388,0.1603999999999388
SE-JD1-04,exact_or_related,adjacent,68.28919999999998,68.29039999999999,0.0012000000000114142,0.0012000000000114142
SE-JD1-05,adjacent,divergent,57.41240000000014,57.415600000000104,0.0031999999999641204,0.0031999999999641204
SE-JD1-06,adjacent,divergent,62.742400000000146,62.750400000000106,0.007999999999960039,0.007999999999960039
SE-JD1-07,divergent,exact_or_related,67.93160000000009,68.2992,0.36759999999991066,0.36759999999991066
SE-JD1-08,exact_or_related,adjacent,60.02680000000018,60.007600000000174,-0.01920000000000499,0.01920000000000499
SE-JD1-09,exact_or_related,adjacent,68.48519999999999,68.26080000000006,-0.22439999999993177,0.22439999999993177
SE-JD1-10,exact_or_related,adjacent,71.3048000000002,71.36840000000021,0.0636000000000081,0.0636000000000081
SE-JD1-11,adjacent,divergent,77.87320000000004,77.85440000000008,-0.018799999999956185,0.018799999999956185
SE-JD1-12,exact_or_related,adjacent,69.55600000000007,69.57040000000003,0.01439999999996644,0.01439999999996644
SE-JD1-13,exact_or_related,adjacent,75.12160000000002,74.96840000000007,-0.15319999999994138,0.15319999999994138
SE-JD1-14,exact_or_related,adjacent,81.79119999999972,81.7271999999998,-0.0639999999999219,0.0639999999999219
SE-JD1-15,exact_or_related,adjacent,80.60920000000027,80.62120000000026,0.011999999999986244,0.011999999999986244
SE-JD1-16,exact_or_related,adjacent,83.14200000000005,83.55840000000015,0.41640000000009536,0.41640000000009536
SE-JD1-17,exact_or_related,adjacent,75.09440000000004,75.12359999999993,0.029199999999889314,0.029199999999889314
SE-JD1-18,exact_or_related,adjacent,70.1328000000001,70.15320000000011,0.0204000000000093,0.0204000000000093
SE-JD1-19,exact_or_related,adjacent,64.46320000000021,64.74240000000013,0.27919999999991774,0.27919999999991774
SE-JD1-20,divergent,exact_or_related,66.03919999999998,66.07239999999992,0.033199999999936836,0.033199999999936836
SE-JD1-21,exact_or_related,adjacent,75.35880000000029,75.4608000000002,0.1019999999999186,0.1019999999999186
SE-JD1-22,adjacent,divergent,82.35480000000021,82.31880000000011,-0.03600000000010084,0.03600000000010084
SE-JD1-23,exact_or_related,adjacent,68.52719999999992,68.10319999999999,-0.42399999999993554,0.42399999999993554
SE-JD1-24,exact_or_related,adjacent,83.8415999999999,83.7495999999999,-0.09199999999999875,0.09199999999999875
SE-JD1-25,exact_or_related,adjacent,60.21399999999982,60.16039999999989,-0.053599999999931924,0.053599999999931924
SE-JD1-26,adjacent,divergent,75.79839999999979,75.81039999999985,0.012000000000057298,0.012000000000057298
SE-JD1-27,adjacent,divergent,79.67760000000028,79.81720000000018,0.13959999999990202,0.13959999999990202
SE-JD1-28,exact_or_related,adjacent,72.61319999999981,72.62079999999983,0.00760000000002492,0.00760000000002492
SE-JD1-29,exact_or_related,adjacent,66.45279999999984,66.4355999999999,-0.017199999999945703,0.017199999999945703
SE-JD1-30,divergent,exact_or_related,61.733999999999995,61.673600000000015,-0.060399999999980025,0.060399999999980025
SE-JD1-31,exact_or_related,adjacent,67.16119999999991,66.87959999999994,-0.281599999999969,0.281599999999969
SE-JD1-32,exact_or_related,adjacent,61.47999999999978,61.5679999999998,0.08800000000002228,0.08800000000002228
SE-JD1-33,divergent,exact_or_related,65.62079999999999,65.82080000000002,0.20000000000003126,0.20000000000003126
SE-JD1-34,adjacent,divergent,69.30280000000019,69.42280000000015,0.11999999999996191,0.11999999999996191
SE-JD1-35,exact_or_related,adjacent,81.84839999999993,82.17879999999995,0.3304000000000258,0.3304000000000258
SE-JD1-36,adjacent,divergent,69.95799999999994,69.92719999999996,-0.03079999999998506,0.03079999999998506
SE-JD1-37,exact_or_related,adjacent,73.15280000000001,73.21439999999998,0.06159999999997012,0.06159999999997012
SE-JD1-38,exact_or_related,adjacent,71.63000000000004,71.7000000000001,0.07000000000006423,0.07000000000006423
SE-JD1-39,exact_or_related,adjacent,72.00760000000018,72.02000000000015,0.0123999999999711,0.0123999999999711
SE-JD1-40,divergent,exact_or_related,67.35039999999975,67.26999999999977,-0.08039999999998315,0.08039999999998315
SE-JD1-41,adjacent,divergent,61.211600000000224,61.17720000000015,-0.03440000000007615,0.03440000000007615
SE-JD1-42,exact_or_related,adjacent,73.51000000000002,73.52320000000002,0.013199999999997658,0.013199999999997658
SE-JD1-43,divergent,exact_or_related,60.97199999999991,61.15960000000003,0.1876000000001241,0.1876000000001241
SE-JD1-44,exact_or_related,adjacent,74.97479999999999,75.04519999999992,0.0703999999999354,0.0703999999999354
SE-JD1-45,exact_or_related,adjacent,57.11279999999996,56.95519999999996,-0.15759999999999508,0.15759999999999508
SE-JD1-46,exact_or_related,adjacent,79.40280000000007,79.31280000000011,-0.08999999999996078,0.08999999999996078
SE-JD1-47,exact_or_related,adjacent,57.76920000000001,57.59760000000002,-0.17159999999999087,0.17159999999999087
SE-JD1-48,exact_or_related,adjacent,74.47800000000001,74.50400000000005,0.02600000000003888,0.02600000000003888
SE-JD1-49,divergent,exact_or_related,65.6379999999998,65.52439999999982,-0.11359999999999104,0.11359999999999104
SE-JD1-50,exact_or_related,adjacent,70.79199999999997,70.76160000000002,-0.030399999999957572,0.030399999999957572
SE-JD1-51,adjacent,divergent,76.36760000000001,76.47600000000001,0.10840000000000316,0.10840000000000316
SE-JD1-52,divergent,exact_or_related,85.95960000000001,86.1092,0.1495999999999924,0.1495999999999924
SE-JD1-53,exact_or_related,adjacent,56.91559999999997,56.88879999999998,-0.02679999999998728,0.02679999999998728
SE-JD1-54,adjacent,divergent,66.05799999999977,66.06919999999982,0.011200000000059163,0.011200000000059163
SE-JD1-55,exact_or_related,adjacent,68.79400000000025,68.75840000000024,-0.03560000000001651,0.03560000000001651
SE-JD1-56,adjacent,divergent,76.99200000000025,76.8944000000001,-0.09760000000014202,0.09760000000014202
SE-JD1-57,divergent,exact_or_related,86.32079999999992,86.47479999999995,0.15400000000002478,0.15400000000002478
SE-JD1-58,exact_or_related,adjacent,67.99119999999989,67.9927999999999,0.001600000000010482,0.001600000000010482
SE-JD1-59,adjacent,divergent,86.96000000000016,86.98640000000006,0.02639999999989584,0.02639999999989584
SE-JD1-60,adjacent,divergent,75.79039999999982,75.81719999999976,0.02679999999993754,0.02679999999993754
SE-JD1-61,exact_or_related,adjacent,71.3368,71.39680000000003,0.060000000000030695,0.060000000000030695
SE-JD1-62,divergent,exact_or_related,64.40359999999981,64.39999999999986,-0.0035999999999489773,0.0035999999999489773
SE-JD1-63,exact_or_related,adjacent,61.594400000000235,61.54480000000017,-0.04960000000006204,0.04960000000006204
SE-JD1-64,exact_or_related,adjacent,68.7087999999999,68.7183999999999,0.009600000000006048,0.009600000000006048
SE-JD1-65,exact_or_related,adjacent,68.97960000000018,68.94240000000015,-0.03720000000002699,0.03720000000002699
SE-JD1-66,exact_or_related,adjacent,66.08880000000002,66.12439999999997,0.03559999999994545,0.03559999999994545
SE-JD1-67,adjacent,divergent,86.17960000000011,86.04800000000004,-0.13160000000006278,0.13160000000006278
SE-JD1-68,adjacent,divergent,72.1228,72.05360000000002,-0.06919999999998083,0.06919999999998083
SE-JD1-69,exact_or_related,adjacent,76.15240000000001,76.13680000000002,-0.015599999999992065,0.015599999999992065
SE-JD1-70,divergent,exact_or_related,84.93200000000002,85.00080000000001,0.06879999999999598,0.06879999999999598
SE-JD1-71,adjacent,divergent,72.83640000000004,72.84000000000009,0.0036000000000484533,0.0036000000000484533
SE-JD1-72,exact_or_related,adjacent,74.86599999999993,74.8703999999999,0.004399999999975535,0.004399999999975535
SE-JD1-73,exact_or_related,adjacent,78.07599999999995,77.99079999999995,-0.08520000000000039,0.08520000000000039
SE-JD1-74,adjacent,divergent,77.05359999999988,77.15319999999986,0.09959999999998104,0.09959999999998104
SE-JD1-75,exact_or_related,adjacent,60.53759999999987,60.53559999999997,-0.0019999999999029683,0.0019999999999029683
SE-JD1-76,divergent,exact_or_related,66.41439999999977,66.8787999999998,0.4644000000000261,0.4644000000000261
SE-JD1-77,exact_or_related,adjacent,78.13360000000014,78.14240000000012,0.008799999999979491,0.008799999999979491
SE-JD1-78,divergent,exact_or_related,79.3156,79.32040000000003,0.004800000000031446,0.004800000000031446
SE-JD1-79,exact_or_related,adjacent,58.266799999999975,58.03239999999998,-0.23439999999999372,0.23439999999999372
SE-JD1-80,exact_or_related,adjacent,81.62200000000026,81.81080000000023,0.1887999999999721,0.1887999999999721
SE-JD1-81,exact_or_related,adjacent,88.87799999999994,88.78439999999992,-0.09360000000002344,0.09360000000002344
SE-JD1-82,exact_or_related,adjacent,67.79880000000003,67.80320000000003,0.004400000000003956,0.004400000000003956
SE-JD1-83,exact_or_related,adjacent,75.70080000000003,75.75400000000005,0.05320000000001812,0.05320000000001812
SE-JD1-84,adjacent,divergent,83.63479999999994,83.64719999999993,0.012399999999985312,0.012399999999985312
SE-JD1-85,exact_or_related,adjacent,56.75239999999982,56.71439999999981,-0.03800000000000381,0.03800000000000381
SE-JD1-86,exact_or_related,adjacent,76.51360000000025,76.53560000000026,0.02200000000000557,0.02200000000000557
SE-JD1-87,exact_or_related,adjacent,74.80280000000002,74.7348,-0.06800000000001205,0.06800000000001205
SE-JD1-88,exact_or_related,adjacent,77.91119999999972,77.82439999999971,-0.08680000000001087,0.08680000000001087
SE-JD1-89,adjacent,divergent,76.34040000000009,76.28720000000013,-0.05319999999996128,0.05319999999996128
SE-JD1-90,exact_or_related,adjacent,71.88799999999978,71.90079999999982,0.012800000000041223,0.012800000000041223
SE-JD1-91,exact_or_related,adjacent,69.56720000000023,69.31400000000018,-0.2532000000000494,0.2532000000000494
SE-JD1-92,adjacent,divergent,61.61799999999999,61.7124,0.09440000000001447,0.09440000000001447
SE-JD1-93,adjacent,divergent,70.23360000000022,70.3040000000002,0.07039999999997804,0.07039999999997804
SE-JD1-94,adjacent,divergent,88.55839999999975,88.4727999999998,-0.08559999999995682,0.08559999999995682
SE-JD1-95,divergent,exact_or_related,65.0987999999998,65.31799999999986,0.21920000000005757,0.21920000000005757
SE-JD1-96,exact_or_related,adjacent,63.75680000000014,63.71720000000012,-0.039600000000021396,0.039600000000021396
SE-JD1-97,exact_or_related,adjacent,72.04039999999995,71.99639999999995,-0.04399999999999693,0.04399999999999693
SE-JD1-98,exact_or_related,adjacent,74.3804,74.39120000000003,0.010800000000031673,0.010800000000031673
SE-JD1-99,exact_or_related,adjacent,65.9636,65.92520000000002,-0.03839999999998156,0.03839999999998156
SE-JD1-100,exact_or_related,adjacent,71.38759999999998,71.45680000000002,0.06920000000003768,0.06920000000003768
WD-JD2-01,divergent,exact_or_related,63.23320000000016,63.34200000000008,0.10879999999991696,0.10879999999991696
WD-JD2-02,divergent,exact_or_related,60.919200000000146,60.920000000000044,0.0007999999998986596,0.0007999999998986596
WD-JD2-03,divergent,exact_or_related,85.06760000000003,84.96400000000001,-0.10360000000001435,0.10360000000001435
WD-JD2-04,exact_or_related,adjacent,73.10959999999999,73.0672,-0.04239999999998645,0.04239999999998645
WD-JD2-05,adjacent,divergent,65.96279999999982,65.99079999999985,0.02800000000003422,0.02800000000003422
WD-JD2-06,divergent,exact_or_related,70.91599999999983,71.00239999999994,0.08640000000011128,0.08640000000011128
WD-JD2-07,exact_or_related,adjacent,84.49519999999997,84.59239999999996,0.09719999999998663,0.09719999999998663
WD-JD2-08,adjacent,divergent,75.15040000000003,75.06200000000008,-0.0883999999999503,0.0883999999999503
WD-JD2-09,exact_or_related,adjacent,69.0835999999999,69.08039999999995,-0.0031999999999499096,0.0031999999999499096
WD-JD2-10,divergent,exact_or_related,72.1656,72.17039999999999,0.004799999999988813,0.004799999999988813
WD-JD2-11,exact_or_related,adjacent,68.01760000000021,67.86600000000021,-0.15160000000000196,0.15160000000000196
WD-JD2-12,exact_or_related,adjacent,80.18759999999992,80.12079999999989,-0.06680000000002906,0.06680000000002906
WD-JD2-13,exact_or_related,adjacent,64.46920000000016,64.46600000000016,-0.003199999999992542,0.003199999999992542
WD-JD2-14,exact_or_related,adjacent,70.0175999999998,70.02599999999987,0.008400000000065688,0.008400000000065688
WD-JD2-15,adjacent,divergent,85.16959999999995,85.23359999999995,0.06400000000000716,0.06400000000000716
WD-JD2-16,divergent,exact_or_related,85.41360000000005,85.56240000000005,0.14880000000000848,0.14880000000000848
WD-JD2-17,adjacent,divergent,89.53919999999968,89.38439999999972,-0.15479999999996608,0.15479999999996608
WD-JD2-18,adjacent,divergent,59.51639999999989,59.55919999999992,0.04280000000002815,0.04280000000002815
WD-JD2-19,exact_or_related,adjacent,57.78640000000005,57.69200000000005,-0.09440000000000026,0.09440000000000026
WD-JD2-20,exact_or_related,adjacent,70.89,70.91,0.01999999999999602,0.01999999999999602
WD-JD2-21,divergent,exact_or_related,70.20119999999999,70.15079999999996,-0.05040000000002465,0.05040000000002465
WD-JD2-22,exact_or_related,adjacent,72.99199999999996,72.99759999999993,0.005599999999972738,0.005599999999972738
WD-JD2-23,exact_or_related,adjacent,69.58760000000007,69.50320000000005,-0.08440000000001646,0.08440000000001646
WD-JD2-24,exact_or_related,adjacent,60.6176000000001,60.6664000000001,0.048799999999999955,0.048799999999999955
WD-JD2-25,adjacent,divergent,67.83080000000007,67.86920000000005,0.03839999999998156,0.03839999999998156
WD-JD2-26,exact_or_related,adjacent,71.8732000000002,71.87000000000018,-0.003200000000020964,0.003200000000020964
WD-JD2-27,adjacent,divergent,78.61880000000006,78.61480000000009,-0.003999999999976467,0.003999999999976467
WD-JD2-28,exact_or_related,adjacent,74.76960000000007,74.91360000000006,0.14399999999999125,0.14399999999999125
WD-JD2-29,adjacent,divergent,80.45999999999994,80.42679999999993,-0.03320000000000789,0.03320000000000789
WD-JD2-30,exact_or_related,adjacent,68.13279999999997,68.13439999999999,0.001600000000010482,0.001600000000010482
WD-JD2-31,exact_or_related,adjacent,78.23079999999995,78.10799999999995,-0.12279999999999802,0.12279999999999802
WD-JD2-32,exact_or_related,adjacent,79.28959999999998,79.47679999999995,0.18719999999997583,0.18719999999997583
WD-JD2-33,exact_or_related,adjacent,74.62800000000003,74.59560000000002,-0.032400000000009754,0.032400000000009754
WD-JD2-34,exact_or_related,adjacent,84.68840000000027,84.77680000000021,0.08839999999993609,0.08839999999993609
WD-JD2-35,exact_or_related,adjacent,78.02359999999977,78.01239999999981,-0.011199999999959687,0.011199999999959687
WD-JD2-36,exact_or_related,adjacent,62.041600000000024,62.036399999999986,-0.005200000000037619,0.005200000000037619
WD-JD2-37,exact_or_related,adjacent,74.74320000000017,74.73800000000014,-0.0052000000000305135,0.0052000000000305135
WD-JD2-38,exact_or_related,adjacent,61.38079999999989,61.51199999999997,0.13120000000008503,0.13120000000008503
WD-JD2-39,exact_or_related,adjacent,70.504,70.42399999999995,-0.08000000000005514,0.08000000000005514
WD-JD2-40,exact_or_related,adjacent,64.2924,64.19640000000001,-0.09599999999998943,0.09599999999998943
WD-JD2-41,exact_or_related,adjacent,61.73679999999986,61.78679999999993,0.05000000000006821,0.05000000000006821
WD-JD2-42,exact_or_related,adjacent,58.83560000000017,58.774000000000164,-0.06160000000000565,0.06160000000000565
WD-JD2-43,adjacent,divergent,66.73439999999984,66.68959999999984,-0.044799999999995066,0.044799999999995066
WD-JD2-44,exact_or_related,adjacent,71.01279999999996,71.03479999999996,0.02200000000000557,0.02200000000000557
WD-JD2-45,exact_or_related,adjacent,83.8564000000001,83.97800000000011,0.12160000000001503,0.12160000000001503
WD-JD2-46,exact_or_related,adjacent,54.419999999999895,54.59719999999988,0.17719999999998493,0.17719999999998493
WD-JD2-47,adjacent,divergent,52.9604,53.040800000000004,0.08040000000000447,0.08040000000000447
WD-JD2-48,exact_or_related,adjacent,59.91880000000016,59.77160000000007,-0.14720000000009037,0.14720000000009037
WD-JD2-49,adjacent,divergent,79.55959999999999,79.54560000000004,-0.013999999999953161,0.013999999999953161
WD-JD2-50,exact_or_related,adjacent,67.6056,67.62480000000002,0.019200000000026307,0.019200000000026307
WD-JD2-51,exact_or_related,adjacent,69.15319999999984,69.14679999999986,-0.006399999999985084,0.006399999999985084
WD-JD2-52,exact_or_related,adjacent,58.36399999999999,58.169599999999996,-0.19439999999999458,0.19439999999999458
WD-JD2-53,adjacent,divergent,78.19800000000023,78.19480000000023,-0.003200000000006753,0.003200000000006753
WD-JD2-54,adjacent,divergent,65.82400000000001,65.90679999999999,0.08279999999997756,0.08279999999997756
WD-JD2-55,adjacent,divergent,85.62399999999992,85.50519999999995,-0.11879999999997892,0.11879999999997892
WD-JD2-56,exact_or_related,adjacent,84.76919999999978,84.81319999999975,0.04399999999996851,0.04399999999996851
WD-JD2-57,adjacent,divergent,58.97600000000019,59.12440000000018,0.1483999999999881,0.1483999999999881
WD-JD2-58,exact_or_related,adjacent,75.99759999999982,75.94199999999984,-0.05559999999998411,0.05559999999998411
WD-JD2-59,exact_or_related,adjacent,82.33639999999998,82.49719999999999,0.16080000000000894,0.16080000000000894
WD-JD2-60,divergent,exact_or_related,69.0403999999998,69.11519999999992,0.07480000000010989,0.07480000000010989
WD-JD2-61,exact_or_related,adjacent,63.883999999999986,63.882799999999996,-0.0011999999999900979,0.0011999999999900979
WD-JD2-62,exact_or_related,adjacent,61.47360000000002,61.450000000000045,-0.02359999999997342,0.02359999999997342
WD-JD2-63,exact_or_related,adjacent,80.5095999999999,80.58639999999991,0.07680000000000575,0.07680000000000575
WD-JD2-64,adjacent,divergent,67.19159999999995,67.07639999999986,-0.11520000000008679,0.11520000000008679
WD-JD2-65,adjacent,divergent,65.71240000000017,65.7404000000001,0.027999999999920533,0.027999999999920533
WD-JD2-66,exact_or_related,adjacent,64.08200000000001,64.00880000000002,-0.07319999999998572,0.07319999999998572
WD-JD2-67,divergent,exact_or_related,82.51080000000007,82.55120000000004,0.04039999999996269,0.04039999999996269
WD-JD2-68,divergent,exact_or_related,88.11360000000015,88.05240000000016,-0.061199999999985266,0.061199999999985266
WD-JD2-69,adjacent,divergent,74.49720000000005,74.45000000000013,-0.04719999999991842,0.04719999999991842
WD-JD2-70,adjacent,divergent,81.39000000000011,81.40160000000009,0.011599999999972965,0.011599999999972965
WD-JD2-71,exact_or_related,adjacent,80.38360000000003,80.39120000000003,0.0075999999999964984,0.0075999999999964984
WD-JD2-72,divergent,exact_or_related,86.8491999999997,86.80359999999978,-0.04559999999992215,0.04559999999992215
WD-JD2-73,exact_or_related,adjacent,82.14760000000003,82.184,0.03639999999997201,0.03639999999997201
WD-JD2-74,exact_or_related,adjacent,68.03679999999999,68.07720000000003,0.04040000000004795,0.04040000000004795
WD-JD2-75,adjacent,divergent,57.84200000000014,57.72440000000012,-0.11760000000002435,0.11760000000002435
WD-JD2-76,divergent,exact_or_related,75.94799999999992,75.89359999999995,-0.05439999999997269,0.05439999999997269
WD-JD2-77,exact_or_related,adjacent,66.07000000000019,66.10640000000016,0.03639999999997201,0.03639999999997201
WD-JD2-78,exact_or_related,adjacent,64.30359999999982,64.34639999999986,0.04280000000004236,0.04280000000004236
WD-JD2-79,adjacent,divergent,78.9820000000002,79.01600000000016,0.03399999999996339,0.03399999999996339
WD-JD2-80,exact_or_related,adjacent,52.31959999999988,52.275199999999884,-0.044399999999996,0.044399999999996
WD-JD2-81,exact_or_related,adjacent,76.43680000000002,76.48480000000004,0.04800000000001603,0.04800000000001603
WD-JD2-82,exact_or_related,adjacent,70.94200000000019,70.9936000000002,0.05160000000000764,0.05160000000000764
WD-JD2-83,divergent,exact_or_related,73.15719999999996,73.1899999999999,0.03279999999993777,0.03279999999993777
WD-JD2-84,divergent,exact_or_related,69.17680000000024,69.19120000000014,0.014399999999895385,0.014399999999895385
WD-JD2-85,adjacent,divergent,76.2644,76.2764,0.012000000000000455,0.012000000000000455
WD-JD2-86,adjacent,divergent,56.722799999999886,56.66719999999987,-0.05560000000001253,0.05560000000001253
WD-JD2-87,divergent,exact_or_related,72.63840000000005,72.76279999999998,0.12439999999993745,0.12439999999993745
WD-JD2-88,exact_or_related,adjacent,72.74319999999976,72.6735999999998,-0.06959999999996569,0.06959999999996569
WD-JD2-89,exact_or_related,adjacent,60.894,60.88479999999999,-0.00920000000000698,0.00920000000000698
WD-JD2-90,exact_or_related,adjacent,72.23199999999983,72.20879999999985,-0.023199999999974352,0.023199999999974352
WD-JD2-91,adjacent,divergent,78.79800000000007,78.79840000000006,0.0003999999999848569,0.0003999999999848569
WD-JD2-92,adjacent,divergent,62.74959999999982,62.80799999999991,0.05840000000008416,0.05840000000008416
WD-JD2-93,divergent,exact_or_related,69.60239999999985,69.69759999999987,0.09520000000001971,0.09520000000001971
WD-JD2-94,exact_or_related,adjacent,80.90960000000021,80.8304000000002,-0.07920000000001437,0.07920000000001437
WD-JD2-95,divergent,exact_or_related,68.67320000000002,68.82960000000006,0.1564000000000334,0.1564000000000334
WD-JD2-96,exact_or_related,adjacent,61.375199999999836,61.373999999999846,-0.0011999999999900979,0.0011999999999900979
WD-JD2-97,divergent,exact_or_related,76.87559999999995,76.86599999999996,-0.009599999999991837,0.009599999999991837
WD-JD2-98,exact_or_related,adjacent,76.6183999999998,76.63039999999984,0.012000000000043087,0.012000000000043087
WD-JD2-99,exact_or_related,adjacent,59.979600000000076,60.12160000000009,0.14200000000001722,0.14200000000001722
WD-JD2-100,divergent,exact_or_related,83.80640000000005,83.86960000000008,0.06320000000002324,0.06320000000002324
FSD-JD3-01,exact_or_related,adjacent,72.29680000000025,72.33760000000022,0.04079999999997597,0.04079999999997597
FSD-JD3-02,adjacent,divergent,74.33120000000004,74.28200000000002,-0.04920000000001323,0.04920000000001323
FSD-JD3-03,adjacent,divergent,78.1164,78.15359999999998,0.03719999999998436,0.03719999999998436
FSD-JD3-04,exact_or_related,adjacent,76.29600000000003,76.32280000000004,0.026800000000008595,0.026800000000008595
FSD-JD3-05,adjacent,divergent,78.00120000000001,78.00160000000004,0.0004000000000274895,0.0004000000000274895
FSD-JD3-06,divergent,exact_or_related,63.09800000000022,62.99520000000019,-0.10280000000003042,0.10280000000003042
FSD-JD3-07,adjacent,divergent,61.158800000000205,61.13760000000012,-0.021200000000085595,0.021200000000085595
FSD-JD3-08,exact_or_related,adjacent,80.73399999999991,80.72559999999994,-0.008399999999966212,0.008399999999966212
FSD-JD3-09,exact_or_related,adjacent,73.42679999999993,73.49759999999993,0.07080000000000553,0.07080000000000553
FSD-JD3-10,exact_or_related,adjacent,64.7508000000002,64.74000000000017,-0.010800000000031673,0.010800000000031673
FSD-JD3-11,exact_or_related,adjacent,62.785999999999994,62.82599999999996,0.03999999999996362,0.03999999999996362
FSD-JD3-12,divergent,exact_or_related,76.34800000000006,76.37000000000012,0.022000000000062414,0.022000000000062414
FSD-JD3-13,exact_or_related,adjacent,67.43520000000001,67.47680000000003,0.041600000000016735,0.041600000000016735
FSD-JD3-14,adjacent,divergent,80.40279999999994,80.44399999999997,0.04120000000003188,0.04120000000003188
FSD-JD3-15,divergent,exact_or_related,73.86919999999998,73.92319999999998,0.054000000000002046,0.054000000000002046
FSD-JD3-16,exact_or_related,adjacent,71.71799999999973,71.82159999999985,0.10360000000011382,0.10360000000011382
FSD-JD3-17,divergent,exact_or_related,69.61519999999997,69.64879999999998,0.03360000000000696,0.03360000000000696
FSD-JD3-18,exact_or_related,adjacent,58.80200000000018,58.74920000000019,-0.05279999999999063,0.05279999999999063
FSD-JD3-19,adjacent,divergent,67.4288,67.41319999999999,-0.015600000000006276,0.015600000000006276
FSD-JD3-20,exact_or_related,adjacent,72.69320000000026,72.67440000000025,-0.01880000000001303,0.01880000000001303
FSD-JD3-21,exact_or_related,adjacent,62.36800000000005,62.47120000000009,0.1032000000000366,0.1032000000000366
FSD-JD3-22,exact_or_related,adjacent,76.63280000000022,76.60920000000016,-0.023600000000058685,0.023600000000058685
FSD-JD3-23,adjacent,divergent,83.99520000000024,83.96040000000012,-0.03480000000011785,0.03480000000011785
FSD-JD3-24,exact_or_related,adjacent,75.0828000000002,75.01640000000016,-0.0664000000000442,0.0664000000000442
FSD-JD3-25,exact_or_related,adjacent,68.21040000000028,68.24480000000023,0.03439999999994825,0.03439999999994825
FSD-JD3-26,exact_or_related,adjacent,80.43480000000002,80.40520000000001,-0.02960000000001628,0.02960000000001628
FSD-JD3-27,exact_or_related,adjacent,52.244000000000156,52.240800000000114,-0.00320000000004228,0.00320000000004228
FSD-JD3-28,exact_or_related,adjacent,89.15079999999993,89.01959999999985,-0.13120000000007792,0.13120000000007792
FSD-JD3-29,exact_or_related,adjacent,79.9088,79.86199999999998,-0.04680000000001883,0.04680000000001883
FSD-JD3-30,exact_or_related,adjacent,71.97640000000003,71.93360000000001,-0.04280000000001394,0.04280000000001394
FSD-JD3-31,exact_or_related,adjacent,57.88039999999999,57.73679999999998,-0.1436000000000064,0.1436000000000064
FSD-JD3-32,adjacent,divergent,78.85520000000002,78.84439999999998,-0.010800000000045884,0.010800000000045884
FSD-JD3-33,exact_or_related,adjacent,69.51360000000008,69.46320000000006,-0.05040000000002465,0.05040000000002465
FSD-JD3-34,exact_or_related,adjacent,66.09600000000003,66.13200000000008,0.036000000000044,0.036000000000044
FSD-JD3-35,exact_or_related,adjacent,76.06040000000004,76.06200000000004,0.001599999999996271,0.001599999999996271
FSD-JD3-36,exact_or_related,adjacent,68.56199999999981,68.27239999999988,-0.28959999999993613,0.28959999999993613
FSD-JD3-37,exact_or_related,adjacent,76.75919999999999,76.7436,-0.015599999999992065,0.015599999999992065
FSD-JD3-38,exact_or_related,adjacent,57.44719999999995,57.345999999999954,-0.10119999999999862,0.10119999999999862
FSD-JD3-39,divergent,exact_or_related,71.79439999999998,71.9304,0.1360000000000241,0.1360000000000241
FSD-JD3-40,exact_or_related,adjacent,63.22039999999998,63.24119999999997,0.020799999999994156,0.020799999999994156
FSD-JD3-41,exact_or_related,adjacent,70.66240000000002,70.63280000000002,-0.02960000000000207,0.02960000000000207
FSD-JD3-42,adjacent,divergent,74.45520000000002,74.60240000000015,0.1472000000001259,0.1472000000001259
FSD-JD3-43,adjacent,divergent,60.14040000000014,60.043600000000055,-0.09680000000008704,0.09680000000008704
FSD-JD3-44,divergent,exact_or_related,62.87320000000002,62.788,-0.0852000000000217,0.0852000000000217
FSD-JD3-45,adjacent,divergent,70.17599999999999,70.15839999999994,-0.017600000000044247,0.017600000000044247
FSD-JD3-46,exact_or_related,adjacent,68.54320000000001,68.01680000000003,-0.5263999999999811,0.5263999999999811
FSD-JD3-47,divergent,exact_or_related,68.72480000000002,68.83080000000008,0.1060000000000656,0.1060000000000656
FSD-JD3-48,adjacent,divergent,69.20320000000004,69.23640000000005,0.03320000000000789,0.03320000000000789
FSD-JD3-49,exact_or_related,adjacent,70.96200000000006,70.92080000000006,-0.041200000000003456,0.041200000000003456
FSD-JD3-50,exact_or_related,adjacent,78.99560000000002,79.21159999999999,0.21599999999996555,0.21599999999996555
FSD-JD3-51,divergent,exact_or_related,86.40999999999991,86.33599999999991,-0.07399999999999807,0.07399999999999807
FSD-JD3-52,divergent,exact_or_related,64.12680000000003,64.14120000000001,0.01439999999998065,0.01439999999998065
FSD-JD3-53,divergent,exact_or_related,74.26560000000023,74.31200000000011,0.04639999999987765,0.04639999999987765
FSD-JD3-54,exact_or_related,adjacent,71.16320000000024,71.18320000000024,0.01999999999999602,0.01999999999999602
FSD-JD3-55,exact_or_related,adjacent,86.38280000000016,86.36200000000007,-0.020800000000093632,0.020800000000093632
FSD-JD3-56,exact_or_related,adjacent,76.51879999999997,76.51759999999994,-0.001200000000025625,0.001200000000025625
FSD-JD3-57,exact_or_related,adjacent,74.33359999999995,74.31519999999995,-0.01839999999999975,0.01839999999999975
FSD-JD3-58,exact_or_related,adjacent,61.555999999999884,61.79079999999994,0.23480000000005674,0.23480000000005674
FSD-JD3-59,exact_or_related,adjacent,73.54920000000028,73.53280000000022,-0.016400000000061254,0.016400000000061254
FSD-JD3-60,divergent,exact_or_related,74.25720000000005,74.20640000000004,-0.050800000000009504,0.050800000000009504
FSD-JD3-61,exact_or_related,adjacent,74.88919999999995,74.89119999999996,0.0020000000000095497,0.0020000000000095497
FSD-JD3-62,exact_or_related,adjacent,79.34520000000006,79.28040000000007,-0.06479999999999109,0.06479999999999109
FSD-JD3-63,divergent,exact_or_related,84.17199999999991,84.12159999999997,-0.05039999999993938,0.05039999999993938
FSD-JD3-64,divergent,exact_or_related,66.95279999999983,67.01039999999992,0.05760000000009313,0.05760000000009313
FSD-JD3-65,exact_or_related,adjacent,73.22600000000021,73.24560000000017,0.01959999999995432,0.01959999999995432
FSD-JD3-66,divergent,exact_or_related,66.76119999999983,66.76799999999987,0.0068000000000409955,0.0068000000000409955
FSD-JD3-67,exact_or_related,adjacent,75.00319999999998,75.04719999999996,0.04399999999998272,0.04399999999998272
FSD-JD3-68,exact_or_related,adjacent,70.00559999999989,69.97359999999993,-0.03199999999995384,0.03199999999995384
FSD-JD3-69,exact_or_related,adjacent,79.27599999999974,79.43839999999987,0.1624000000001331,0.1624000000001331
FSD-JD3-70,adjacent,divergent,68.47880000000016,68.46920000000011,-0.00960000000004868,0.00960000000004868
FSD-JD3-71,exact_or_related,adjacent,87.90039999999989,87.86679999999986,-0.03360000000003538,0.03360000000003538
FSD-JD3-72,exact_or_related,adjacent,80.4491999999999,80.6895999999999,0.24039999999999395,0.24039999999999395
FSD-JD3-73,exact_or_related,adjacent,69.61320000000003,69.53480000000002,-0.07840000000001623,0.07840000000001623
FSD-JD3-74,adjacent,divergent,64.36480000000023,64.34320000000018,-0.021600000000049135,0.021600000000049135
FSD-JD3-75,exact_or_related,adjacent,86.21359999999987,86.22759999999988,0.014000000000010004,0.014000000000010004
FSD-JD3-76,exact_or_related,adjacent,77.5988000000001,77.66760000000005,0.06879999999995334,0.06879999999995334
FSD-JD3-77,exact_or_related,adjacent,77.05880000000006,77.03880000000008,-0.01999999999998181,0.01999999999998181
FSD-JD3-78,exact_or_related,adjacent,66.2596,66.31160000000003,0.05200000000002092,0.05200000000002092
FSD-JD3-79,exact_or_related,adjacent,67.22679999999997,67.28119999999997,0.054400000000001114,0.054400000000001114
FSD-JD3-80,adjacent,divergent,85.35400000000004,85.3908000000001,0.03680000000005634,0.03680000000005634
FSD-JD3-81,divergent,exact_or_related,70.26999999999983,70.31159999999987,0.041600000000045156,0.041600000000045156
FSD-JD3-82,exact_or_related,adjacent,68.13399999999976,68.20959999999974,0.07559999999998013,0.07559999999998013
FSD-JD3-83,adjacent,divergent,75.27480000000024,75.21520000000012,-0.05960000000011689,0.05960000000011689
FSD-JD3-84,exact_or_related,adjacent,60.38000000000017,60.287200000000134,-0.09280000000003952,0.09280000000003952
FSD-JD3-85,adjacent,divergent,66.58079999999983,66.66839999999986,0.08760000000003743,0.08760000000003743
FSD-JD3-86,exact_or_related,adjacent,65.35399999999989,65.32519999999991,-0.028799999999975512,0.028799999999975512
FSD-JD3-87,exact_or_related,adjacent,71.69719999999991,71.82919999999993,0.1320000000000192,0.1320000000000192
FSD-JD3-88,exact_or_related,adjacent,72.47079999999993,72.55319999999989,0.08239999999996428,0.08239999999996428
FSD-JD3-89,exact_or_related,adjacent,74.57719999999998,74.5264,-0.05079999999998108,0.05079999999998108
FSD-JD3-90,exact_or_related,adjacent,69.14120000000018,68.83440000000014,-0.30680000000003815,0.30680000000003815
FSD-JD3-91,exact_or_related,adjacent,69.6351999999998,69.66319999999988,0.028000000000076852,0.028000000000076852
FSD-JD3-92,exact_or_related,adjacent,76.87719999999995,76.84439999999988,-0.032800000000065666,0.032800000000065666
FSD-JD3-93,divergent,exact_or_related,83.75759999999997,83.71759999999999,-0.03999999999997783,0.03999999999997783
FSD-JD3-94,exact_or_related,adjacent,65.82079999999996,65.80519999999997,-0.015599999999992065,0.015599999999992065
FSD-JD3-95,exact_or_related,adjacent,76.42919999999975,76.44439999999977,0.015200000000021419,0.015200000000021419
FSD-JD3-96,adjacent,divergent,56.194,56.159600000000005,-0.03439999999999799,0.03439999999999799
FSD-JD3-97,adjacent,divergent,56.55879999999985,56.59119999999987,0.032400000000023965,0.032400000000023965
FSD-JD3-98,exact_or_related,adjacent,72.2067999999999,72.2331999999999,0.026399999999995316,0.026399999999995316
FSD-JD3-99,divergent,exact_or_related,75.05480000000004,75.07080000000002,0.01599999999997692,0.01599999999997692
FSD-JD3-100,exact_or_related,adjacent,62.08760000000017,62.224800000000165,0.13719999999999288,0.13719999999999288
AD-JD4-01,exact_or_related,adjacent,64.31519999999993,64.32879999999992,0.013599999999982515,0.013599999999982515
AD-JD4-02,adjacent,divergent,83.46400000000028,83.15080000000016,-0.3132000000001227,0.3132000000001227
AD-JD4-03,divergent,exact_or_related,77.12079999999978,77.09919999999984,-0.02159999999993545,0.02159999999993545
AD-JD4-04,exact_or_related,adjacent,80.28960000000008,80.27680000000011,-0.012799999999970169,0.012799999999970169
AD-JD4-05,adjacent,divergent,79.37240000000004,79.4764,0.10399999999995657,0.10399999999995657
AD-JD4-06,exact_or_related,adjacent,70.30719999999992,70.28159999999994,-0.02559999999998297,0.02559999999998297
AD-JD4-07,adjacent,divergent,61.64999999999999,61.53120000000001,-0.11879999999997892,0.11879999999997892
AD-JD4-08,exact_or_related,adjacent,58.65639999999987,58.65599999999991,-0.0003999999999564352,0.0003999999999564352
AD-JD4-09,exact_or_related,adjacent,73.58639999999998,73.61679999999991,0.03039999999992915,0.03039999999992915
AD-JD4-10,exact_or_related,adjacent,66.42239999999974,66.44759999999975,0.025200000000012324,0.025200000000012324
AD-JD4-11,exact_or_related,adjacent,71.22479999999992,71.22399999999996,-0.000799999999955503,0.000799999999955503
AD-JD4-12,adjacent,divergent,72.68919999999981,72.67599999999986,-0.013199999999955025,0.013199999999955025
AD-JD4-13,exact_or_related,adjacent,70.02639999999978,70.01039999999988,-0.015999999999905867,0.015999999999905867
AD-JD4-14,exact_or_related,adjacent,69.1252,69.0764,-0.048799999999999955,0.048799999999999955
AD-JD4-15,exact_or_related,adjacent,69.12120000000002,69.1272,0.0059999999999860165,0.0059999999999860165
AD-JD4-16,exact_or_related,adjacent,71.1532000000001,71.18680000000006,0.033599999999964325,0.033599999999964325
AD-JD4-17,exact_or_related,adjacent,80.71040000000006,80.71080000000006,0.00039999999999906777,0.00039999999999906777
AD-JD4-18,exact_or_related,adjacent,65.02959999999985,65.10279999999985,0.07319999999999993,0.07319999999999993
AD-JD4-19,exact_or_related,adjacent,68.90879999999999,68.88520000000004,-0.023599999999945,0.023599999999945
AD-JD4-20,adjacent,divergent,54.86879999999997,54.92679999999998,0.058000000000006935,0.058000000000006935
AD-JD4-21,adjacent,divergent,68.8596,68.82479999999994,-0.034800000000061004,0.034800000000061004
AD-JD4-22,divergent,exact_or_related,71.21239999999997,71.40440000000002,0.1920000000000499,0.1920000000000499
AD-JD4-23,exact_or_related,adjacent,70.77600000000001,70.7112,-0.0648000000000053,0.0648000000000053
AD-JD4-24,exact_or_related,adjacent,70.56679999999992,70.43359999999996,-0.13319999999995957,0.13319999999995957
AD-JD4-25,exact_or_related,adjacent,69.84719999999999,69.7988,-0.048399999999986676,0.048399999999986676
AD-JD4-26,exact_or_related,adjacent,66.49800000000016,66.51080000000016,0.01279999999999859,0.01279999999999859
AD-JD4-27,divergent,exact_or_related,75.90159999999975,75.91199999999986,0.01040000000011787,0.01040000000011787
AD-JD4-28,exact_or_related,adjacent,52.927600000000076,52.89280000000006,-0.03480000000001837,0.03480000000001837
AD-JD4-29,adjacent,divergent,84.71839999999999,84.61960000000003,-0.09879999999995448,0.09879999999995448
AD-JD4-30,exact_or_related,adjacent,75.63120000000002,75.7436000000001,0.1124000000000791,0.1124000000000791
AD-JD4-31,exact_or_related,adjacent,70.83359999999985,70.81799999999994,-0.0155999999999068,0.0155999999999068
AD-JD4-32,exact_or_related,adjacent,80.5455999999999,80.53119999999991,-0.01439999999998065,0.01439999999998065
AD-JD4-33,divergent,exact_or_related,70.69960000000005,70.72600000000006,0.026400000000009527,0.026400000000009527
AD-JD4-34,adjacent,divergent,89.09319999999995,88.91479999999996,-0.17839999999999634,0.17839999999999634
AD-JD4-35,exact_or_related,adjacent,70.34879999999993,70.40319999999997,0.05440000000004375,0.05440000000004375
AD-JD4-36,adjacent,divergent,67.00279999999997,66.96319999999996,-0.039600000000007185,0.039600000000007185
AD-JD4-37,adjacent,divergent,74.17840000000004,74.25520000000003,0.07679999999999154,0.07679999999999154
AD-JD4-38,divergent,exact_or_related,53.42759999999989,53.38559999999994,-0.041999999999951854,0.041999999999951854
AD-JD4-39,exact_or_related,adjacent,69.49760000000023,69.14320000000019,-0.3544000000000409,0.3544000000000409
AD-JD4-40,adjacent,divergent,74.61720000000003,74.7476,0.1303999999999803,0.1303999999999803
AD-JD4-41,divergent,exact_or_related,72.52120000000023,72.54360000000018,0.022399999999947795,0.022399999999947795
AD-JD4-42,exact_or_related,adjacent,65.5976000000002,65.68680000000018,0.08919999999997685,0.08919999999997685
AD-JD4-43,exact_or_related,adjacent,76.38200000000008,76.42640000000009,0.04440000000001021,0.04440000000001021
AD-JD4-44,divergent,exact_or_related,85.26879999999971,85.08159999999987,-0.18719999999984793,0.18719999999984793
AD-JD4-45,exact_or_related,adjacent,63.35640000000007,63.23160000000009,-0.12479999999997915,0.12479999999997915
AD-JD4-46,exact_or_related,adjacent,71.02799999999998,71.05039999999997,0.022399999999990428,0.022399999999990428
AD-JD4-47,divergent,exact_or_related,77.04679999999996,77.0516,0.004800000000031446,0.004800000000031446
AD-JD4-48,exact_or_related,adjacent,66.62959999999981,66.64039999999996,0.01080000000014536,0.01080000000014536
AD-JD4-49,exact_or_related,adjacent,67.37879999999984,67.33759999999981,-0.04120000000003188,0.04120000000003188
AD-JD4-50,divergent,exact_or_related,80.8384,81.09759999999997,0.25919999999997856,0.25919999999997856
AD-JD4-51,divergent,exact_or_related,61.88320000000003,61.91079999999997,0.02759999999994278,0.02759999999994278
AD-JD4-52,exact_or_related,adjacent,76.91360000000006,76.89200000000001,-0.021600000000049135,0.021600000000049135
AD-JD4-53,exact_or_related,adjacent,67.88560000000003,67.75680000000003,-0.12879999999999825,0.12879999999999825
AD-JD4-54,exact_or_related,adjacent,68.95760000000011,68.87360000000008,-0.0840000000000316,0.0840000000000316
AD-JD4-55,exact_or_related,adjacent,74.56439999999996,74.52839999999996,-0.036000000000001364,0.036000000000001364
AD-JD4-56,adjacent,divergent,75.23119999999976,75.1407999999999,-0.09039999999986037,0.09039999999986037
AD-JD4-57,exact_or_related,adjacent,73.85280000000006,73.84240000000008,-0.010399999999975762,0.010399999999975762
AD-JD4-58,adjacent,divergent,69.0252000000001,69.16400000000007,0.13879999999997494,0.13879999999997494
AD-JD4-59,divergent,exact_or_related,66.98679999999977,67.18879999999983,0.20200000000005502,0.20200000000005502
AD-JD4-60,exact_or_related,adjacent,66.37119999999986,66.38999999999993,0.018800000000069872,0.018800000000069872
AD-JD4-61,exact_or_related,adjacent,67.16039999999987,66.5831999999999,-0.5771999999999622,0.5771999999999622
AD-JD4-62,exact_or_related,adjacent,71.31959999999991,71.43879999999992,0.11920000000000641,0.11920000000000641
AD-JD4-63,exact_or_related,adjacent,61.274800000000134,61.17800000000012,-0.09680000000001598,0.09680000000001598
AD-JD4-64,divergent,exact_or_related,59.15120000000016,59.40720000000012,0.2559999999999576,0.2559999999999576
AD-JD4-65,exact_or_related,adjacent,82.31759999999998,82.60000000000005,0.2824000000000666,0.2824000000000666
AD-JD4-66,exact_or_related,adjacent,85.68799999999999,85.72360000000003,0.03560000000004493,0.03560000000004493
AD-JD4-67,exact_or_related,adjacent,67.5899999999999,67.57839999999989,-0.011600000000015598,0.011600000000015598
AD-JD4-68,adjacent,divergent,75.33280000000009,75.27440000000013,-0.05839999999996337,0.05839999999996337
AD-JD4-69,exact_or_related,adjacent,71.99360000000024,72.05920000000023,0.06559999999998922,0.06559999999998922
AD-JD4-70,exact_or_related,adjacent,56.100000000000136,56.19920000000009,0.09919999999995355,0.09919999999995355
AD-JD4-71,exact_or_related,adjacent,73.03519999999995,73.04519999999994,0.009999999999990905,0.009999999999990905
AD-JD4-72,exact_or_related,adjacent,75.60280000000009,75.6204000000001,0.017600000000015825,0.017600000000015825
AD-JD4-73,divergent,exact_or_related,66.4807999999998,66.63639999999991,0.15560000000010632,0.15560000000010632
AD-JD4-74,adjacent,divergent,74.12000000000008,74.17200000000011,0.05200000000003513,0.05200000000003513
AD-JD4-75,exact_or_related,adjacent,76.31920000000001,76.31600000000002,-0.003199999999992542,0.003199999999992542
AD-JD4-76,exact_or_related,adjacent,76.56840000000003,76.61640000000001,0.04799999999998761,0.04799999999998761
AD-JD4-77,adjacent,divergent,83.91399999999975,83.99199999999979,0.07800000000004559,0.07800000000004559
AD-JD4-78,exact_or_related,adjacent,77.96119999999998,77.92919999999994,-0.03200000000003911,0.03200000000003911
AD-JD4-79,exact_or_related,adjacent,71.73400000000005,71.75840000000007,0.024400000000014188,0.024400000000014188
AD-JD4-80,divergent,exact_or_related,82.36120000000001,82.49560000000001,0.1343999999999994,0.1343999999999994
AD-JD4-81,divergent,exact_or_related,65.45600000000015,66.02240000000005,0.5663999999999021,0.5663999999999021
AD-JD4-82,exact_or_related,adjacent,83.47880000000005,83.41080000000005,-0.06799999999999784,0.06799999999999784
AD-JD4-83,exact_or_related,adjacent,69.65719999999996,69.61279999999998,-0.04439999999998179,0.04439999999998179
AD-JD4-84,adjacent,divergent,58.33440000000007,58.4788000000001,0.14440000000002584,0.14440000000002584
AD-JD4-85,adjacent,divergent,68.76039999999988,68.77679999999988,0.01640000000000441,0.01640000000000441
AD-JD4-86,exact_or_related,adjacent,69.37719999999982,69.32359999999983,-0.05359999999998877,0.05359999999998877
AD-JD4-87,divergent,exact_or_related,75.54879999999982,75.31279999999991,-0.23599999999990473,0.23599999999990473
AD-JD4-88,adjacent,divergent,63.91840000000015,64.09240000000011,0.17399999999996396,0.17399999999996396
AD-JD4-89,exact_or_related,adjacent,79.0856,79.03400000000002,-0.05159999999997922,0.05159999999997922
AD-JD4-90,exact_or_related,adjacent,58.081999999999866,57.96079999999991,-0.12119999999995912,0.12119999999995912
AD-JD4-91,exact_or_related,adjacent,78.22399999999996,78.30999999999995,0.08599999999998431,0.08599999999998431
AD-JD4-92,divergent,exact_or_related,69.78039999999983,69.70599999999988,-0.0743999999999545,0.0743999999999545
AD-JD4-93,exact_or_related,adjacent,71.29039999999998,71.23759999999999,-0.05279999999999063,0.05279999999999063
AD-JD4-94,exact_or_related,adjacent,77.53239999999977,77.56839999999985,0.03600000000008663,0.03600000000008663
AD-JD4-95,exact_or_related,adjacent,78.60519999999993,78.76319999999994,0.15800000000001546,0.15800000000001546
AD-JD4-96,divergent,exact_or_related,79.71959999999974,80.0027999999998,0.2832000000000505,0.2832000000000505
AD-JD4-97,exact_or_related,adjacent,65.06559999999982,65.12319999999988,0.05760000000006471,0.05760000000006471
AD-JD4-98,exact_or_related,adjacent,67.97039999999983,67.87519999999985,-0.09519999999997708,0.09519999999997708
AD-JD4-99,exact_or_related,adjacent,69.53279999999994,69.58359999999995,0.050800000000009504,0.050800000000009504
AD-JD4-100,exact_or_related,adjacent,71.36479999999982,71.3603999999999,-0.004399999999918691,0.004399999999918691
FE-JD5-01,adjacent,divergent,84.44479999999976,84.21639999999978,-0.2283999999999793,0.2283999999999793
FE-JD5-02,exact_or_related,adjacent,83.25959999999979,83.05279999999985,-0.20679999999994436,0.20679999999994436
FE-JD5-03,exact_or_related,adjacent,74.39119999999998,74.40840000000001,0.01720000000003097,0.01720000000003097
FE-JD5-04,exact_or_related,adjacent,81.32039999999978,81.34759999999982,0.027200000000036084,0.027200000000036084
FE-JD5-05,adjacent,divergent,67.5512000000002,67.46560000000014,-0.0856000000000563,0.0856000000000563
FE-JD5-06,exact_or_related,adjacent,84.1944000000001,84.29920000000003,0.10479999999992629,0.10479999999992629
FE-JD5-07,adjacent,divergent,76.87679999999979,76.88919999999983,0.012400000000042155,0.012400000000042155
FE-JD5-08,exact_or_related,adjacent,74.77320000000002,74.72160000000002,-0.05159999999999343,0.05159999999999343
FE-JD5-09,exact_or_related,adjacent,75.57920000000007,75.57440000000005,-0.004800000000017235,0.004800000000017235
FE-JD5-10,divergent,exact_or_related,66.96600000000008,66.92000000000003,-0.04600000000004911,0.04600000000004911
FE-JD5-11,exact_or_related,adjacent,62.8956000000002,62.90440000000017,0.008799999999972385,0.008799999999972385
FE-JD5-12,exact_or_related,adjacent,60.87999999999992,60.815199999999955,-0.06479999999996267,0.06479999999996267
FE-JD5-13,exact_or_related,adjacent,69.85919999999989,69.89959999999992,0.04040000000003374,0.04040000000003374
FE-JD5-14,exact_or_related,adjacent,74.81080000000004,74.82080000000005,0.010000000000005116,0.010000000000005116
FE-JD5-15,exact_or_related,adjacent,83.91240000000009,83.74960000000009,-0.16280000000000427,0.16280000000000427
FE-JD5-16,adjacent,divergent,78.14159999999998,78.19839999999995,0.0567999999999671,0.0567999999999671
FE-JD5-17,exact_or_related,adjacent,63.03360000000001,63.050400000000025,0.01680000000001769,0.01680000000001769
FE-JD5-18,exact_or_related,adjacent,79.15280000000021,79.15960000000017,0.00679999999995573,0.00679999999995573
FE-JD5-19,exact_or_related,adjacent,79.05879999999975,79.03799999999981,-0.020799999999937313,0.020799999999937313
FE-JD5-20,adjacent,divergent,79.21800000000003,79.21520000000004,-0.0027999999999934744,0.0027999999999934744
FE-JD5-21,exact_or_related,adjacent,75.5700000000001,75.60120000000009,0.03119999999998413,0.03119999999998413
FE-JD5-22,exact_or_related,adjacent,82.19479999999994,82.1703999999999,-0.02440000000004261,0.02440000000004261
FE-JD5-23,divergent,exact_or_related,54.17279999999996,54.13079999999998,-0.041999999999980275,0.041999999999980275
FE-JD5-24,adjacent,divergent,57.324800000000025,57.38760000000005,0.06280000000002417,0.06280000000002417
FE-JD5-25,adjacent,divergent,61.61920000000016,61.50440000000013,-0.11480000000003088,0.11480000000003088
FE-JD5-26,adjacent,divergent,83.22200000000008,83.13520000000007,-0.08680000000001087,0.08680000000001087
FE-JD5-27,exact_or_related,adjacent,71.16519999999979,71.07559999999985,-0.08959999999993329,0.08959999999993329
FE-JD5-28,exact_or_related,adjacent,79.7136000000001,79.70400000000015,-0.009599999999949205,0.009599999999949205
FE-JD5-29,exact_or_related,adjacent,67.04599999999982,67.07879999999982,0.03279999999999461,0.03279999999999461
FE-JD5-30,divergent,exact_or_related,65.05240000000006,65.00760000000005,-0.04480000000000928,0.04480000000000928
FE-JD5-31,exact_or_related,adjacent,67.92359999999998,67.98080000000003,0.05720000000005143,0.05720000000005143
FE-JD5-32,exact_or_related,adjacent,65.78880000000014,65.80680000000008,0.01799999999994384,0.01799999999994384
FE-JD5-33,exact_or_related,adjacent,76.18119999999996,76.18079999999999,-0.00039999999997064606,0.00039999999997064606
FE-JD5-34,adjacent,divergent,77.1523999999999,77.15479999999991,0.0024000000000086175,0.0024000000000086175
FE-JD5-35,adjacent,divergent,75.24440000000003,75.37160000000006,0.1272000000000304,0.1272000000000304
FE-JD5-36,exact_or_related,adjacent,68.87359999999993,68.41439999999992,-0.4592000000000098,0.4592000000000098
FE-JD5-37,exact_or_related,adjacent,63.472799999999886,63.427199999999914,-0.045599999999971885,0.045599999999971885
FE-JD5-38,adjacent,divergent,75.22840000000005,75.18560000000004,-0.04280000000001394,0.04280000000001394
FE-JD5-39,exact_or_related,adjacent,85.91800000000002,85.992,0.07399999999998386,0.07399999999998386
FE-JD5-40,exact_or_related,adjacent,84.95360000000001,85.04400000000005,0.09040000000004511,0.09040000000004511
FE-JD5-41,exact_or_related,adjacent,79.95239999999997,80.04639999999993,0.09399999999996567,0.09399999999996567
FE-JD5-42,exact_or_related,adjacent,76.18480000000015,76.20680000000011,0.021999999999962938,0.021999999999962938
FE-JD5-43,exact_or_related,adjacent,65.37160000000017,65.38680000000018,0.015200000000007208,0.015200000000007208
FE-JD5-44,exact_or_related,adjacent,79.13240000000003,79.13880000000002,0.006399999999985084,0.006399999999985084
FE-JD5-45,exact_or_related,adjacent,72.98279999999978,73.02719999999981,0.04440000000002442,0.04440000000002442
FE-JD5-46,exact_or_related,adjacent,66.82720000000006,66.83840000000005,0.011199999999988108,0.011199999999988108
FE-JD5-47,exact_or_related,adjacent,86.27919999999999,86.31119999999997,0.031999999999982265,0.031999999999982265
FE-JD5-48,exact_or_related,adjacent,71.41759999999998,71.38360000000004,-0.03399999999993497,0.03399999999993497
FE-JD5-49,divergent,exact_or_related,86.02759999999991,85.99399999999991,-0.03359999999999275,0.03359999999999275
FE-JD5-50,exact_or_related,adjacent,59.58479999999985,59.541199999999904,-0.043599999999948125,0.043599999999948125
FE-JD5-51,exact_or_related,adjacent,74.91200000000012,74.97120000000002,0.05919999999990466,0.05919999999990466
FE-JD5-52,adjacent,divergent,80.18719999999988,80.17359999999992,-0.013599999999954093,0.013599999999954093
FE-JD5-53,exact_or_related,adjacent,67.60439999999998,67.68160000000006,0.07720000000007587,0.07720000000007587
FE-JD5-54,exact_or_related,adjacent,71.27559999999993,71.31759999999997,0.042000000000044224,0.042000000000044224
FE-JD5-55,exact_or_related,adjacent,80.05240000000026,80.08640000000018,0.03399999999992076,0.03399999999992076
FE-JD5-56,exact_or_related,adjacent,74.49720000000002,74.55120000000001,0.053999999999987836,0.053999999999987836
FE-JD5-57,exact_or_related,adjacent,63.682000000000215,63.69680000000016,0.014799999999944191,0.014799999999944191
FE-JD5-58,exact_or_related,adjacent,74.24640000000001,74.17599999999997,-0.07040000000003488,0.07040000000003488
FE-JD5-59,exact_or_related,adjacent,83.17480000000009,82.9512000000001,-0.22359999999999047,0.22359999999999047
FE-JD5-60,exact_or_related,adjacent,57.27480000000015,57.27200000000008,-0.002800000000071634,0.002800000000071634
FE-JD5-61,exact_or_related,adjacent,64.04760000000019,64.06200000000017,0.01439999999998065,0.01439999999998065
FE-JD5-62,adjacent,divergent,79.95,79.92960000000001,-0.02039999999999509,0.02039999999999509
FE-JD5-63,exact_or_related,adjacent,72.08120000000002,72.08400000000002,0.0027999999999934744,0.0027999999999934744
FE-JD5-64,exact_or_related,adjacent,73.5144,73.48759999999997,-0.026800000000022806,0.026800000000022806
FE-JD5-65,exact_or_related,adjacent,75.62960000000004,75.7188,0.08919999999996264,0.08919999999996264
FE-JD5-66,exact_or_related,adjacent,79.88199999999993,79.96639999999987,0.0843999999999312,0.0843999999999312
FE-JD5-67,adjacent,divergent,85.8560000000001,85.85640000000011,0.0004000000000132786,0.0004000000000132786
FE-JD5-68,exact_or_related,adjacent,53.92920000000012,54.0316000000001,0.10239999999997451,0.10239999999997451
FE-JD5-69,exact_or_related,adjacent,60.649999999999984,60.62559999999996,-0.024400000000021294,0.024400000000021294
FE-JD5-70,exact_or_related,adjacent,68.46280000000014,68.47840000000014,0.015599999999992065,0.015599999999992065
FE-JD5-71,adjacent,divergent,68.55960000000016,68.56280000000008,0.003199999999921488,0.003199999999921488
FE-JD5-72,exact_or_related,adjacent,61.66120000000005,61.67600000000001,0.014799999999958402,0.014799999999958402
FE-JD5-73,exact_or_related,adjacent,65.5799999999998,65.48759999999983,-0.0923999999999694,0.0923999999999694
FE-JD5-74,adjacent,divergent,61.49160000000003,61.516000000000034,0.024400000000007083,0.024400000000007083
FE-JD5-75,exact_or_related,adjacent,78.19240000000012,78.21720000000012,0.024799999999999045,0.024799999999999045
FE-JD5-76,exact_or_related,adjacent,66.2035999999998,66.16599999999987,-0.03759999999992658,0.03759999999992658
FE-JD5-77,exact_or_related,adjacent,81.67079999999973,81.90039999999975,0.22960000000001912,0.22960000000001912
FE-JD5-78,divergent,exact_or_related,76.9124,76.79000000000003,-0.12239999999997053,0.12239999999997053
FE-JD5-79,exact_or_related,adjacent,78.9392000000003,78.93560000000029,-0.0036000000000058208,0.0036000000000058208
FE-JD5-80,exact_or_related,adjacent,70.08079999999995,70.00999999999995,-0.07080000000000553,0.07080000000000553
FE-JD5-81,exact_or_related,adjacent,82.11000000000011,81.94280000000012,-0.16719999999999402,0.16719999999999402
FE-JD5-82,exact_or_related,adjacent,71.56599999999996,71.59319999999997,0.027200000000007662,0.027200000000007662
FE-JD5-83,adjacent,divergent,74.57399999999996,74.51400000000002,-0.05999999999993122,0.05999999999993122
FE-JD5-84,adjacent,divergent,73.312,73.31959999999998,0.007599999999982288,0.007599999999982288
FE-JD5-85,adjacent,divergent,66.42760000000011,66.44720000000007,0.01959999999995432,0.01959999999995432
FE-JD5-86,exact_or_related,adjacent,73.52279999999998,73.55159999999992,0.02879999999994709,0.02879999999994709
FE-JD5-87,divergent,exact_or_related,77.46920000000003,77.4104,-0.05880000000003349,0.05880000000003349
FE-JD5-88,exact_or_related,adjacent,61.37280000000006,61.490400000000086,0.11760000000002435,0.11760000000002435
FE-JD5-89,exact_or_related,adjacent,76.61320000000018,76.61560000000013,0.002399999999951774,0.002399999999951774
FE-JD5-90,exact_or_related,adjacent,61.74480000000027,61.62880000000023,-0.11600000000003519,0.11600000000003519
FE-JD5-91,exact_or_related,adjacent,81.15920000000003,81.12120000000004,-0.03799999999998249,0.03799999999998249
FE-JD5-92,exact_or_related,adjacent,75.08719999999978,75.12639999999982,0.03920000000003654,0.03920000000003654
FE-JD5-93,exact_or_related,adjacent,73.7043999999998,73.64639999999983,-0.0579999999999643,0.0579999999999643
FE-JD5-94,exact_or_related,adjacent,60.87680000000012,61.03520000000014,0.15840000000002163,0.15840000000002163
FE-JD5-95,divergent,exact_or_related,71.68360000000006,71.63320000000003,-0.05040000000002465,0.05040000000002465
FE-JD5-96,adjacent,divergent,82.19480000000003,82.20559999999999,0.010799999999960619,0.010799999999960619
FE-JD5-97,adjacent,divergent,85.5288000000002,85.47040000000014,-0.058400000000062846,0.058400000000062846
FE-JD5-98,exact_or_related,adjacent,71.74680000000005,71.72680000000003,-0.020000000000024443,0.020000000000024443
FE-JD5-99,adjacent,divergent,56.6007999999998,56.519999999999804,-0.08079999999999643,0.08079999999999643
FE-JD5-100,exact_or_related,adjacent,65.18480000000001,65.10960000000004,-0.07519999999996685,0.07519999999996685
RD-JD6-01,divergent,exact_or_related,56.690399999999784,57.0139999999998,0.3236000000000132,0.3236000000000132
RD-JD6-02,adjacent,divergent,71.8435999999999,71.86519999999992,0.021600000000020714,0.021600000000020714
RD-JD6-03,divergent,exact_or_related,68.35440000000018,68.38560000000014,0.031199999999955708,0.031199999999955708
RD-JD6-04,exact_or_related,adjacent,78.20360000000026,78.21520000000022,0.011599999999958754,0.011599999999958754
RD-JD6-05,divergent,exact_or_related,59.570400000000014,59.61200000000004,0.04160000000002384,0.04160000000002384
RD-JD6-06,exact_or_related,adjacent,79.34160000000027,79.30320000000022,-0.038400000000052614,0.038400000000052614
RD-JD6-07,divergent,exact_or_related,66.15679999999973,66.20599999999985,0.04920000000011271,0.04920000000011271
RD-JD6-08,exact_or_related,adjacent,74.70760000000016,74.71320000000009,0.005599999999930105,0.005599999999930105
RD-JD6-09,adjacent,divergent,62.50519999999999,62.5088,0.003600000000012926,0.003600000000012926
RD-JD6-10,adjacent,divergent,73.22879999999977,73.21559999999981,-0.013199999999955025,0.013199999999955025
RD-JD6-11,adjacent,divergent,75.51880000000021,75.67280000000018,0.15399999999996794,0.15399999999996794
RD-JD6-12,exact_or_related,adjacent,81.0515999999998,81.06279999999983,0.011200000000030741,0.011200000000030741
RD-JD6-13,exact_or_related,adjacent,77.58760000000007,77.65160000000004,0.06399999999997874,0.06399999999997874
RD-JD6-14,exact_or_related,adjacent,67.3448000000002,67.36000000000016,0.015199999999950364,0.015199999999950364
RD-JD6-15,exact_or_related,adjacent,73.1071999999998,73.10159999999983,-0.005599999999972738,0.005599999999972738
RD-JD6-16,exact_or_related,adjacent,83.41280000000022,83.43640000000019,0.02359999999997342,0.02359999999997342
RD-JD6-17,divergent,exact_or_related,65.02159999999998,65.00119999999998,-0.02039999999999509,0.02039999999999509
RD-JD6-18,exact_or_related,adjacent,74.67199999999977,74.57479999999983,-0.097199999999944,0.097199999999944
RD-JD6-19,divergent,exact_or_related,77.73679999999993,77.75479999999992,0.01799999999998647,0.01799999999998647
RD-JD6-20,adjacent,divergent,67.806,67.82040000000003,0.014400000000037494,0.014400000000037494
RD-JD6-21,divergent,exact_or_related,70.09919999999988,69.9343999999999,-0.1647999999999854,0.1647999999999854
RD-JD6-22,adjacent,divergent,81.46359999999976,81.65679999999978,0.1932000000000187,0.1932000000000187
RD-JD6-23,adjacent,divergent,72.54240000000004,72.41000000000003,-0.13240000000001828,0.13240000000001828
RD-JD6-24,exact_or_related,adjacent,68.35040000000016,68.12920000000014,-0.2212000000000245,0.2212000000000245
RD-JD6-25,exact_or_related,adjacent,78.13159999999996,78.13799999999996,0.006399999999999295,0.006399999999999295
RD-JD6-26,exact_or_related,adjacent,78.58280000000022,78.61280000000016,0.029999999999944293,0.029999999999944293
RD-JD6-27,exact_or_related,adjacent,74.59600000000002,74.62200000000003,0.02600000000001046,0.02600000000001046
RD-JD6-28,exact_or_related,adjacent,69.79399999999991,69.81479999999995,0.02080000000003679,0.02080000000003679
RD-JD6-29,exact_or_related,adjacent,57.545199999999824,57.580799999999854,0.03560000000003072,0.03560000000003072
RD-JD6-30,exact_or_related,adjacent,72.56079999999996,72.57239999999997,0.011600000000015598,0.011600000000015598
RD-JD6-31,exact_or_related,adjacent,67.38880000000006,67.40640000000006,0.017600000000001614,0.017600000000001614
RD-JD6-32,exact_or_related,adjacent,65.66800000000003,65.72880000000002,0.0607999999999862,0.0607999999999862
RD-JD6-33,exact_or_related,adjacent,70.75399999999995,70.75439999999995,0.00039999999999906777,0.00039999999999906777
RD-JD6-34,exact_or_related,adjacent,60.41799999999999,60.40920000000003,-0.00879999999996528,0.00879999999996528
RD-JD6-35,exact_or_related,adjacent,74.09840000000001,74.11160000000002,0.013200000000011869,0.013200000000011869
RD-JD6-36,adjacent,divergent,68.11239999999987,68.04279999999986,-0.06960000000000832,0.06960000000000832
RD-JD6-37,exact_or_related,adjacent,82.59080000000004,82.60680000000006,0.016000000000019554,0.016000000000019554
RD-JD6-38,exact_or_related,adjacent,80.78600000000003,80.79600000000003,0.010000000000005116,0.010000000000005116
RD-JD6-39,exact_or_related,adjacent,75.53760000000004,75.55879999999999,0.02119999999995059,0.02119999999995059
RD-JD6-40,exact_or_related,adjacent,64.33480000000003,64.34320000000005,0.008400000000023056,0.008400000000023056
RD-JD6-41,adjacent,divergent,71.53039999999973,71.56599999999979,0.03560000000005914,0.03560000000005914
RD-JD6-42,exact_or_related,adjacent,86.10159999999975,86.11159999999981,0.01000000000006196,0.01000000000006196
RD-JD6-43,exact_or_related,adjacent,73.88119999999981,73.82719999999983,-0.053999999999973625,0.053999999999973625
RD-JD6-44,divergent,exact_or_related,61.584799999999966,61.58239999999995,-0.002400000000015723,0.002400000000015723
RD-JD6-45,exact_or_related,adjacent,66.45320000000005,66.51560000000002,0.06239999999996826,0.06239999999996826
RD-JD6-46,exact_or_related,adjacent,70.70719999999976,70.82839999999985,0.12120000000008702,0.12120000000008702
RD-JD6-47,exact_or_related,adjacent,79.62879999999977,79.63519999999976,0.006399999999985084,0.006399999999985084
RD-JD6-48,exact_or_related,adjacent,78.30879999999983,78.3427999999999,0.03400000000006287,0.03400000000006287
RD-JD6-49,exact_or_related,adjacent,63.25320000000014,63.25840000000013,0.005199999999987881,0.005199999999987881
RD-JD6-50,divergent,exact_or_related,64.32800000000003,64.20880000000005,-0.11919999999997799,0.11919999999997799
RD-JD6-51,divergent,exact_or_related,66.18879999999977,66.24039999999982,0.05160000000005027,0.05160000000005027
RD-JD6-52,exact_or_related,adjacent,82.15959999999998,82.14400000000002,-0.015599999999963643,0.015599999999963643
RD-JD6-53,exact_or_related,adjacent,73.1264,73.15480000000005,0.0284000000000475,0.0284000000000475
RD-JD6-54,adjacent,divergent,82.61239999999994,82.54239999999992,-0.0700000000000216,0.0700000000000216
RD-JD6-55,divergent,exact_or_related,76.42520000000006,76.40120000000005,-0.02400000000001512,0.02400000000001512
RD-JD6-56,exact_or_related,adjacent,71.45719999999999,71.47959999999996,0.022399999999976217,0.022399999999976217
RD-JD6-57,divergent,exact_or_related,75.11960000000005,75.10080000000002,-0.01880000000002724,0.01880000000002724
RD-JD6-58,exact_or_related,adjacent,81.6604,81.70279999999997,0.04239999999997224,0.04239999999997224
RD-JD6-59,exact_or_related,adjacent,80.54480000000008,80.51360000000007,-0.03120000000001255,0.03120000000001255
RD-JD6-60,divergent,exact_or_related,85.618,85.6452,0.027200000000007662,0.027200000000007662
RD-JD6-61,adjacent,divergent,67.58000000000014,67.61080000000014,0.030799999999999272,0.030799999999999272
RD-JD6-62,exact_or_related,adjacent,69.38439999999979,69.3735999999998,-0.01079999999998904,0.01079999999998904
RD-JD6-63,adjacent,divergent,70.30839999999996,70.24039999999998,-0.06799999999998363,0.06799999999998363
RD-JD6-64,adjacent,divergent,83.2835999999998,83.17039999999982,-0.11319999999997776,0.11319999999997776
RD-JD6-65,exact_or_related,adjacent,76.22120000000021,76.2188000000002,-0.0024000000000086175,0.0024000000000086175
RD-JD6-66,exact_or_related,adjacent,63.36400000000001,63.33720000000003,-0.026799999999980173,0.026799999999980173
RD-JD6-67,exact_or_related,adjacent,85.85760000000002,85.86160000000005,0.00400000000003331,0.00400000000003331
RD-JD6-68,exact_or_related,adjacent,69.93560000000006,69.76160000000006,-0.1740000000000066,0.1740000000000066
RD-JD6-69,exact_or_related,adjacent,74.56360000000002,74.54600000000002,-0.017600000000001614,0.017600000000001614
RD-JD6-70,adjacent,divergent,80.56480000000005,80.5856000000001,0.020800000000051,0.020800000000051
RD-JD6-71,exact_or_related,adjacent,67.13960000000003,66.62720000000004,-0.5123999999999853,0.5123999999999853
RD-JD6-72,exact_or_related,adjacent,62.40239999999983,62.26119999999994,-0.1411999999998912,0.1411999999998912
RD-JD6-73,exact_or_related,adjacent,81.46320000000023,81.47720000000017,0.01399999999993895,0.01399999999993895
RD-JD6-74,divergent,exact_or_related,79.51640000000027,79.50520000000026,-0.01120000000001653,0.01120000000001653
RD-JD6-75,exact_or_related,adjacent,58.14679999999982,57.89199999999984,-0.2547999999999817,0.2547999999999817
RD-JD6-76,exact_or_related,adjacent,59.659999999999926,59.65199999999999,-0.007999999999938723,0.007999999999938723
RD-JD6-77,divergent,exact_or_related,73.0456,73.0196,-0.02599999999999625,0.02599999999999625
RD-JD6-78,adjacent,divergent,66.00319999999984,65.89959999999991,-0.10359999999992908,0.10359999999992908
RD-JD6-79,exact_or_related,adjacent,62.35679999999983,62.23839999999992,-0.1183999999999088,0.1183999999999088
RD-JD6-80,adjacent,divergent,62.48360000000001,62.483600000000045,3.552713678800501e-14,3.552713678800501e-14
RD-JD6-81,exact_or_related,adjacent,70.11120000000007,69.89880000000005,-0.21240000000001658,0.21240000000001658
RD-JD6-82,divergent,exact_or_related,79.50679999999991,79.85079999999995,0.3440000000000367,0.3440000000000367
RD-JD6-83,exact_or_related,adjacent,74.67840000000004,74.74040000000004,0.06199999999999761,0.06199999999999761
RD-JD6-84,exact_or_related,adjacent,72.6659999999999,72.72719999999987,0.061199999999971055,0.061199999999971055
RD-JD6-85,exact_or_related,adjacent,69.62919999999988,69.65199999999993,0.02280000000004634,0.02280000000004634
RD-JD6-86,exact_or_related,adjacent,71.46920000000011,71.47080000000011,0.001599999999996271,0.001599999999996271
RD-JD6-87,adjacent,divergent,75.53559999999993,75.52159999999994,-0.013999999999995794,0.013999999999995794
RD-JD6-88,exact_or_related,adjacent,65.53440000000012,65.55280000000009,0.018399999999971328,0.018399999999971328
RD-JD6-89,divergent,exact_or_related,68.45480000000012,68.5884000000001,0.13359999999998706,0.13359999999998706
RD-JD6-90,adjacent,divergent,64.98480000000006,65.01640000000006,0.03159999999999741,0.03159999999999741
RD-JD6-91,exact_or_related,adjacent,69.18079999999993,69.22239999999992,0.04159999999998831,0.04159999999998831
RD-JD6-92,exact_or_related,adjacent,75.57560000000001,75.59240000000005,0.01680000000004611,0.01680000000004611
RD-JD6-93,exact_or_related,adjacent,68.17719999999986,68.16239999999989,-0.014799999999965507,0.014799999999965507
RD-JD6-94,adjacent,divergent,81.95639999999993,81.83279999999992,-0.12360000000001037,0.12360000000001037
RD-JD6-95,exact_or_related,adjacent,68.0679999999998,68.11239999999988,0.04440000000008126,0.04440000000008126
RD-JD6-96,exact_or_related,adjacent,78.41040000000028,78.39240000000028,-0.018000000000000682,0.018000000000000682
RD-JD6-97,adjacent,divergent,72.87119999999993,72.86359999999996,-0.007599999999968077,0.007599999999968077
RD-JD6-98,exact_or_related,adjacent,71.1444,71.15280000000003,0.008400000000023056,0.008400000000023056
RD-JD6-99,divergent,exact_or_related,82.29240000000001,82.44400000000005,0.15160000000003038,0.15160000000003038
RD-JD6-100,exact_or_related,adjacent,71.74480000000007,71.79080000000006,0.04599999999999227,0.04599999999999227
UID-JD7-01,adjacent,divergent,64.30919999999983,64.37919999999986,0.0700000000000216,0.0700000000000216
UID-JD7-02,exact_or_related,adjacent,72.75440000000003,72.68079999999999,-0.07360000000004163,0.07360000000004163
UID-JD7-03,exact_or_related,adjacent,72.04959999999994,72.10599999999991,0.05639999999996803,0.05639999999996803
UID-JD7-04,adjacent,divergent,64.15200000000003,64.19800000000004,0.04600000000000648,0.04600000000000648
UID-JD7-05,exact_or_related,adjacent,64.69199999999981,64.70919999999987,0.01720000000005939,0.01720000000005939
UID-JD7-06,adjacent,divergent,76.8367999999997,76.87079999999978,0.03400000000007708,0.03400000000007708
UID-JD7-07,exact_or_related,adjacent,71.99759999999998,72.02160000000005,0.024000000000071964,0.024000000000071964
UID-JD7-08,exact_or_related,adjacent,71.35599999999995,71.47239999999996,0.11640000000001294,0.11640000000001294
UID-JD7-09,exact_or_related,adjacent,83.24320000000029,83.36200000000022,0.11879999999993629,0.11879999999993629
UID-JD7-10,adjacent,divergent,79.19040000000007,79.20200000000007,0.011600000000001387,0.011600000000001387
UID-JD7-11,exact_or_related,adjacent,66.46600000000002,66.5196,0.05359999999997456,0.05359999999997456
UID-JD7-12,exact_or_related,adjacent,75.80920000000009,75.66960000000002,-0.13960000000007255,0.13960000000007255
UID-JD7-13,exact_or_related,adjacent,66.15519999999985,66.21759999999986,0.06240000000001089,0.06240000000001089
UID-JD7-14,divergent,exact_or_related,82.51199999999979,82.55159999999987,0.03960000000007824,0.03960000000007824
UID-JD7-15,exact_or_related,adjacent,59.77199999999995,59.7324,-0.03959999999995034,0.03959999999995034
UID-JD7-16,exact_or_related,adjacent,65.72480000000002,65.68800000000007,-0.036799999999942656,0.036799999999942656
UID-JD7-17,adjacent,divergent,79.2916,79.296,0.004400000000003956,0.004400000000003956
UID-JD7-18,exact_or_related,adjacent,79.79080000000003,79.85879999999997,0.067999999999941,0.067999999999941
UID-JD7-19,exact_or_related,adjacent,85.80880000000005,85.89680000000003,0.08799999999997965,0.08799999999997965
UID-JD7-20,exact_or_related,adjacent,84.88280000000002,84.81760000000003,-0.06519999999999015,0.06519999999999015
UID-JD7-21,exact_or_related,adjacent,65.64320000000001,65.63280000000006,-0.01039999999994734,0.01039999999994734
UID-JD7-22,exact_or_related,adjacent,83.01479999999997,82.7788,-0.23599999999996157,0.23599999999996157
UID-JD7-23,divergent,exact_or_related,72.42800000000001,72.42760000000006,-0.0003999999999564352,0.0003999999999564352
UID-JD7-24,exact_or_related,adjacent,62.482399999999835,62.48439999999987,0.0020000000000379714,0.0020000000000379714
UID-JD7-25,adjacent,divergent,70.71200000000019,70.68720000000017,-0.024800000000013256,0.024800000000013256
UID-JD7-26,exact_or_related,adjacent,64.19879999999996,64.32519999999998,0.12640000000001805,0.12640000000001805
UID-JD7-27,exact_or_related,adjacent,79.11080000000004,79.18160000000005,0.07080000000000553,0.07080000000000553
UID-JD7-28,exact_or_related,adjacent,64.52080000000018,64.53240000000015,0.011599999999972965,0.011599999999972965
UID-JD7-29,exact_or_related,adjacent,69.6155999999999,69.61919999999994,0.0036000000000342425,0.0036000000000342425
UID-JD7-30,exact_or_related,adjacent,84.98879999999998,85.06079999999997,0.07199999999998852,0.07199999999998852
UID-JD7-31,adjacent,divergent,65.81559999999992,65.76399999999992,-0.05159999999999343,0.05159999999999343
UID-JD7-32,exact_or_related,adjacent,61.873199999999976,61.95879999999996,0.08559999999998524,0.08559999999998524
UID-JD7-33,exact_or_related,adjacent,76.93639999999999,76.9288,-0.0075999999999964984,0.0075999999999964984
UID-JD7-34,exact_or_related,adjacent,78.43559999999997,78.32559999999995,-0.11000000000001364,0.11000000000001364
UID-JD7-35,exact_or_related,adjacent,74.62919999999977,74.54319999999981,-0.08599999999995589,0.08599999999995589
UID-JD7-36,exact_or_related,adjacent,70.2887999999998,70.28119999999986,-0.007599999999939655,0.007599999999939655
UID-JD7-37,exact_or_related,adjacent,64.7084000000002,64.74040000000018,0.031999999999982265,0.031999999999982265
UID-JD7-38,exact_or_related,adjacent,74.27080000000011,74.26560000000008,-0.0052000000000305135,0.0052000000000305135
UID-JD7-39,exact_or_related,adjacent,67.52600000000017,67.59600000000009,0.06999999999992212,0.06999999999992212
UID-JD7-40,exact_or_related,adjacent,79.4827999999998,79.67359999999984,0.1908000000000385,0.1908000000000385
UID-JD7-41,adjacent,divergent,88.30240000000025,88.14840000000017,-0.15400000000008163,0.15400000000008163
UID-JD7-42,adjacent,divergent,64.66639999999998,64.5996,-0.06679999999998643,0.06679999999998643
UID-JD7-43,divergent,exact_or_related,80.83999999999972,80.8579999999998,0.018000000000085947,0.018000000000085947
UID-JD7-44,exact_or_related,adjacent,78.52279999999992,78.51119999999993,-0.011599999999987176,0.011599999999987176
UID-JD7-45,exact_or_related,adjacent,71.07559999999998,71.06360000000001,-0.011999999999972033,0.011999999999972033
UID-JD7-46,exact_or_related,adjacent,61.564800000000005,61.58120000000001,0.01640000000000441,0.01640000000000441
UID-JD7-47,exact_or_related,adjacent,66.18679999999978,66.10959999999984,-0.07719999999993377,0.07719999999993377
UID-JD7-48,exact_or_related,adjacent,70.21960000000024,70.09960000000024,-0.12000000000000455,0.12000000000000455
UID-JD7-49,exact_or_related,adjacent,67.30639999999985,67.37439999999984,0.06799999999998363,0.06799999999998363
UID-JD7-50,exact_or_related,adjacent,75.90040000000005,75.90600000000003,0.005599999999986949,0.005599999999986949
UID-JD7-51,adjacent,divergent,69.63359999999993,69.55359999999988,-0.08000000000005514,0.08000000000005514
UID-JD7-52,adjacent,divergent,69.96239999999992,69.95519999999992,-0.007199999999997431,0.007199999999997431
UID-JD7-53,exact_or_related,adjacent,51.903600000000004,51.89119999999998,-0.012400000000027944,0.012400000000027944
UID-JD7-54,exact_or_related,adjacent,83.21000000000008,83.13040000000004,-0.07960000000004186,0.07960000000004186
UID-JD7-55,adjacent,divergent,74.24279999999997,74.37759999999997,0.13479999999999848,0.13479999999999848
UID-JD7-56,exact_or_related,adjacent,87.19800000000032,87.28920000000022,0.09119999999990114,0.09119999999990114
UID-JD7-57,exact_or_related,adjacent,67.08160000000011,67.04040000000003,-0.04120000000007451,0.04120000000007451
UID-JD7-58,exact_or_related,adjacent,66.45200000000001,66.53640000000001,0.08440000000000225,0.08440000000000225
UID-JD7-59,adjacent,divergent,84.87160000000007,84.85760000000005,-0.014000000000024215,0.014000000000024215
UID-JD7-60,adjacent,divergent,77.96240000000002,77.94240000000003,-0.01999999999998181,0.01999999999998181
UID-JD7-61,adjacent,divergent,65.64280000000018,65.61400000000017,-0.028800000000003934,0.028800000000003934
UID-JD7-62,exact_or_related,adjacent,61.9312000000002,61.748400000000196,-0.1828000000000074,0.1828000000000074
UID-JD7-63,adjacent,divergent,65.70480000000023,65.6976000000002,-0.007200000000040063,0.007200000000040063
UID-JD7-64,adjacent,divergent,78.84920000000011,78.88440000000011,0.03520000000000323,0.03520000000000323
UID-JD7-65,adjacent,divergent,65.08240000000013,65.17920000000007,0.09679999999993072,0.09679999999993072
UID-JD7-66,adjacent,divergent,57.427599999999856,57.34879999999986,-0.07879999999999399,0.07879999999999399
UID-JD7-67,exact_or_related,adjacent,68.49440000000001,68.57880000000002,0.08440000000000225,0.08440000000000225
UID-JD7-68,exact_or_related,adjacent,79.63480000000025,79.61040000000025,-0.024399999999999977,0.024399999999999977
UID-JD7-69,exact_or_related,adjacent,79.0888,79.11639999999997,0.027599999999964098,0.027599999999964098
UID-JD7-70,divergent,exact_or_related,67.23799999999991,67.18199999999995,-0.055999999999968963,0.055999999999968963
UID-JD7-71,adjacent,divergent,74.0360000000001,74.05960000000012,0.023600000000016053,0.023600000000016053
UID-JD7-72,exact_or_related,adjacent,72.47760000000007,72.39440000000009,-0.08319999999997663,0.08319999999997663
UID-JD7-73,exact_or_related,adjacent,64.20399999999998,64.09840000000003,-0.10559999999995284,0.10559999999995284
UID-JD7-74,exact_or_related,adjacent,73.2552,73.29119999999993,0.03599999999993031,0.03599999999993031
UID-JD7-75,divergent,exact_or_related,76.50599999999993,76.4992,-0.006799999999927309,0.006799999999927309
UID-JD7-76,divergent,exact_or_related,60.35280000000017,60.34400000000013,-0.00880000000004344,0.00880000000004344
UID-JD7-77,exact_or_related,adjacent,78.11640000000023,78.15360000000018,0.037199999999955935,0.037199999999955935
UID-JD7-78,exact_or_related,adjacent,77.07880000000002,77.11359999999998,0.03479999999996153,0.03479999999996153
UID-JD7-79,exact_or_related,adjacent,62.60879999999998,62.460800000000006,-0.14799999999997482,0.14799999999997482
UID-JD7-80,adjacent,divergent,83.21520000000004,83.18360000000004,-0.03159999999999741,0.03159999999999741
UID-JD7-81,adjacent,divergent,59.62440000000003,59.63560000000003,0.01120000000000232,0.01120000000000232
UID-JD7-82,adjacent,divergent,76.31160000000027,76.29160000000026,-0.020000000000010232,0.020000000000010232
UID-JD7-83,divergent,exact_or_related,79.21560000000001,79.16960000000003,-0.04599999999997806,0.04599999999997806
UID-JD7-84,adjacent,divergent,84.66439999999974,84.57879999999982,-0.0855999999999284,0.0855999999999284
UID-JD7-85,divergent,exact_or_related,67.62079999999999,67.54039999999998,-0.08040000000001157,0.08040000000001157
UID-JD7-86,adjacent,divergent,62.568000000000225,62.542800000000206,-0.02520000000001943,0.02520000000001943
UID-JD7-87,exact_or_related,adjacent,75.80759999999997,75.8279999999999,0.020399999999938245,0.020399999999938245
UID-JD7-88,exact_or_related,adjacent,61.39240000000001,61.493600000000065,0.10120000000005547,0.10120000000005547
UID-JD7-89,adjacent,divergent,69.09800000000018,69.20760000000013,0.10959999999994352,0.10959999999994352
UID-JD7-90,exact_or_related,adjacent,85.09120000000024,85.04360000000018,-0.047600000000059595,0.047600000000059595
UID-JD7-91,adjacent,divergent,70.26480000000025,70.30920000000019,0.044399999999939155,0.044399999999939155
UID-JD7-92,exact_or_related,adjacent,86.86160000000002,86.90159999999997,0.03999999999994941,0.03999999999994941
UID-JD7-93,adjacent,divergent,53.88400000000005,53.925200000000046,0.04119999999999635,0.04119999999999635
UID-JD7-94,exact_or_related,adjacent,77.01520000000002,77.07119999999995,0.05599999999992633,0.05599999999992633
UID-JD7-95,exact_or_related,adjacent,64.70199999999997,64.80319999999995,0.10119999999997731,0.10119999999997731
UID-JD7-96,exact_or_related,adjacent,68.2608000000001,67.74920000000003,-0.5116000000000724,0.5116000000000724
UID-JD7-97,exact_or_related,adjacent,75.19399999999982,75.19279999999985,-0.0011999999999687816,0.0011999999999687816
UID-JD7-98,exact_or_related,adjacent,63.609600000000015,63.62720000000003,0.017600000000015825,0.017600000000015825
UID-JD7-99,exact_or_related,adjacent,63.87480000000004,64.00040000000007,0.12560000000002702,0.12560000000002702
UID-JD7-100,exact_or_related,adjacent,59.16840000000017,59.18880000000016,0.020399999999987983,0.020399999999987983
BE-JD8-01,adjacent,divergent,76.60200000000007,76.67560000000005,0.07359999999997058,0.07359999999997058
BE-JD8-02,exact_or_related,adjacent,61.46160000000001,61.33680000000001,-0.12480000000000047,0.12480000000000047
BE-JD8-03,exact_or_related,adjacent,61.43559999999982,61.343199999999854,-0.0923999999999694,0.0923999999999694
BE-JD8-04,exact_or_related,adjacent,60.37359999999987,60.35079999999993,-0.022799999999939757,0.022799999999939757
BE-JD8-05,exact_or_related,adjacent,76.66999999999976,76.69119999999985,0.0212000000000927,0.0212000000000927
BE-JD8-06,exact_or_related,adjacent,65.82159999999995,65.81080000000001,-0.010799999999932197,0.010799999999932197
BE-JD8-07,exact_or_related,adjacent,58.94759999999993,59.04439999999995,0.09680000000002309,0.09680000000002309
BE-JD8-08,exact_or_related,adjacent,58.63360000000009,58.501200000000104,-0.13239999999998275,0.13239999999998275
BE-JD8-09,adjacent,divergent,75.1599999999998,75.19759999999975,0.037599999999955,0.037599999999955
BE-JD8-10,divergent,exact_or_related,72.92039999999996,72.90919999999996,-0.01120000000000232,0.01120000000000232
BE-JD8-11,adjacent,divergent,68.00439999999996,68.05319999999995,0.048799999999985744,0.048799999999985744
BE-JD8-12,adjacent,divergent,67.09639999999985,67.09839999999991,0.002000000000066393,0.002000000000066393
BE-JD8-13,adjacent,divergent,66.57080000000018,66.49040000000011,-0.08040000000006842,0.08040000000006842
BE-JD8-14,divergent,exact_or_related,74.82720000000009,74.79520000000005,-0.03200000000003911,0.03200000000003911
BE-JD8-15,divergent,exact_or_related,82.05679999999994,81.99599999999992,-0.06080000000001462,0.06080000000001462
BE-JD8-16,exact_or_related,adjacent,75.34880000000001,75.30920000000003,-0.03959999999997876,0.03959999999997876
BE-JD8-17,exact_or_related,adjacent,76.83960000000003,76.81960000000005,-0.01999999999998181,0.01999999999998181
BE-JD8-18,exact_or_related,adjacent,89.45960000000014,89.35760000000003,-0.10200000000010334,0.10200000000010334
BE-JD8-19,exact_or_related,adjacent,74.65720000000002,74.78320000000001,0.12599999999999056,0.12599999999999056
BE-JD8-20,exact_or_related,adjacent,71.39880000000021,71.36520000000017,-0.03360000000003538,0.03360000000003538
BE-JD8-21,adjacent,divergent,62.44480000000004,62.53680000000007,0.09200000000002717,0.09200000000002717
BE-JD8-22,exact_or_related,adjacent,84.78119999999998,84.54999999999998,-0.23120000000000118,0.23120000000000118
BE-JD8-23,exact_or_related,adjacent,66.15000000000019,66.17880000000014,0.02879999999994709,0.02879999999994709
BE-JD8-24,exact_or_related,adjacent,76.7987999999997,76.7427999999997,-0.055999999999997385,0.055999999999997385
BE-JD8-25,adjacent,divergent,79.22120000000001,79.2532,0.031999999999996476,0.031999999999996476
BE-JD8-26,adjacent,divergent,64.8611999999999,65.05719999999991,0.19600000000001216,0.19600000000001216
BE-JD8-27,adjacent,divergent,77.17479999999976,77.1779999999998,0.0032000000000351747,0.0032000000000351747
BE-JD8-28,exact_or_related,adjacent,69.77359999999982,69.74279999999993,-0.030799999999885586,0.030799999999885586
BE-JD8-29,adjacent,divergent,71.71399999999996,71.74839999999995,0.03439999999999088,0.03439999999999088
BE-JD8-30,exact_or_related,adjacent,64.70560000000016,64.73680000000014,0.03119999999998413,0.03119999999998413
BE-JD8-31,exact_or_related,adjacent,69.7308,69.69360000000002,-0.03719999999998436,0.03719999999998436
BE-JD8-32,exact_or_related,adjacent,62.0032,61.879200000000026,-0.12399999999997391,0.12399999999997391
BE-JD8-33,exact_or_related,adjacent,83.50519999999979,83.22199999999984,-0.28319999999995105,0.28319999999995105
BE-JD8-34,exact_or_related,adjacent,65.35560000000005,65.38080000000004,0.025199999999983902,0.025199999999983902
BE-JD8-35,exact_or_related,adjacent,61.809999999999754,61.89159999999977,0.08160000000001588,0.08160000000001588
BE-JD8-36,divergent,exact_or_related,83.78479999999972,83.73239999999993,-0.05239999999979261,0.05239999999979261
BE-JD8-37,exact_or_related,adjacent,65.30279999999996,65.34399999999995,0.041199999999989245,0.041199999999989245
BE-JD8-38,exact_or_related,adjacent,74.53000000000002,74.41280000000009,-0.11719999999992581,0.11719999999992581
BE-JD8-39,exact_or_related,adjacent,66.74160000000012,66.8288000000001,0.08719999999998151,0.08719999999998151
BE-JD8-40,adjacent,divergent,70.92960000000018,70.90160000000019,-0.027999999999991587,0.027999999999991587
BE-JD8-41,adjacent,divergent,73.83359999999999,73.81679999999996,-0.0168000000000319,0.0168000000000319
BE-JD8-42,exact_or_related,adjacent,76.44040000000003,76.36799999999998,-0.07240000000004443,0.07240000000004443
BE-JD8-43,exact_or_related,adjacent,82.8223999999997,82.65999999999976,-0.16239999999994836,0.16239999999994836
BE-JD8-44,adjacent,divergent,84.19599999999993,84.08639999999997,-0.10959999999995773,0.10959999999995773
BE-JD8-45,exact_or_related,adjacent,64.1164000000002,64.12600000000018,0.009599999999977626,0.009599999999977626
BE-JD8-46,exact_or_related,adjacent,63.80600000000005,63.76720000000004,-0.03880000000000905,0.03880000000000905
BE-JD8-47,exact_or_related,adjacent,68.06840000000012,68.05840000000008,-0.010000000000047748,0.010000000000047748
BE-JD8-48,exact_or_related,adjacent,73.35880000000004,73.37559999999998,0.016799999999932425,0.016799999999932425
BE-JD8-49,exact_or_related,adjacent,68.98839999999979,68.97119999999983,-0.017199999999959914,0.017199999999959914
BE-JD8-50,divergent,exact_or_related,66.2119999999998,66.20599999999982,-0.0059999999999860165,0.0059999999999860165
BE-JD8-51,exact_or_related,adjacent,76.20080000000024,76.21520000000012,0.014399999999881175,0.014399999999881175
BE-JD8-52,adjacent,divergent,88.6947999999999,88.56399999999995,-0.13079999999995096,0.13079999999995096
BE-JD8-53,adjacent,divergent,81.45560000000008,81.43160000000005,-0.02400000000002933,0.02400000000002933
BE-JD8-54,exact_or_related,adjacent,69.77679999999991,69.69359999999993,-0.08319999999997663,0.08319999999997663
BE-JD8-55,divergent,exact_or_related,70.51360000000012,70.52400000000011,0.010399999999989973,0.010399999999989973
BE-JD8-56,adjacent,divergent,73.77319999999978,73.72479999999982,-0.048399999999958254,0.048399999999958254
BE-JD8-57,adjacent,divergent,69.76960000000001,69.84640000000002,0.07680000000000575,0.07680000000000575
BE-JD8-58,exact_or_related,adjacent,67.25720000000014,67.31080000000013,0.05359999999998877,0.05359999999998877
BE-JD8-59,exact_or_related,adjacent,66.22720000000014,66.28600000000007,0.058799999999934016,0.058799999999934016
BE-JD8-60,adjacent,divergent,71.66439999999987,71.5503999999999,-0.1139999999999759,0.1139999999999759
BE-JD8-61,exact_or_related,adjacent,75.95159999999993,75.96119999999998,0.00960000000004868,0.00960000000004868
BE-JD8-62,exact_or_related,adjacent,70.3627999999999,70.3419999999999,-0.020799999999994156,0.020799999999994156
BE-JD8-63,exact_or_related,adjacent,71.22199999999985,71.24119999999989,0.019200000000040518,0.019200000000040518
BE-JD8-64,exact_or_related,adjacent,64.71879999999986,64.69319999999988,-0.02559999999998297,0.02559999999998297
BE-JD8-65,divergent,exact_or_related,80.55440000000002,80.52400000000006,-0.030399999999957572,0.030399999999957572
BE-JD8-66,adjacent,divergent,71.42879999999995,71.41159999999992,-0.01720000000003097,0.01720000000003097
BE-JD8-67,adjacent,divergent,84.35159999999996,84.34319999999998,-0.008399999999980423,0.008399999999980423
BE-JD8-68,adjacent,divergent,70.56400000000014,70.61040000000011,0.046399999999977126,0.046399999999977126
BE-JD8-69,exact_or_related,adjacent,76.218,76.14159999999997,-0.0764000000000351,0.0764000000000351
BE-JD8-70,adjacent,divergent,62.06080000000015,62.08880000000013,0.027999999999977376,0.027999999999977376
BE-JD8-71,exact_or_related,adjacent,61.75880000000001,61.83920000000006,0.0804000000000542,0.0804000000000542
BE-JD8-72,exact_or_related,adjacent,67.06640000000004,67.04000000000003,-0.026400000000009527,0.026400000000009527
BE-JD8-73,adjacent,divergent,68.4812,68.49079999999996,0.009599999999963416,0.009599999999963416
BE-JD8-74,exact_or_related,adjacent,74.6340000000002,74.54600000000013,-0.08800000000006492,0.08800000000006492
BE-JD8-75,adjacent,divergent,77.94360000000006,77.94120000000004,-0.0024000000000228283,0.0024000000000228283
BE-JD8-76,adjacent,divergent,67.21359999999981,67.10599999999981,-0.10760000000000502,0.10760000000000502
BE-JD8-77,divergent,exact_or_related,63.59920000000016,63.73840000000012,0.1391999999999598,0.1391999999999598
BE-JD8-78,exact_or_related,adjacent,76.45959999999978,76.41879999999975,-0.04080000000003281,0.04080000000003281
BE-JD8-79,adjacent,divergent,77.27440000000023,77.26520000000009,-0.009200000000134878,0.009200000000134878
BE-JD8-80,exact_or_related,adjacent,77.35280000000026,77.4120000000002,0.059199999999947295,0.059199999999947295
BE-JD8-81,exact_or_related,adjacent,88.85239999999973,88.74999999999977,-0.1023999999999603,0.1023999999999603
BE-JD8-82,exact_or_related,adjacent,71.46839999999992,71.39559999999994,-0.07279999999997244,0.07279999999997244
BE-JD8-83,divergent,exact_or_related,78.6696,78.66480000000003,-0.004799999999974602,0.004799999999974602
BE-JD8-84,exact_or_related,adjacent,76.04920000000003,75.99320000000003,-0.055999999999997385,0.055999999999997385
BE-JD8-85,exact_or_related,adjacent,63.469599999999865,63.5303999999999,0.060800000000035936,0.060800000000035936
BE-JD8-86,exact_or_related,adjacent,72.92479999999996,72.98839999999998,0.0636000000000223,0.0636000000000223
BE-JD8-87,exact_or_related,adjacent,85.35160000000025,85.31840000000018,-0.03320000000006473,0.03320000000006473
BE-JD8-88,exact_or_related,adjacent,65.04440000000021,65.19360000000015,0.1491999999999365,0.1491999999999365
BE-JD8-89,exact_or_related,adjacent,66.81560000000023,66.86560000000017,0.049999999999940314,0.049999999999940314
BE-JD8-90,exact_or_related,adjacent,67.31159999999997,67.31359999999998,0.0020000000000095497,0.0020000000000095497
BE-JD8-91,adjacent,divergent,68.62160000000023,68.72080000000017,0.09919999999993934,0.09919999999993934
BE-JD8-92,exact_or_related,adjacent,72.9204000000002,72.84400000000002,-0.07640000000017722,0.07640000000017722
BE-JD8-93,exact_or_related,adjacent,77.87480000000001,77.80279999999996,-0.07200000000004536,0.07200000000004536
BE-JD8-94,exact_or_related,adjacent,62.23839999999988,62.100399999999965,-0.13799999999991286,0.13799999999991286
BE-JD8-95,exact_or_related,adjacent,82.922,82.98039999999996,0.05839999999996337,0.05839999999996337
BE-JD8-96,exact_or_related,adjacent,72.61440000000013,72.6256000000001,0.011199999999973898,0.011199999999973898
BE-JD8-97,exact_or_related,adjacent,66.31800000000015,66.33200000000018,0.014000000000024215,0.014000000000024215
BE-JD8-98,adjacent,divergent,63.395999999999844,63.44159999999989,0.04560000000004294,0.04560000000004294
BE-JD8-99,divergent,exact_or_related,69.14000000000023,69.27800000000018,0.1379999999999484,0.1379999999999484
BE-JD8-100,divergent,exact_or_related,67.73319999999978,67.83879999999982,0.10560000000003811,0.10560000000003811
APD-JD9-01,divergent,exact_or_related,72.34279999999993,72.23719999999986,-0.10560000000006653,0.10560000000006653
APD-JD9-02,exact_or_related,adjacent,79.14400000000022,79.09120000000021,-0.05280000000000484,0.05280000000000484
APD-JD9-03,adjacent,divergent,65.44400000000002,65.27800000000003,-0.1659999999999826,0.1659999999999826
APD-JD9-04,exact_or_related,adjacent,71.11440000000023,71.12280000000023,0.008399999999994634,0.008399999999994634
APD-JD9-05,divergent,exact_or_related,76.28839999999995,76.32279999999994,0.03439999999999088,0.03439999999999088
APD-JD9-06,exact_or_related,adjacent,71.02639999999978,71.19439999999982,0.1680000000000348,0.1680000000000348
APD-JD9-07,exact_or_related,adjacent,72.09440000000002,72.12920000000008,0.034800000000061004,0.034800000000061004
APD-JD9-08,adjacent,divergent,66.04400000000003,66.06160000000006,0.017600000000030036,0.017600000000030036
APD-JD9-09,exact_or_related,adjacent,63.04720000000017,63.03840000000014,-0.008800000000029229,0.008800000000029229
APD-JD9-10,exact_or_related,adjacent,84.50879999999998,84.41039999999998,-0.09839999999999804,0.09839999999999804
APD-JD9-11,exact_or_related,adjacent,65.73279999999991,65.74719999999994,0.014400000000023283,0.014400000000023283
APD-JD9-12,adjacent,divergent,63.0412,63.01160000000005,-0.02959999999995233,0.02959999999995233
APD-JD9-13,exact_or_related,adjacent,80.30720000000024,80.37360000000022,0.06639999999998736,0.06639999999998736
APD-JD9-14,adjacent,divergent,80.03760000000004,79.91320000000002,-0.12440000000002271,0.12440000000002271
APD-JD9-15,adjacent,divergent,65.41880000000019,65.50560000000017,0.08679999999998245,0.08679999999998245
APD-JD9-16,adjacent,divergent,72.0572,72.05680000000001,-0.0003999999999848569,0.0003999999999848569
APD-JD9-17,exact_or_related,adjacent,78.70359999999995,78.73959999999994,0.03599999999998715,0.03599999999998715
APD-JD9-18,exact_or_related,adjacent,68.67560000000014,68.45000000000007,-0.22560000000007108,0.22560000000007108
APD-JD9-19,adjacent,divergent,60.1688000000001,60.08640000000003,-0.08240000000006376,0.08240000000006376
APD-JD9-20,adjacent,divergent,68.76159999999999,68.80959999999999,0.04800000000000182,0.04800000000000182
APD-JD9-21,exact_or_related,adjacent,81.83879999999972,81.87719999999976,0.0384000000000384,0.0384000000000384
APD-JD9-22,exact_or_related,adjacent,56.680400000000155,56.68360000000013,0.0031999999999783313,0.0031999999999783313
APD-JD9-23,exact_or_related,adjacent,75.65159999999995,75.65999999999994,0.008399999999994634,0.008399999999994634
APD-JD9-24,exact_or_related,adjacent,65.28119999999998,65.2904,0.009200000000021191,0.009200000000021191
APD-JD9-25,exact_or_related,adjacent,69.08559999999991,68.80519999999994,-0.2803999999999718,0.2803999999999718
APD-JD9-26,exact_or_related,adjacent,55.41040000000003,55.532400000000024,0.12199999999999278,0.12199999999999278
APD-JD9-27,adjacent,divergent,64.20080000000019,64.20920000000014,0.008399999999952001,0.008399999999952001
APD-JD9-28,adjacent,divergent,76.4268,76.45360000000002,0.026800000000022806,0.026800000000022806
APD-JD9-29,exact_or_related,adjacent,87.20359999999971,87.18959999999971,-0.013999999999995794,0.013999999999995794
APD-JD9-30,adjacent,divergent,72.69279999999999,72.65119999999996,-0.041600000000030946,0.041600000000030946
APD-JD9-31,adjacent,divergent,71.41160000000008,71.33120000000001,-0.08040000000006842,0.08040000000006842
APD-JD9-32,adjacent,divergent,77.68,77.7012,0.021199999999993224,0.021199999999993224
APD-JD9-33,exact_or_related,adjacent,55.81480000000015,55.82240000000012,0.007599999999975182,0.007599999999975182
APD-JD9-34,divergent,exact_or_related,75.06480000000023,75.00000000000014,-0.06480000000009056,0.06480000000009056
APD-JD9-35,adjacent,divergent,59.38320000000003,59.22680000000006,-0.15639999999996945,0.15639999999996945
APD-JD9-36,exact_or_related,adjacent,68.97239999999991,69.01479999999994,0.04240000000002908,0.04240000000002908
APD-JD9-37,exact_or_related,adjacent,80.11160000000005,80.13280000000003,0.021199999999979013,0.021199999999979013
APD-JD9-38,exact_or_related,adjacent,76.5096,76.46119999999999,-0.0484000000000151,0.0484000000000151
APD-JD9-39,exact_or_related,adjacent,64.97439999999997,64.98479999999998,0.010400000000004184,0.010400000000004184
APD-JD9-40,exact_or_related,adjacent,76.22080000000003,76.2448,0.023999999999972488,0.023999999999972488
APD-JD9-41,divergent,exact_or_related,66.95640000000012,66.82680000000006,-0.12960000000005323,0.12960000000005323
APD-JD9-42,adjacent,divergent,80.91440000000007,80.88480000000006,-0.02960000000001628,0.02960000000001628
APD-JD9-43,adjacent,divergent,59.620800000000195,59.71800000000018,0.09719999999998663,0.09719999999998663
APD-JD9-44,exact_or_related,adjacent,54.67040000000009,54.767600000000066,0.09719999999997242,0.09719999999997242
APD-JD9-45,exact_or_related,adjacent,68.73359999999985,68.66679999999991,-0.0667999999999438,0.0667999999999438
APD-JD9-46,exact_or_related,adjacent,74.91919999999975,74.95039999999976,0.03120000000001255,0.03120000000001255
APD-JD9-47,exact_or_related,adjacent,63.179200000000236,63.21440000000021,0.03519999999997481,0.03519999999997481
APD-JD9-48,divergent,exact_or_related,80.61679999999997,80.48439999999998,-0.13239999999998986,0.13239999999998986
APD-JD9-49,divergent,exact_or_related,68.13640000000021,68.1164000000002,-0.020000000000010232,0.020000000000010232
APD-JD9-50,exact_or_related,adjacent,88.30479999999993,88.29359999999991,-0.01120000000001653,0.01120000000001653
APD-JD9-51,divergent,exact_or_related,68.60879999999983,68.60999999999991,0.0012000000000824684,0.0012000000000824684
APD-JD9-52,exact_or_related,adjacent,77.49839999999992,77.42919999999994,-0.06919999999998083,0.06919999999998083
APD-JD9-53,adjacent,divergent,70.0847999999999,70.08719999999988,0.0023999999999801958,0.0023999999999801958
APD-JD9-54,divergent,exact_or_related,79.09920000000004,79.04520000000004,-0.054000000000002046,0.054000000000002046
APD-JD9-55,adjacent,divergent,65.29159999999982,65.44079999999988,0.1492000000000644,0.1492000000000644
APD-JD9-56,adjacent,divergent,69.22000000000004,69.23280000000003,0.01279999999998438,0.01279999999998438
APD-JD9-57,adjacent,divergent,72.19240000000019,72.24320000000012,0.05079999999992424,0.05079999999992424
APD-JD9-58,exact_or_related,adjacent,83.34759999999986,83.25399999999992,-0.09359999999993818,0.09359999999993818
APD-JD9-59,adjacent,divergent,71.88919999999978,71.81839999999983,-0.07079999999994868,0.07079999999994868
APD-JD9-60,adjacent,divergent,82.42000000000009,82.48160000000006,0.06159999999997012,0.06159999999997012
APD-JD9-61,adjacent,divergent,81.25320000000026,81.29400000000021,0.040799999999947545,0.040799999999947545
APD-JD9-62,adjacent,divergent,69.77480000000003,69.7332,-0.041600000000030946,0.041600000000030946
APD-JD9-63,adjacent,divergent,83.99239999999995,83.94439999999994,-0.04800000000000182,0.04800000000000182
APD-JD9-64,exact_or_related,adjacent,66.70160000000018,66.69760000000014,-0.004000000000047521,0.004000000000047521
APD-JD9-65,divergent,exact_or_related,56.11079999999981,56.04199999999984,-0.06879999999997466,0.06879999999997466
APD-JD9-66,adjacent,divergent,65.05880000000012,65.2124,0.1535999999998836,0.1535999999998836
APD-JD9-67,exact_or_related,adjacent,62.905599999999964,62.95519999999993,0.04959999999996256,0.04959999999996256
APD-JD9-68,adjacent,divergent,79.27920000000027,79.27640000000022,-0.002800000000050318,0.002800000000050318
APD-JD9-69,exact_or_related,adjacent,87.49680000000018,87.48040000000012,-0.016400000000061254,0.016400000000061254
APD-JD9-70,exact_or_related,adjacent,78.04839999999975,78.01399999999981,-0.03439999999993404,0.03439999999993404
APD-JD9-71,exact_or_related,adjacent,64.95600000000003,64.97320000000005,0.017200000000016757,0.017200000000016757
APD-JD9-72,adjacent,divergent,72.52000000000008,72.74160000000006,0.22159999999998092,0.22159999999998092
APD-JD9-73,exact_or_related,adjacent,55.424800000000026,55.54080000000002,0.11599999999999255,0.11599999999999255
APD-JD9-74,divergent,exact_or_related,79.31120000000004,79.27880000000003,-0.032400000000009754,0.032400000000009754
APD-JD9-75,exact_or_related,adjacent,68.72120000000001,68.7280000000001,0.006800000000083628,0.006800000000083628
APD-JD9-76,divergent,exact_or_related,70.73239999999979,70.74919999999985,0.016800000000060322,0.016800000000060322
APD-JD9-77,exact_or_related,adjacent,68.1663999999998,68.14199999999981,-0.024399999999985766,0.024399999999985766
APD-JD9-78,divergent,exact_or_related,86.99359999999993,86.94960000000005,-0.043999999999883244,0.043999999999883244
APD-JD9-79,divergent,exact_or_related,82.40679999999968,82.41439999999976,0.007600000000081764,0.007600000000081764
APD-JD9-80,adjacent,divergent,73.04799999999997,73.05680000000001,0.008800000000036334,0.008800000000036334
APD-JD9-81,exact_or_related,adjacent,72.94359999999998,72.93439999999998,-0.00919999999999277,0.00919999999999277
APD-JD9-82,exact_or_related,adjacent,52.05880000000011,52.083200000000076,0.02439999999996445,0.02439999999996445
APD-JD9-83,exact_or_related,adjacent,72.73519999999998,72.71239999999993,-0.02280000000004634,0.02280000000004634
APD-JD9-84,exact_or_related,adjacent,73.46000000000005,73.52600000000002,0.06599999999997408,0.06599999999997408
APD-JD9-85,adjacent,divergent,67.67920000000022,67.6784000000002,-0.0008000000000265572,0.0008000000000265572
APD-JD9-86,exact_or_related,adjacent,69.86319999999982,69.85399999999986,-0.009199999999964348,0.009199999999964348
APD-JD9-87,adjacent,divergent,71.26040000000023,71.27960000000019,0.019199999999955253,0.019199999999955253
APD-JD9-88,divergent,exact_or_related,80.92160000000007,80.87200000000011,-0.04959999999995546,0.04959999999995546
APD-JD9-89,divergent,exact_or_related,66.98799999999983,66.89759999999983,-0.09040000000000248,0.09040000000000248
APD-JD9-90,exact_or_related,adjacent,84.56839999999994,84.65959999999993,0.0911999999999864,0.0911999999999864
APD-JD9-91,exact_or_related,adjacent,87.41679999999968,87.39159999999971,-0.02519999999996969,0.02519999999996969
APD-JD9-92,exact_or_related,adjacent,84.39439999999986,84.49959999999992,0.10520000000005325,0.10520000000005325
APD-JD9-93,divergent,exact_or_related,65.35159999999999,65.19120000000002,-0.16039999999996724,0.16039999999996724
APD-JD9-94,adjacent,divergent,84.69960000000009,84.69280000000008,-0.006800000000012574,0.006800000000012574
APD-JD9-95,divergent,exact_or_related,62.218800000000186,62.28800000000006,0.06919999999987425,0.06919999999987425
APD-JD9-96,exact_or_related,adjacent,79.26800000000021,79.47960000000013,0.21159999999991896,0.21159999999991896
APD-JD9-97,divergent,exact_or_related,66.59879999999998,66.58599999999998,-0.01279999999999859,0.01279999999999859
APD-JD9-98,divergent,exact_or_related,61.45360000000002,61.590000000000074,0.1364000000000516,0.1364000000000516
APD-JD9-99,exact_or_related,adjacent,62.487200000000016,62.31800000000004,-0.16919999999997515,0.16919999999997515
APD-JD9-100,exact_or_related,adjacent,79.70280000000028,79.7184000000002,0.01559999999992101,0.01559999999992101
SSD-JD10-01,adjacent,divergent,74.98399999999997,74.9239999999999,-0.06000000000007333,0.06000000000007333
SSD-JD10-02,exact_or_related,adjacent,72.546,72.5444,-0.001600000000010482,0.001600000000010482
SSD-JD10-03,exact_or_related,adjacent,67.79119999999988,67.81559999999993,0.02440000000005682,0.02440000000005682
SSD-JD10-04,divergent,exact_or_related,67.34360000000021,67.26320000000013,-0.08040000000008263,0.08040000000008263
SSD-JD10-05,adjacent,divergent,66.56039999999987,66.62479999999994,0.06440000000006307,0.06440000000006307
SSD-JD10-06,adjacent,divergent,76.2368000000002,76.23520000000016,-0.0016000000000389036,0.0016000000000389036
SSD-JD10-07,exact_or_related,adjacent,60.33479999999994,60.3328,-0.0019999999999384954,0.0019999999999384954
SSD-JD10-08,exact_or_related,adjacent,63.88959999999999,63.97239999999999,0.08280000000000598,0.08280000000000598
SSD-JD10-09,divergent,exact_or_related,75.05840000000022,74.89720000000014,-0.16120000000007906,0.16120000000007906
SSD-JD10-10,exact_or_related,adjacent,69.77840000000003,69.86480000000003,0.08639999999999759,0.08639999999999759
SSD-JD10-11,exact_or_related,adjacent,76.33199999999998,76.29560000000002,-0.0363999999999578,0.0363999999999578
SSD-JD10-12,divergent,exact_or_related,72.80080000000012,72.97159999999997,0.17079999999984352,0.17079999999984352
SSD-JD10-13,exact_or_related,adjacent,75.1279999999998,75.16839999999986,0.040400000000062164,0.040400000000062164
SSD-JD10-14,exact_or_related,adjacent,73.18560000000022,73.1488000000002,-0.03680000000002792,0.03680000000002792
SSD-JD10-15,adjacent,divergent,82.11000000000006,82.20360000000005,0.09359999999999502,0.09359999999999502
SSD-JD10-16,exact_or_related,adjacent,68.68960000000003,68.69800000000004,0.008400000000008845,0.008400000000008845
SSD-JD10-17,exact_or_related,adjacent,80.91680000000018,80.94440000000017,0.02759999999999252,0.02759999999999252
SSD-JD10-18,exact_or_related,adjacent,84.75159999999995,84.83679999999997,0.0852000000000146,0.0852000000000146
SSD-JD10-19,exact_or_related,adjacent,66.68999999999977,66.52439999999984,-0.1655999999999267,0.1655999999999267
SSD-JD10-20,exact_or_related,adjacent,71.58360000000022,71.5808000000002,-0.002800000000021896,0.002800000000021896
SSD-JD10-21,exact_or_related,adjacent,71.66879999999989,71.68759999999992,0.01880000000002724,0.01880000000002724
SSD-JD10-22,divergent,exact_or_related,83.40239999999993,83.3652,-0.03719999999992751,0.03719999999992751
SSD-JD10-23,adjacent,divergent,59.15959999999999,59.14600000000001,-0.013599999999982515,0.013599999999982515
SSD-JD10-24,exact_or_related,adjacent,64.32960000000006,64.33680000000007,0.0072000000000116415,0.0072000000000116415
SSD-JD10-25,adjacent,divergent,82.55039999999971,82.56239999999973,0.012000000000014666,0.012000000000014666
SSD-JD10-26,adjacent,divergent,70.48799999999989,70.42159999999988,-0.06640000000000157,0.06640000000000157
SSD-JD10-27,exact_or_related,adjacent,80.04840000000026,80.10040000000025,0.0519999999999925,0.0519999999999925
SSD-JD10-28,exact_or_related,adjacent,73.20919999999983,73.28079999999984,0.07160000000001787,0.07160000000001787
SSD-JD10-29,exact_or_related,adjacent,78.52920000000009,78.63120000000006,0.10199999999997544,0.10199999999997544
SSD-JD10-30,exact_or_related,adjacent,70.86240000000004,70.84640000000005,-0.015999999999991132,0.015999999999991132
SSD-JD10-31,adjacent,divergent,56.89759999999991,56.77159999999987,-0.1260000000000403,0.1260000000000403
SSD-JD10-32,divergent,exact_or_related,69.64119999999984,69.59599999999988,-0.04519999999996571,0.04519999999996571
SSD-JD10-33,exact_or_related,adjacent,66.09479999999992,66.12960000000005,0.03480000000013206,0.03480000000013206
SSD-JD10-34,exact_or_related,adjacent,85.48400000000014,85.48480000000013,0.0007999999999981355,0.0007999999999981355
SSD-JD10-35,exact_or_related,adjacent,61.600400000000235,61.55080000000017,-0.04960000000006204,0.04960000000006204
SSD-JD10-36,exact_or_related,adjacent,75.07,74.96119999999998,-0.10880000000001644,0.10880000000001644
SSD-JD10-37,exact_or_related,adjacent,74.36040000000007,74.28600000000006,-0.07440000000001135,0.07440000000001135
SSD-JD10-38,exact_or_related,adjacent,70.55159999999994,70.58839999999995,0.03680000000001371,0.03680000000001371
SSD-JD10-39,exact_or_related,adjacent,70.9976000000002,70.95800000000018,-0.039600000000021396,0.039600000000021396
SSD-JD10-40,adjacent,divergent,65.35520000000002,65.34839999999998,-0.0068000000000409955,0.0068000000000409955
SSD-JD10-41,exact_or_related,adjacent,89.3935999999999,89.24519999999984,-0.14840000000006626,0.14840000000006626
SSD-JD10-42,exact_or_related,adjacent,59.57520000000016,59.382400000000125,-0.19280000000003383,0.19280000000003383
SSD-JD10-43,divergent,exact_or_related,58.80119999999995,58.85959999999998,0.05840000000002732,0.05840000000002732
SSD-JD10-44,adjacent,divergent,68.03920000000026,68.0600000000002,0.020799999999937313,0.020799999999937313
SSD-JD10-45,exact_or_related,adjacent,68.26879999999994,68.26439999999995,-0.0043999999999897454,0.0043999999999897454
SSD-JD10-46,exact_or_related,adjacent,71.2292000000001,71.2504000000001,0.021199999999993224,0.021199999999993224
SSD-JD10-47,exact_or_related,adjacent,72.1279999999999,72.11999999999992,-0.007999999999981355,0.007999999999981355
SSD-JD10-48,exact_or_related,adjacent,74.46600000000001,74.38600000000005,-0.07999999999995566,0.07999999999995566
SSD-JD10-49,exact_or_related,adjacent,78.32280000000002,78.43039999999999,0.1075999999999766,0.1075999999999766
SSD-JD10-50,adjacent,divergent,72.98080000000006,73.16320000000006,0.18240000000000123,0.18240000000000123
SSD-JD10-51,divergent,exact_or_related,75.80999999999982,75.8171999999999,0.007200000000082696,0.007200000000082696
SSD-JD10-52,exact_or_related,adjacent,81.35679999999999,81.38279999999999,0.02599999999999625,0.02599999999999625
SSD-JD10-53,adjacent,divergent,77.12559999999998,77.20119999999996,0.07559999999998013,0.07559999999998013
SSD-JD10-54,exact_or_related,adjacent,76.29199999999992,76.2459999999999,-0.04600000000002069,0.04600000000002069
SSD-JD10-55,exact_or_related,adjacent,74.51400000000025,74.56960000000016,0.05559999999991305,0.05559999999991305
SSD-JD10-56,exact_or_related,adjacent,68.95199999999994,68.55159999999997,-0.40039999999997633,0.40039999999997633
SSD-JD10-57,exact_or_related,adjacent,82.21000000000001,82.40040000000002,0.190400000000011,0.190400000000011
SSD-JD10-58,exact_or_related,adjacent,70.89319999999994,70.9504,0.05720000000006564,0.05720000000006564
SSD-JD10-59,divergent,exact_or_related,69.5896000000002,69.57280000000016,-0.01680000000004611,0.01680000000004611
SSD-JD10-60,exact_or_related,adjacent,73.79199999999997,73.79079999999992,-0.0012000000000540467,0.0012000000000540467
SSD-JD10-61,adjacent,divergent,65.47199999999998,65.54879999999999,0.07680000000000575,0.07680000000000575
SSD-JD10-62,exact_or_related,adjacent,81.6368,81.58719999999998,-0.0496000000000123,0.0496000000000123
SSD-JD10-63,exact_or_related,adjacent,82.11600000000003,81.92000000000006,-0.19599999999996953,0.19599999999996953
SSD-JD10-64,exact_or_related,adjacent,69.66040000000024,69.6304000000002,-0.03000000000004377,0.03000000000004377
SSD-JD10-65,divergent,exact_or_related,77.91479999999996,77.90119999999992,-0.013600000000039358,0.013600000000039358
SSD-JD10-66,adjacent,divergent,67.42919999999995,67.502,0.0728000000000435,0.0728000000000435
SSD-JD10-67,divergent,exact_or_related,65.68719999999985,65.69999999999993,0.012800000000083855,0.012800000000083855
SSD-JD10-68,exact_or_related,adjacent,68.80080000000008,68.81280000000005,0.011999999999972033,0.011999999999972033
SSD-JD10-69,adjacent,divergent,69.09799999999981,69.27199999999984,0.1740000000000208,0.1740000000000208
SSD-JD10-70,exact_or_related,adjacent,71.92119999999986,71.93039999999989,0.009200000000035402,0.009200000000035402
SSD-JD10-71,exact_or_related,adjacent,70.41639999999985,70.3511999999999,-0.06519999999994752,0.06519999999994752
SSD-JD10-72,divergent,exact_or_related,69.16440000000026,69.14960000000013,-0.014800000000121827,0.014800000000121827
SSD-JD10-73,exact_or_related,adjacent,54.69679999999987,54.58879999999987,-0.10799999999999699,0.10799999999999699
SSD-JD10-74,divergent,exact_or_related,79.37599999999998,79.3296,-0.046399999999977126,0.046399999999977126
SSD-JD10-75,exact_or_related,adjacent,78.756,78.74560000000002,-0.010399999999975762,0.010399999999975762
SSD-JD10-76,exact_or_related,adjacent,76.3332000000001,76.3360000000001,0.0027999999999934744,0.0027999999999934744
SSD-JD10-77,adjacent,divergent,68.93439999999993,68.78719999999986,-0.14720000000006905,0.14720000000006905
SSD-JD10-78,exact_or_related,adjacent,64.97680000000003,64.9788,0.001999999999981128,0.001999999999981128
SSD-JD10-79,exact_or_related,adjacent,56.10279999999983,56.19719999999983,0.09440000000000026,0.09440000000000026
SSD-JD10-80,exact_or_related,adjacent,85.40319999999997,85.1668,-0.23639999999997485,0.23639999999997485
SSD-JD10-81,exact_or_related,adjacent,60.99039999999998,61.17839999999999,0.1880000000000095,0.1880000000000095
SSD-JD10-82,exact_or_related,adjacent,76.28119999999984,76.29079999999985,0.009600000000006048,0.009600000000006048
SSD-JD10-83,exact_or_related,adjacent,78.67399999999996,78.65440000000001,-0.01959999999995432,0.01959999999995432
SSD-JD10-84,adjacent,divergent,71.13600000000004,71.08600000000001,-0.05000000000002558,0.05000000000002558
SSD-JD10-85,exact_or_related,adjacent,77.53000000000027,77.38080000000028,-0.14919999999999334,0.14919999999999334
SSD-JD10-86,exact_or_related,adjacent,61.430400000000105,61.439200000000085,0.008799999999979491,0.008799999999979491
SSD-JD10-87,exact_or_related,adjacent,67.04959999999973,67.07119999999976,0.021600000000034925,0.021600000000034925
SSD-JD10-88,adjacent,divergent,82.02679999999998,81.70799999999996,-0.3188000000000244,0.3188000000000244
SSD-JD10-89,exact_or_related,adjacent,66.03840000000002,66.0016000000001,-0.036799999999928446,0.036799999999928446
SSD-JD10-90,exact_or_related,adjacent,85.31000000000009,85.0400000000001,-0.2699999999999818,0.2699999999999818
SSD-JD10-91,exact_or_related,adjacent,73.72679999999994,73.7667999999999,0.03999999999996362,0.03999999999996362
SSD-JD10-92,exact_or_related,adjacent,68.5128000000001,67.93360000000007,-0.5792000000000286,0.5792000000000286
SSD-JD10-93,adjacent,divergent,62.67520000000005,62.62280000000003,-0.052400000000019986,0.052400000000019986
SSD-JD10-94,exact_or_related,adjacent,73.37719999999972,73.43719999999973,0.060000000000016485,0.060000000000016485
SSD-JD10-95,exact_or_related,adjacent,56.606,56.57919999999999,-0.026800000000008595,0.026800000000008595
SSD-JD10-96,divergent,exact_or_related,63.704800000000155,63.67720000000013,-0.027600000000028047,0.027600000000028047
SSD-JD10-97,adjacent,divergent,66.35600000000005,66.42200000000001,0.06599999999995987,0.06599999999995987
SSD-JD10-98,exact_or_related,adjacent,86.87720000000012,86.87640000000002,-0.0008000000000976115,0.0008000000000976115
SSD-JD10-99,exact_or_related,adjacent,71.18279999999992,71.19799999999995,0.01520000000003563,0.01520000000003563
SSD-JD10-100,exact_or_related,adjacent,87.7595999999999,87.72479999999989,-0.03480000000001837,0.03480000000001837
DA-JD11-01,exact_or_related,adjacent,77.72359999999978,77.77359999999982,0.05000000000003979,0.05000000000003979
DA-JD11-02,exact_or_related,adjacent,76.84239999999977,77.00199999999985,0.1596000000000828,0.1596000000000828
DA-JD11-03,exact_or_related,adjacent,66.56960000000001,66.62999999999997,0.06039999999995871,0.06039999999995871
DA-JD11-04,adjacent,divergent,81.73040000000009,81.81040000000004,0.07999999999995566,0.07999999999995566
DA-JD11-05,exact_or_related,adjacent,86.60759999999999,86.62799999999996,0.020399999999966667,0.020399999999966667
DA-JD11-06,exact_or_related,adjacent,56.58719999999992,56.65839999999991,0.07119999999999038,0.07119999999999038
DA-JD11-07,exact_or_related,adjacent,60.54559999999982,60.57919999999991,0.03360000000008512,0.03360000000008512
DA-JD11-08,divergent,exact_or_related,67.26960000000015,67.3392000000001,0.06959999999995148,0.06959999999995148
DA-JD11-09,adjacent,divergent,59.27439999999986,59.47079999999993,0.19640000000007518,0.19640000000007518
DA-JD11-10,exact_or_related,adjacent,72.32079999999989,72.27799999999989,-0.04279999999999973,0.04279999999999973
DA-JD11-11,exact_or_related,adjacent,70.16680000000001,70.07960000000004,-0.0871999999999673,0.0871999999999673
DA-JD11-12,exact_or_related,adjacent,63.55080000000014,63.54400000000014,-0.006799999999998363,0.006799999999998363
DA-JD11-13,divergent,exact_or_related,71.66639999999998,71.69239999999998,0.02599999999999625,0.02599999999999625
DA-JD11-14,adjacent,divergent,79.97879999999995,79.9548,-0.023999999999944066,0.023999999999944066
DA-JD11-15,adjacent,divergent,67.5416,67.45479999999998,-0.08680000000002508,0.08680000000002508
DA-JD11-16,divergent,exact_or_related,69.98839999999987,69.95999999999992,-0.028399999999948022,0.028399999999948022
DA-JD11-17,exact_or_related,adjacent,73.3980000000001,73.40000000000006,0.001999999999966917,0.001999999999966917
DA-JD11-18,divergent,exact_or_related,65.5748,65.65559999999994,0.08079999999993959,0.08079999999993959
DA-JD11-19,exact_or_related,adjacent,59.2148,59.029199999999996,-0.18560000000000088,0.18560000000000088
DA-JD11-20,exact_or_related,adjacent,67.67119999999984,67.71039999999986,0.03920000000002233,0.03920000000002233
DA-JD11-21,adjacent,divergent,84.09479999999975,84.01799999999984,-0.07679999999990628,0.07679999999990628
DA-JD11-22,adjacent,divergent,74.55680000000001,74.68040000000003,0.12360000000002458,0.12360000000002458
DA-JD11-23,exact_or_related,adjacent,68.4676,68.48240000000001,0.01480000000000814,0.01480000000000814
DA-JD11-24,exact_or_related,adjacent,90.13959999999987,89.98039999999986,-0.15920000000001266,0.15920000000001266
DA-JD11-25,exact_or_related,adjacent,85.67399999999994,85.69039999999995,0.016400000000018622,0.016400000000018622
DA-JD11-26,exact_or_related,adjacent,70.54159999999989,70.5807999999999,0.03920000000000812,0.03920000000000812
DA-JD11-27,adjacent,divergent,81.31919999999992,81.09439999999988,-0.22480000000004452,0.22480000000004452
DA-JD11-28,adjacent,divergent,54.548000000000066,54.55800000000007,0.010000000000005116,0.010000000000005116
DA-JD11-29,exact_or_related,adjacent,65.09119999999983,65.24879999999987,0.15760000000004482,0.15760000000004482
DA-JD11-30,adjacent,divergent,68.92600000000012,69.00920000000009,0.08319999999997663,0.08319999999997663
DA-JD11-31,exact_or_related,adjacent,59.25400000000018,59.12600000000011,-0.12800000000007117,0.12800000000007117
DA-JD11-32,divergent,exact_or_related,64.27920000000015,64.05600000000013,-0.22320000000001983,0.22320000000001983
DA-JD11-33,exact_or_related,adjacent,67.50160000000014,67.43360000000014,-0.06799999999999784,0.06799999999999784
DA-JD11-34,exact_or_related,adjacent,77.55000000000024,77.53560000000022,-0.014400000000023283,0.014400000000023283
DA-JD11-35,divergent,exact_or_related,83.43999999999993,83.40239999999996,-0.037599999999969214,0.037599999999969214
DA-JD11-36,exact_or_related,adjacent,69.56199999999987,69.51479999999994,-0.04719999999993263,0.04719999999993263
DA-JD11-37,adjacent,divergent,78.11439999999997,78.13759999999996,0.023199999999988563,0.023199999999988563
DA-JD11-38,exact_or_related,adjacent,72.85760000000008,72.88560000000011,0.02800000000003422,0.02800000000003422
DA-JD11-39,exact_or_related,adjacent,64.96320000000003,64.9544,-0.008800000000022123,0.008800000000022123
DA-JD11-40,adjacent,divergent,63.43200000000015,63.515200000000135,0.08319999999998373,0.08319999999998373
DA-JD11-41,adjacent,divergent,72.13160000000006,72.15559999999999,0.023999999999929855,0.023999999999929855
DA-JD11-42,divergent,exact_or_related,64.364,64.35160000000002,-0.012399999999985312,0.012399999999985312
DA-JD11-43,exact_or_related,adjacent,67.61400000000017,67.4704000000002,-0.14359999999997797,0.14359999999997797
DA-JD11-44,divergent,exact_or_related,83.15000000000002,83.19440000000003,0.04440000000001021,0.04440000000001021
DA-JD11-45,exact_or_related,adjacent,59.38840000000003,59.324400000000004,-0.06400000000002848,0.06400000000002848
DA-JD11-46,exact_or_related,adjacent,62.12599999999983,62.06159999999989,-0.06439999999993518,0.06439999999993518
DA-JD11-47,exact_or_related,adjacent,77.12320000000015,77.08920000000012,-0.03400000000003445,0.03400000000003445
DA-JD11-48,exact_or_related,adjacent,88.63719999999984,88.5531999999998,-0.0840000000000316,0.0840000000000316
DA-JD11-49,exact_or_related,adjacent,77.12480000000004,77.12400000000005,-0.0007999999999839247,0.0007999999999839247
DA-JD11-50,exact_or_related,adjacent,77.01360000000015,77.02240000000016,0.008800000000007913,0.008800000000007913
DA-JD11-51,exact_or_related,adjacent,71.86239999999997,71.79639999999999,-0.06599999999997408,0.06599999999997408
DA-JD11-52,exact_or_related,adjacent,73.47040000000001,73.31800000000004,-0.15239999999997167,0.15239999999997167
DA-JD11-53,exact_or_related,adjacent,77.19839999999996,77.23920000000001,0.04080000000004702,0.04080000000004702
DA-JD11-54,exact_or_related,adjacent,55.341200000000164,55.42000000000012,0.07879999999995846,0.07879999999995846
DA-JD11-55,adjacent,divergent,70.52920000000019,70.55400000000017,0.024799999999984834,0.024799999999984834
DA-JD11-56,divergent,exact_or_related,61.01439999999982,61.02079999999984,0.006400000000020611,0.006400000000020611
DA-JD11-57,adjacent,divergent,83.44319999999999,83.34639999999996,-0.0968000000000302,0.0968000000000302
DA-JD11-58,adjacent,divergent,73.91639999999983,73.90119999999983,-0.015199999999992997,0.015199999999992997
DA-JD11-59,exact_or_related,adjacent,67.2872,67.26440000000001,-0.022799999999989495,0.022799999999989495
DA-JD11-60,exact_or_related,adjacent,73.72120000000001,73.71400000000001,-0.007199999999997431,0.007199999999997431
DA-JD11-61,exact_or_related,adjacent,59.60439999999983,59.58119999999988,-0.02319999999994593,0.02319999999994593
DA-JD11-62,exact_or_related,adjacent,77.59919999999994,77.67759999999994,0.07840000000000202,0.07840000000000202
DA-JD11-63,exact_or_related,adjacent,73.14239999999998,73.14079999999997,-0.001600000000010482,0.001600000000010482
DA-JD11-64,divergent,exact_or_related,62.62080000000002,62.658799999999985,0.03799999999996828,0.03799999999996828
DA-JD11-65,exact_or_related,adjacent,86.86359999999985,86.89319999999984,0.029599999999987858,0.029599999999987858
DA-JD11-66,adjacent,divergent,79.7775999999998,79.86799999999981,0.09040000000001669,0.09040000000001669
DA-JD11-67,exact_or_related,adjacent,66.16599999999984,66.19039999999995,0.024400000000113664,0.024400000000113664
DA-JD11-68,adjacent,divergent,73.76039999999978,73.77759999999982,0.01720000000004518,0.01720000000004518
DA-JD11-69,adjacent,divergent,72.03960000000009,72.32600000000006,0.286399999999972,0.286399999999972
DA-JD11-70,exact_or_related,adjacent,70.85840000000015,70.85760000000012,-0.0008000000000265572,0.0008000000000265572
DA-JD11-71,exact_or_related,adjacent,75.96680000000016,76.04600000000018,0.07920000000001437,0.07920000000001437
DA-JD11-72,exact_or_related,adjacent,60.119199999999886,60.10319999999992,-0.01599999999996271,0.01599999999996271
DA-JD11-73,exact_or_related,adjacent,83.00680000000008,83.12480000000006,0.11799999999998079,0.11799999999998079
DA-JD11-74,divergent,exact_or_related,71.1356000000001,71.06840000000003,-0.06720000000007076,0.06720000000007076
DA-JD11-75,adjacent,divergent,63.23160000000025,63.44400000000025,0.21240000000000236,0.21240000000000236
DA-JD11-76,adjacent,divergent,76.56560000000006,76.57000000000006,0.004400000000003956,0.004400000000003956
DA-JD11-77,exact_or_related,adjacent,55.122000000000135,55.27400000000009,0.1519999999999584,0.1519999999999584
DA-JD11-78,divergent,exact_or_related,69.06680000000006,68.99480000000001,-0.07200000000004536,0.07200000000004536
DA-JD11-79,adjacent,divergent,51.79920000000001,51.8812,0.08199999999998653,0.08199999999998653
DA-JD11-80,exact_or_related,adjacent,66.76040000000008,66.7876000000001,0.027200000000021873,0.027200000000021873
DA-JD11-81,exact_or_related,adjacent,74.22320000000005,74.17000000000004,-0.05320000000000391,0.05320000000000391
DA-JD11-82,exact_or_related,adjacent,71.47119999999998,71.50840000000002,0.0372000000000412,0.0372000000000412
DA-JD11-83,adjacent,divergent,88.34079999999994,88.22679999999994,-0.11400000000000432,0.11400000000000432
DA-JD11-84,exact_or_related,adjacent,77.4560000000001,77.44680000000008,-0.009200000000021191,0.009200000000021191
DA-JD11-85,exact_or_related,adjacent,60.01600000000015,60.00200000000015,-0.013999999999995794,0.013999999999995794
DA-JD11-86,exact_or_related,adjacent,78.58960000000003,78.62800000000004,0.03840000000000998,0.03840000000000998
DA-JD11-87,divergent,exact_or_related,82.21839999999997,82.43080000000002,0.212400000000045,0.212400000000045
DA-JD11-88,divergent,exact_or_related,66.5903999999998,66.71119999999986,0.12080000000005953,0.12080000000005953
DA-JD11-89,exact_or_related,adjacent,63.0164000000002,63.06080000000019,0.04439999999998889,0.04439999999998889
DA-JD11-90,exact_or_related,adjacent,76.67919999999991,76.76679999999988,0.08759999999996637,0.08759999999996637
DA-JD11-91,adjacent,divergent,67.20519999999988,67.28919999999988,0.08400000000000318,0.08400000000000318
DA-JD11-92,exact_or_related,adjacent,80.09599999999975,80.09519999999976,-0.0007999999999839247,0.0007999999999839247
DA-JD11-93,adjacent,divergent,73.4911999999999,73.38800000000006,-0.10319999999984475,0.10319999999984475
DA-JD11-94,exact_or_related,adjacent,69.92280000000022,69.85280000000019,-0.07000000000003581,0.07000000000003581
DA-JD11-95,exact_or_related,adjacent,82.75279999999992,82.87279999999991,0.11999999999999034,0.11999999999999034
DA-JD11-96,exact_or_related,adjacent,71.99919999999995,72.0496,0.05040000000005307,0.05040000000005307
DA-JD11-97,exact_or_related,adjacent,65.88599999999985,65.91319999999986,0.027200000000007662,0.027200000000007662
DA-JD11-98,exact_or_related,adjacent,70.64919999999996,70.70519999999998,0.056000000000011596,0.056000000000011596
DA-JD11-99,exact_or_related,adjacent,66.69039999999987,66.62519999999998,-0.06519999999989068,0.06519999999989068
DA-JD11-100,exact_or_related,adjacent,61.30359999999989,61.41919999999992,0.11560000000002901,0.11560000000002901
DS-JD12-01,exact_or_related,adjacent,70.74399999999996,70.79679999999998,0.052800000000019054,0.052800000000019054
DS-JD12-02,exact_or_related,adjacent,57.09880000000016,57.04480000000016,-0.054000000000002046,0.054000000000002046
DS-JD12-03,exact_or_related,adjacent,83.74639999999995,83.82399999999994,0.07759999999998968,0.07759999999998968
DS-JD12-04,divergent,exact_or_related,63.8251999999999,63.66679999999997,-0.15839999999993637,0.15839999999993637
DS-JD12-05,exact_or_related,adjacent,58.166400000000124,58.0060000000001,-0.16040000000002408,0.16040000000002408
DS-JD12-06,exact_or_related,adjacent,80.89879999999998,80.90919999999996,0.010399999999975762,0.010399999999975762
DS-JD12-07,exact_or_related,adjacent,67.5187999999999,67.4767999999999,-0.04200000000000159,0.04200000000000159
DS-JD12-08,exact_or_related,adjacent,65.44080000000001,65.45120000000001,0.010400000000004184,0.010400000000004184
DS-JD12-09,exact_or_related,adjacent,52.814400000000035,52.80440000000001,-0.010000000000026432,0.010000000000026432
DS-JD12-10,divergent,exact_or_related,87.1048,87.15399999999998,0.04919999999998481,0.04919999999998481
DS-JD12-11,exact_or_related,adjacent,75.94359999999999,75.9728,0.029200000000017212,0.029200000000017212
DS-JD12-12,exact_or_related,adjacent,64.90280000000004,64.89040000000006,-0.012399999999985312,0.012399999999985312
DS-JD12-13,exact_or_related,adjacent,60.850799999999836,60.965599999999924,0.11480000000008772,0.11480000000008772
DS-JD12-14,divergent,exact_or_related,72.73640000000005,72.74480000000005,0.008400000000008845,0.008400000000008845
DS-JD12-15,divergent,exact_or_related,74.83440000000014,74.78360000000009,-0.05080000000005214,0.05080000000005214
DS-JD12-16,divergent,exact_or_related,68.71199999999988,68.67199999999988,-0.03999999999999204,0.03999999999999204
DS-JD12-17,exact_or_related,adjacent,65.18479999999998,65.21599999999998,0.03119999999999834,0.03119999999999834
DS-JD12-18,exact_or_related,adjacent,77.45240000000022,77.55160000000024,0.09920000000001039,0.09920000000001039
DS-JD12-19,exact_or_related,adjacent,84.44280000000006,84.4792,0.03639999999994359,0.03639999999994359
DS-JD12-20,exact_or_related,adjacent,85.52759999999991,85.63159999999992,0.10400000000001342,0.10400000000001342
DS-JD12-21,exact_or_related,adjacent,72.62519999999998,72.54119999999992,-0.08400000000006003,0.08400000000006003
DS-JD12-22,exact_or_related,adjacent,76.2612,76.31240000000003,0.05120000000002278,0.05120000000002278
DS-JD12-23,exact_or_related,adjacent,75.60079999999978,75.5967999999998,-0.003999999999976467,0.003999999999976467
DS-JD12-24,exact_or_related,adjacent,79.66079999999978,79.65519999999978,-0.00560000000000116,0.00560000000000116
DS-JD12-25,exact_or_related,adjacent,69.83799999999984,69.8123999999999,-0.025599999999940337,0.025599999999940337
DS-JD12-26,exact_or_related,adjacent,71.68359999999996,71.76079999999995,0.07719999999999061,0.07719999999999061
DS-JD12-27,exact_or_related,adjacent,76.58400000000003,76.63800000000003,0.054000000000002046,0.054000000000002046
DS-JD12-28,exact_or_related,adjacent,68.46519999999992,68.07159999999996,-0.39359999999996376,0.39359999999996376
DS-JD12-29,exact_or_related,adjacent,73.13080000000022,73.16800000000015,0.03719999999992751,0.03719999999992751
DS-JD12-30,divergent,exact_or_related,59.95159999999983,60.05079999999991,0.09920000000008145,0.09920000000008145
DS-JD12-31,exact_or_related,adjacent,74.19920000000003,74.23400000000001,0.03479999999997574,0.03479999999997574
DS-JD12-32,exact_or_related,adjacent,76.73600000000025,76.73680000000022,0.0007999999999697138,0.0007999999999697138
DS-JD12-33,exact_or_related,adjacent,57.71999999999982,57.56879999999985,-0.15119999999997447,0.15119999999997447
DS-JD12-34,exact_or_related,adjacent,65.9459999999998,66.02519999999984,0.07920000000004279,0.07920000000004279
DS-JD12-35,exact_or_related,adjacent,70.67480000000003,70.56520000000005,-0.10959999999998615,0.10959999999998615
DS-JD12-36,exact_or_related,adjacent,69.24640000000016,69.26560000000013,0.019199999999969464,0.019199999999969464
DS-JD12-37,exact_or_related,adjacent,70.40599999999978,70.39559999999983,-0.01039999999994734,0.01039999999994734
DS-JD12-38,exact_or_related,adjacent,74.98520000000009,75.06720000000003,0.08199999999993679,0.08199999999993679
DS-JD12-39,exact_or_related,adjacent,56.01520000000001,56.12200000000001,0.10679999999999978,0.10679999999999978
DS-JD12-40,exact_or_related,adjacent,77.85599999999971,77.88439999999979,0.02840000000007592,0.02840000000007592
DS-JD12-41,divergent,exact_or_related,74.26600000000003,74.2032,-0.06280000000003838,0.06280000000003838
DS-JD12-42,divergent,exact_or_related,70.14719999999981,70.35919999999994,0.2120000000001312,0.2120000000001312
DS-JD12-43,exact_or_related,adjacent,60.22520000000017,60.11800000000014,-0.10720000000003438,0.10720000000003438
DS-JD12-44,exact_or_related,adjacent,76.11880000000001,76.1232,0.0043999999999897454,0.0043999999999897454
DS-JD12-45,exact_or_related,adjacent,78.41559999999996,78.42919999999995,0.013599999999996726,0.013599999999996726
DS-JD12-46,exact_or_related,adjacent,83.1812000000002,83.50720000000017,0.325999999999965,0.325999999999965
DS-JD12-47,exact_or_related,adjacent,65.00719999999994,64.94799999999998,-0.059199999999961506,0.059199999999961506
DS-JD12-48,exact_or_related,adjacent,85.89479999999986,85.88639999999988,-0.008399999999980423,0.008399999999980423
DS-JD12-49,divergent,exact_or_related,74.07079999999982,74.05519999999986,-0.015599999999963643,0.015599999999963643
DS-JD12-50,exact_or_related,adjacent,67.58280000000013,67.58240000000012,-0.0004000000000132786,0.0004000000000132786
DS-JD12-51,exact_or_related,adjacent,67.4924,67.40400000000002,-0.08839999999997872,0.08839999999997872
DS-JD12-52,exact_or_related,adjacent,70.55039999999995,70.64879999999997,0.09840000000001226,0.09840000000001226
DS-JD12-53,exact_or_related,adjacent,72.48999999999977,72.50599999999984,0.016000000000076398,0.016000000000076398
DS-JD12-54,exact_or_related,adjacent,83.00360000000018,82.90440000000015,-0.0992000000000246,0.0992000000000246
DS-JD12-55,exact_or_related,adjacent,76.17200000000022,76.16280000000012,-0.009200000000106456,0.009200000000106456
DS-JD12-56,exact_or_related,adjacent,58.93,58.8352,-0.09479999999999933,0.09479999999999933
DS-JD12-57,divergent,exact_or_related,69.80600000000004,69.79040000000003,-0.015600000000006276,0.015600000000006276
DS-JD12-58,exact_or_related,adjacent,81.09120000000006,81.08240000000004,-0.008800000000022123,0.008800000000022123
DS-JD12-59,exact_or_related,adjacent,56.999999999999915,56.92999999999992,-0.06999999999999318,0.06999999999999318
DS-JD12-60,divergent,exact_or_related,79.18559999999998,79.0072,-0.17839999999998213,0.17839999999998213
DS-JD12-61,exact_or_related,adjacent,75.67959999999977,75.67279999999977,-0.006799999999998363,0.006799999999998363
DS-JD12-62,exact_or_related,adjacent,57.659200000000126,57.60760000000013,-0.05159999999999343,0.05159999999999343
DS-JD12-63,exact_or_related,adjacent,64.34640000000017,64.76760000000007,0.42119999999989943,0.42119999999989943
DS-JD12-64,exact_or_related,adjacent,60.020800000000136,59.860400000000105,-0.16040000000003118,0.16040000000003118
DS-JD12-65,exact_or_related,adjacent,71.44479999999987,71.54319999999989,0.09840000000001226,0.09840000000001226
DS-JD12-66,exact_or_related,adjacent,78.61520000000031,78.57160000000026,-0.043600000000054706,0.043600000000054706
DS-JD12-67,exact_or_related,adjacent,62.91559999999984,62.93079999999984,0.015200000000000102,0.015200000000000102
DS-JD12-68,exact_or_related,adjacent,74.7243999999998,74.74879999999983,0.0244000000000284,0.0244000000000284
DS-JD12-69,divergent,exact_or_related,68.45720000000017,68.41760000000009,-0.03960000000007824,0.03960000000007824
DS-JD12-70,exact_or_related,adjacent,60.07720000000012,60.048400000000136,-0.028799999999982617,0.028799999999982617
DS-JD12-71,exact_or_related,adjacent,70.44919999999988,70.64679999999991,0.19760000000003686,0.19760000000003686
DS-JD12-72,exact_or_related,adjacent,70.56800000000023,70.53480000000019,-0.03320000000003631,0.03320000000003631
DS-JD12-73,exact_or_related,adjacent,66.91720000000015,66.87320000000014,-0.04400000000001114,0.04400000000001114
DS-JD12-74,exact_or_related,adjacent,75.06240000000001,75.00679999999997,-0.05560000000004095,0.05560000000004095
DS-JD12-75,divergent,exact_or_related,59.37480000000002,59.42320000000002,0.04840000000000089,0.04840000000000089
DS-JD12-76,exact_or_related,adjacent,65.5768,65.67559999999997,0.09879999999996869,0.09879999999996869
DS-JD12-77,exact_or_related,adjacent,73.53200000000021,73.5504000000002,0.01839999999998554,0.01839999999998554
DS-JD12-78,exact_or_related,adjacent,67.24320000000006,67.24080000000004,-0.0024000000000228283,0.0024000000000228283
DS-JD12-79,exact_or_related,adjacent,72.65199999999999,72.53839999999994,-0.11360000000004788,0.11360000000004788
DS-JD12-80,exact_or_related,adjacent,89.40199999999987,89.32199999999986,-0.0800000000000125,0.0800000000000125
DS-JD12-81,exact_or_related,adjacent,81.11880000000025,81.12760000000024,0.008799999999993702,0.008799999999993702
DS-JD12-82,divergent,exact_or_related,81.3448,81.29279999999999,-0.05200000000002092,0.05200000000002092
DS-JD12-83,exact_or_related,adjacent,80.94519999999999,80.98279999999998,0.037599999999997635,0.037599999999997635
DS-JD12-84,exact_or_related,adjacent,71.54159999999997,71.65079999999999,0.1092000000000155,0.1092000000000155
DS-JD12-85,exact_or_related,adjacent,61.77999999999984,61.72519999999987,-0.054799999999964655,0.054799999999964655
DS-JD12-86,exact_or_related,adjacent,75.4423999999998,75.46159999999983,0.019200000000040518,0.019200000000040518
DS-JD12-87,exact_or_related,adjacent,74.93840000000002,74.88240000000002,-0.055999999999997385,0.055999999999997385
DS-JD12-88,exact_or_related,adjacent,61.70800000000002,61.659200000000006,-0.048800000000014165,0.048800000000014165
DS-JD12-89,exact_or_related,adjacent,75.04879999999997,75.17439999999995,0.12559999999997729,0.12559999999997729
DS-JD12-90,exact_or_related,adjacent,76.86160000000005,76.86120000000003,-0.0004000000000274895,0.0004000000000274895
DS-JD12-91,exact_or_related,adjacent,65.61359999999983,65.5519999999999,-0.0615999999999417,0.0615999999999417
DS-JD12-92,exact_or_related,adjacent,71.50160000000022,71.40560000000016,-0.09600000000006048,0.09600000000006048
DS-JD12-93,exact_or_related,adjacent,66.43959999999994,66.52919999999993,0.08959999999999013,0.08959999999999013
DS-JD12-94,exact_or_related,adjacent,79.53919999999998,79.61199999999997,0.07279999999998665,0.07279999999998665
DS-JD12-95,exact_or_related,adjacent,65.05359999999982,65.0051999999998,-0.0484000000000151,0.0484000000000151
DS-JD12-96,exact_or_related,adjacent,66.55080000000002,66.52440000000001,-0.026400000000009527,0.026400000000009527
DS-JD12-97,exact_or_related,adjacent,76.54560000000001,76.5636,0.01799999999998647,0.01799999999998647
DS-JD12-98,exact_or_related,adjacent,66.81640000000012,66.82600000000009,0.009599999999977626,0.009599999999977626
DS-JD12-99,exact_or_related,adjacent,59.67479999999981,59.56119999999987,-0.1135999999999413,0.1135999999999413
DS-JD12-100,exact_or_related,adjacent,82.47199999999995,82.51879999999991,0.04679999999996198,0.04679999999996198
BIA-JD13-01,exact_or_related,adjacent,75.07120000000009,75.0332000000001,-0.0379999999999967,0.0379999999999967
BIA-JD13-02,exact_or_related,adjacent,84.81559999999998,84.75279999999992,-0.06280000000005259,0.06280000000005259
BIA-JD13-03,exact_or_related,adjacent,63.68439999999985,63.67599999999987,-0.008399999999980423,0.008399999999980423
BIA-JD13-04,divergent,exact_or_related,70.96680000000013,70.98520000000009,0.018399999999957117,0.018399999999957117
BIA-JD13-05,exact_or_related,adjacent,73.65399999999981,73.67719999999986,0.023200000000045407,0.023200000000045407
BIA-JD13-06,divergent,exact_or_related,65.83400000000015,66.01480000000005,0.18079999999990548,0.18079999999990548
BIA-JD13-07,exact_or_related,adjacent,66.1524000000001,66.17080000000011,0.01840000000001396,0.01840000000001396
BIA-JD13-08,divergent,exact_or_related,75.4528,75.47320000000005,0.020400000000051932,0.020400000000051932
BIA-JD13-09,exact_or_related,adjacent,72.1599999999999,72.28839999999988,0.12839999999998497,0.12839999999998497
BIA-JD13-10,exact_or_related,adjacent,82.68999999999993,82.8227999999999,0.13279999999997472,0.13279999999997472
BIA-JD13-11,adjacent,divergent,82.08279999999999,82.16959999999996,0.08679999999996824,0.08679999999996824
BIA-JD13-12,divergent,exact_or_related,62.06240000000003,62.1508,0.08839999999996451,0.08839999999996451
BIA-JD13-13,adjacent,divergent,67.11439999999982,67.08679999999988,-0.027599999999935676,0.027599999999935676
BIA-JD13-14,exact_or_related,adjacent,73.1468000000002,73.15800000000019,0.011199999999988108,0.011199999999988108
BIA-JD13-15,divergent,exact_or_related,76.93960000000003,76.9208,-0.01880000000002724,0.01880000000002724
BIA-JD13-16,adjacent,divergent,73.5735999999998,73.81359999999987,0.24000000000006594,0.24000000000006594
BIA-JD13-17,divergent,exact_or_related,78.99240000000007,78.91760000000008,-0.0747999999999962,0.0747999999999962
BIA-JD13-18,divergent,exact_or_related,70.69679999999977,70.64919999999981,-0.04759999999996012,0.04759999999996012
BIA-JD13-19,exact_or_related,adjacent,59.8979999999999,59.99799999999996,0.10000000000006537,0.10000000000006537
BIA-JD13-20,exact_or_related,adjacent,63.95119999999983,63.94359999999987,-0.007599999999960971,0.007599999999960971
BIA-JD13-21,exact_or_related,adjacent,58.20759999999983,58.19599999999986,-0.01159999999996586,0.01159999999996586
BIA-JD13-22,exact_or_related,adjacent,82.95360000000011,82.72800000000005,-0.22560000000005687,0.22560000000005687
BIA-JD13-23,exact_or_related,adjacent,60.3516000000001,60.30880000000012,-0.04279999999997841,0.04279999999997841
BIA-JD13-24,divergent,exact_or_related,85.98440000000005,85.98920000000008,0.004800000000031446,0.004800000000031446
BIA-JD13-25,divergent,exact_or_related,65.47119999999983,65.43599999999994,-0.03519999999988954,0.03519999999988954
BIA-JD13-26,adjacent,divergent,67.48560000000008,67.48399999999998,-0.001600000000095747,0.001600000000095747
BIA-JD13-27,exact_or_related,adjacent,68.1280000000002,68.13760000000018,0.009599999999977626,0.009599999999977626
BIA-JD13-28,exact_or_related,adjacent,64.56519999999986,64.53319999999988,-0.031999999999982265,0.031999999999982265
BIA-JD13-29,exact_or_related,adjacent,73.47319999999979,73.42199999999981,-0.05119999999998015,0.05119999999998015
BIA-JD13-30,divergent,exact_or_related,75.52120000000005,75.54320000000004,0.02199999999999136,0.02199999999999136
BIA-JD13-31,divergent,exact_or_related,79.88839999999996,79.82959999999997,-0.05879999999999086,0.05879999999999086
BIA-JD13-32,adjacent,divergent,63.28039999999987,63.271199999999894,-0.009199999999978559,0.009199999999978559
BIA-JD13-33,exact_or_related,adjacent,88.2699999999999,88.21479999999987,-0.05520000000002767,0.05520000000002767
BIA-JD13-34,exact_or_related,adjacent,85.28160000000015,85.05320000000016,-0.2283999999999935,0.2283999999999935
BIA-JD13-35,adjacent,divergent,73.97199999999997,73.99839999999993,0.026399999999966894,0.026399999999966894
BIA-JD13-36,exact_or_related,adjacent,78.28319999999997,78.22359999999999,-0.059599999999974784,0.059599999999974784
BIA-JD13-37,exact_or_related,adjacent,69.84159999999996,69.78319999999995,-0.058400000000006,0.058400000000006
BIA-JD13-38,exact_or_related,adjacent,70.60719999999979,70.76039999999986,0.15320000000006928,0.15320000000006928
BIA-JD13-39,exact_or_related,adjacent,60.22800000000017,60.10240000000012,-0.12560000000005545,0.12560000000005545
BIA-JD13-40,exact_or_related,adjacent,78.72240000000009,78.74280000000009,0.02039999999999509,0.02039999999999509
BIA-JD13-41,exact_or_related,adjacent,70.7936000000001,70.86640000000008,0.07279999999998665,0.07279999999998665
BIA-JD13-42,exact_or_related,adjacent,78.25440000000022,78.21560000000018,-0.03880000000003747,0.03880000000003747
BIA-JD13-43,exact_or_related,adjacent,75.08400000000002,75.08120000000004,-0.0027999999999792635,0.0027999999999792635
BIA-JD13-44,exact_or_related,adjacent,76.1268000000002,76.10040000000018,-0.026400000000023738,0.026400000000023738
BIA-JD13-45,exact_or_related,adjacent,73.21599999999997,73.15319999999998,-0.06279999999998154,0.06279999999998154
BIA-JD13-46,divergent,exact_or_related,67.51039999999999,67.43280000000004,-0.07759999999994704,0.07759999999994704
BIA-JD13-47,adjacent,divergent,74.14759999999998,74.24000000000002,0.09240000000004045,0.09240000000004045
BIA-JD13-48,divergent,exact_or_related,85.7755999999997,85.7759999999998,0.00040000000009854375,0.00040000000009854375
BIA-JD13-49,exact_or_related,adjacent,87.6411999999998,87.57319999999977,-0.06800000000002626,0.06800000000002626
BIA-JD13-50,exact_or_related,adjacent,71.16719999999994,71.19199999999996,0.024800000000027467,0.024800000000027467
BIA-JD13-51,exact_or_related,adjacent,73.79800000000003,73.59880000000008,-0.19919999999994786,0.19919999999994786
BIA-JD13-52,exact_or_related,adjacent,71.33479999999997,71.3576,0.022800000000032128,0.022800000000032128
BIA-JD13-53,adjacent,divergent,82.5128000000001,82.4900000000001,-0.022800000000003706,0.022800000000003706
BIA-JD13-54,exact_or_related,adjacent,71.47959999999998,71.47679999999995,-0.002800000000021896,0.002800000000021896
BIA-JD13-55,exact_or_related,adjacent,61.10279999999983,61.25439999999988,0.1516000000000517,0.1516000000000517
BIA-JD13-56,exact_or_related,adjacent,77.07799999999978,77.04639999999982,-0.031599999999954775,0.031599999999954775
BIA-JD13-57,exact_or_related,adjacent,68.74440000000003,68.75920000000004,0.01480000000000814,0.01480000000000814
BIA-JD13-58,exact_or_related,adjacent,78.36800000000001,78.36000000000001,-0.007999999999995566,0.007999999999995566
BIA-JD13-59,exact_or_related,adjacent,78.83119999999975,78.92319999999978,0.09200000000002717,0.09200000000002717
BIA-JD13-60,adjacent,divergent,71.27080000000011,71.2692000000001,-0.001600000000010482,0.001600000000010482
BIA-JD13-61,adjacent,divergent,74.7528000000002,74.92680000000013,0.17399999999992133,0.17399999999992133
BIA-JD13-62,divergent,exact_or_related,77.4723999999998,77.39999999999985,-0.07239999999994495,0.07239999999994495
BIA-JD13-63,exact_or_related,adjacent,65.29680000000015,65.28400000000015,-0.01279999999999859,0.01279999999999859
BIA-JD13-64,adjacent,divergent,86.22159999999998,86.09759999999994,-0.12400000000003786,0.12400000000003786
BIA-JD13-65,exact_or_related,adjacent,65.55839999999999,65.63840000000005,0.08000000000005514,0.08000000000005514
BIA-JD13-66,adjacent,divergent,62.11839999999986,62.144799999999854,0.026399999999995316,0.026399999999995316
BIA-JD13-67,adjacent,divergent,76.6204,76.53280000000004,-0.08759999999996637,0.08759999999996637
BIA-JD13-68,adjacent,divergent,56.55440000000012,56.5316000000001,-0.022800000000025022,0.022800000000025022
BIA-JD13-69,exact_or_related,adjacent,81.56760000000006,81.55200000000006,-0.015599999999992065,0.015599999999992065
BIA-JD13-70,exact_or_related,adjacent,78.51239999999999,78.56160000000003,0.049200000000041655,0.049200000000041655
BIA-JD13-71,adjacent,divergent,68.83279999999978,68.81999999999981,-0.012799999999970169,0.012799999999970169
BIA-JD13-72,exact_or_related,adjacent,72.48719999999996,72.554,0.06680000000004327,0.06680000000004327
BIA-JD13-73,exact_or_related,adjacent,79.59799999999996,79.67719999999993,0.07919999999997174,0.07919999999997174
BIA-JD13-74,adjacent,divergent,82.6024000000001,82.57160000000002,-0.030800000000084538,0.030800000000084538
BIA-JD13-75,adjacent,divergent,80.11120000000001,80.03360000000005,-0.07759999999996126,0.07759999999996126
BIA-JD13-76,adjacent,divergent,67.8728,67.97120000000001,0.09840000000001226,0.09840000000001226
BIA-JD13-77,exact_or_related,adjacent,75.7059999999998,75.61359999999983,-0.0923999999999694,0.0923999999999694
BIA-JD13-78,divergent,exact_or_related,87.41359999999986,87.39959999999992,-0.01399999999993895,0.01399999999993895
BIA-JD13-79,exact_or_related,adjacent,76.0140000000001,75.9812000000001,-0.03279999999999461,0.03279999999999461
BIA-JD13-80,divergent,exact_or_related,81.09719999999999,81.37399999999997,0.2767999999999802,0.2767999999999802
BIA-JD13-81,exact_or_related,adjacent,76.31639999999997,76.346,0.02960000000003049,0.02960000000003049
BIA-JD13-82,exact_or_related,adjacent,70.1468000000002,70.07000000000016,-0.07680000000003417,0.07680000000003417
BIA-JD13-83,divergent,exact_or_related,76.54720000000026,76.32240000000019,-0.22480000000007294,0.22480000000007294
BIA-JD13-84,divergent,exact_or_related,73.65479999999992,73.76239999999993,0.10760000000000502,0.10760000000000502
BIA-JD13-85,exact_or_related,adjacent,83.24039999999972,83.20959999999975,-0.03079999999997085,0.03079999999997085
BIA-JD13-86,exact_or_related,adjacent,63.20960000000018,63.175200000000125,-0.03440000000005483,0.03440000000005483
BIA-JD13-87,adjacent,divergent,66.19,66.27560000000001,0.08560000000001367,0.08560000000001367
BIA-JD13-88,exact_or_related,adjacent,69.11719999999985,69.10079999999991,-0.016399999999947568,0.016399999999947568
BIA-JD13-89,exact_or_related,adjacent,82.05480000000001,82.22239999999996,0.16759999999995046,0.16759999999995046
BIA-JD13-90,exact_or_related,adjacent,70.05000000000003,69.98160000000006,-0.06839999999996849,0.06839999999996849
BIA-JD13-91,exact_or_related,adjacent,67.02080000000016,67.08000000000014,0.059199999999975716,0.059199999999975716
BIA-JD13-92,exact_or_related,adjacent,60.95800000000013,61.091600000000135,0.13360000000000127,0.13360000000000127
BIA-JD13-93,exact_or_related,adjacent,62.6672,62.67840000000001,0.011200000000009425,0.011200000000009425
BIA-JD13-94,exact_or_related,adjacent,73.55520000000006,73.54080000000008,-0.01439999999998065,0.01439999999998065
BIA-JD13-95,exact_or_related,adjacent,77.57319999999996,77.61319999999994,0.03999999999997783,0.03999999999997783
BIA-JD13-96,exact_or_related,adjacent,73.41560000000025,73.42840000000021,0.012799999999955958,0.012799999999955958
BIA-JD13-97,adjacent,divergent,61.63200000000017,61.61880000000012,-0.013200000000047396,0.013200000000047396
BIA-JD13-98,exact_or_related,adjacent,87.56479999999989,87.54599999999988,-0.01880000000001303,0.01880000000001303
BIA-JD13-99,exact_or_related,adjacent,74.98200000000003,75.01320000000004,0.03120000000001255,0.03120000000001255
BIA-JD13-100,exact_or_related,adjacent,58.958,58.892400000000016,-0.06559999999998212,0.06559999999998212
DEV-JD14-01,exact_or_related,adjacent,69.3792000000001,69.3416000000001,-0.037599999999997635,0.037599999999997635
DEV-JD14-02,exact_or_related,adjacent,68.17439999999986,68.23439999999985,0.05999999999998806,0.05999999999998806
DEV-JD14-03,exact_or_related,adjacent,63.65200000000002,63.760000000000026,0.10800000000000409,0.10800000000000409
DEV-JD14-04,exact_or_related,adjacent,78.01520000000022,78.0332000000002,0.01799999999998647,0.01799999999998647
DEV-JD14-05,exact_or_related,adjacent,71.2007999999999,71.24199999999985,0.04119999999994661,0.04119999999994661
DEV-JD14-06,exact_or_related,adjacent,60.29920000000018,60.15200000000012,-0.14720000000005484,0.14720000000005484
DEV-JD14-07,divergent,exact_or_related,69.77560000000003,69.77760000000002,0.001999999999995339,0.001999999999995339
DEV-JD14-08,adjacent,divergent,72.51719999999976,72.46479999999981,-0.05239999999994893,0.05239999999994893
DEV-JD14-09,exact_or_related,adjacent,55.159999999999854,55.30439999999987,0.14440000000001874,0.14440000000001874
DEV-JD14-10,exact_or_related,adjacent,70.00159999999974,69.95159999999977,-0.049999999999968736,0.049999999999968736
DEV-JD14-11,exact_or_related,adjacent,67.02879999999999,66.99719999999998,-0.03160000000001162,0.03160000000001162
DEV-JD14-12,exact_or_related,adjacent,69.1487999999999,69.13559999999993,-0.013199999999969236,0.013199999999969236
DEV-JD14-13,exact_or_related,adjacent,66.00880000000016,66.03680000000017,0.028000000000005798,0.028000000000005798
DEV-JD14-14,divergent,exact_or_related,84.43400000000001,84.43440000000008,0.00040000000007012204,0.00040000000007012204
DEV-JD14-15,exact_or_related,adjacent,64.97719999999993,65.06359999999994,0.0864000000000118,0.0864000000000118
DEV-JD14-16,divergent,exact_or_related,83.57080000000003,83.50960000000002,-0.06120000000001369,0.06120000000001369
DEV-JD14-17,exact_or_related,adjacent,85.6712000000001,85.56160000000007,-0.10960000000002879,0.10960000000002879
DEV-JD14-18,adjacent,divergent,83.81080000000001,83.7952,-0.015600000000020486,0.015600000000020486
DEV-JD14-19,divergent,exact_or_related,71.33239999999978,71.36919999999988,0.036800000000098976,0.036800000000098976
DEV-JD14-20,exact_or_related,adjacent,68.7952,68.79999999999997,0.004799999999974602,0.004799999999974602
DEV-JD14-21,exact_or_related,adjacent,70.53959999999994,70.53039999999997,-0.009199999999964348,0.009199999999964348
DEV-JD14-22,adjacent,divergent,66.35560000000001,66.24000000000004,-0.11559999999997217,0.11559999999997217
DEV-JD14-23,divergent,exact_or_related,87.0163999999999,87.0467999999999,0.030400000000000205,0.030400000000000205
DEV-JD14-24,exact_or_related,adjacent,67.18719999999999,67.09240000000004,-0.09479999999994959,0.09479999999994959
DEV-JD14-25,exact_or_related,adjacent,59.7812,59.713600000000035,-0.06759999999996325,0.06759999999996325
DEV-JD14-26,exact_or_related,adjacent,64.26999999999998,64.27359999999994,0.003599999999963188,0.003599999999963188
DEV-JD14-27,divergent,exact_or_related,86.54119999999992,86.61879999999992,0.07760000000000389,0.07760000000000389
DEV-JD14-28,divergent,exact_or_related,68.97679999999997,69.0024,0.025600000000025602,0.025600000000025602
DEV-JD14-29,divergent,exact_or_related,77.37679999999997,77.24119999999994,-0.13560000000003924,0.13560000000003924
DEV-JD14-30,exact_or_related,adjacent,71.42359999999998,71.40799999999996,-0.015600000000020486,0.015600000000020486
DEV-JD14-31,exact_or_related,adjacent,82.91079999999975,82.85879999999985,-0.05199999999990723,0.05199999999990723
DEV-JD14-32,exact_or_related,adjacent,76.56639999999999,76.60159999999996,0.03519999999997481,0.03519999999997481
DEV-JD14-33,adjacent,divergent,57.61399999999988,57.7819999999999,0.16800000000001347,0.16800000000001347
DEV-JD14-34,exact_or_related,adjacent,64.38279999999999,64.33520000000001,-0.04759999999997433,0.04759999999997433
DEV-JD14-35,adjacent,divergent,76.32240000000007,76.41640000000008,0.0940000000000083,0.0940000000000083
DEV-JD14-36,exact_or_related,adjacent,51.93880000000012,51.97680000000009,0.03799999999996828,0.03799999999996828
DEV-JD14-37,exact_or_related,adjacent,70.5948000000002,70.5860000000002,-0.008800000000007913,0.008800000000007913
DEV-JD14-38,exact_or_related,adjacent,77.25440000000019,77.2752000000001,0.02079999999990889,0.02079999999990889
DEV-JD14-39,exact_or_related,adjacent,73.16520000000001,73.12680000000002,-0.03839999999999577,0.03839999999999577
DEV-JD14-40,exact_or_related,adjacent,78.46199999999985,78.5355999999998,0.07359999999995637,0.07359999999995637
DEV-JD14-41,divergent,exact_or_related,68.51399999999992,68.54039999999992,0.026399999999995316,0.026399999999995316
DEV-JD14-42,exact_or_related,adjacent,62.5392,62.64520000000002,0.10600000000001586,0.10600000000001586
DEV-JD14-43,adjacent,divergent,69.93920000000001,69.9852,0.04599999999999227,0.04599999999999227
DEV-JD14-44,divergent,exact_or_related,83.27880000000007,83.11600000000008,-0.16279999999999006,0.16279999999999006
DEV-JD14-45,exact_or_related,adjacent,75.04879999999997,74.9616,-0.0871999999999673,0.0871999999999673
DEV-JD14-46,exact_or_related,adjacent,78.89200000000002,78.95760000000001,0.06559999999998922,0.06559999999998922
DEV-JD14-47,adjacent,divergent,76.79560000000019,76.79720000000012,0.0015999999999252168,0.0015999999999252168
DEV-JD14-48,exact_or_related,adjacent,54.44240000000001,54.52559999999999,0.08319999999997663,0.08319999999997663
DEV-JD14-49,divergent,exact_or_related,56.149599999999786,56.070799999999835,-0.07879999999995135,0.07879999999995135
DEV-JD14-50,exact_or_related,adjacent,78.93039999999974,78.91239999999978,-0.01799999999995805,0.01799999999995805
DEV-JD14-51,adjacent,divergent,64.94999999999987,64.99439999999987,0.044399999999996,0.044399999999996
DEV-JD14-52,exact_or_related,adjacent,61.05000000000014,61.110000000000106,0.05999999999996675,0.05999999999996675
DEV-JD14-53,exact_or_related,adjacent,64.95359999999984,65.04319999999987,0.08960000000003276,0.08960000000003276
DEV-JD14-54,exact_or_related,adjacent,63.35759999999986,63.392799999999895,0.03520000000003165,0.03520000000003165
DEV-JD14-55,divergent,exact_or_related,58.15440000000017,58.234400000000115,0.07999999999994145,0.07999999999994145
DEV-JD14-56,divergent,exact_or_related,82.34960000000002,82.26520000000001,-0.08440000000001646,0.08440000000001646
DEV-JD14-57,divergent,exact_or_related,61.46959999999997,61.505599999999966,0.03599999999999426,0.03599999999999426
DEV-JD14-58,exact_or_related,adjacent,63.575200000000166,63.57320000000018,-0.0019999999999882334,0.0019999999999882334
DEV-JD14-59,adjacent,divergent,52.429599999999894,52.47639999999991,0.04680000000001883,0.04680000000001883
DEV-JD14-60,exact_or_related,adjacent,83.66159999999996,83.69359999999993,0.031999999999968054,0.031999999999968054
DEV-JD14-61,exact_or_related,adjacent,75.61520000000003,75.65680000000003,0.041600000000002524,0.041600000000002524
DEV-JD14-62,exact_or_related,adjacent,82.30559999999994,82.3719999999999,0.06639999999995894,0.06639999999995894
DEV-JD14-63,exact_or_related,adjacent,57.23920000000001,57.20679999999999,-0.032400000000023965,0.032400000000023965
DEV-JD14-64,exact_or_related,adjacent,54.29280000000013,54.240800000000114,-0.05200000000001381,0.05200000000001381
DEV-JD14-65,exact_or_related,adjacent,70.77639999999995,70.58799999999998,-0.18839999999997303,0.18839999999997303
DEV-JD14-66,exact_or_related,adjacent,66.10560000000008,66.07880000000006,-0.026800000000022806,0.026800000000022806
DEV-JD14-67,divergent,exact_or_related,84.08520000000001,84.09400000000007,0.008800000000050545,0.008800000000050545
DEV-JD14-68,divergent,exact_or_related,66.3184000000002,66.29600000000015,-0.02240000000004727,0.02240000000004727
DEV-JD14-69,adjacent,divergent,85.0824000000001,85.13960000000016,0.05720000000005143,0.05720000000005143
DEV-JD14-70,divergent,exact_or_related,73.05040000000002,72.95000000000003,-0.10039999999999338,0.10039999999999338
DEV-JD14-71,adjacent,divergent,86.00520000000004,86.02840000000006,0.023200000000016985,0.023200000000016985
DEV-JD14-72,exact_or_related,adjacent,76.14360000000025,76.1124000000002,-0.031200000000040973,0.031200000000040973
DEV-JD14-73,exact_or_related,adjacent,63.30800000000017,63.44600000000016,0.13799999999999102,0.13799999999999102
DEV-JD14-74,exact_or_related,adjacent,74.57320000000018,74.61800000000021,0.04480000000002349,0.04480000000002349
DEV-JD14-75,exact_or_related,adjacent,60.45359999999996,60.32239999999995,-0.13120000000000687,0.13120000000000687
DEV-JD14-76,adjacent,divergent,86.52159999999996,86.57600000000001,0.05440000000004375,0.05440000000004375
DEV-JD14-77,exact_or_related,adjacent,84.63600000000007,84.59240000000005,-0.043600000000012074,0.043600000000012074
DEV-JD14-78,exact_or_related,adjacent,66.37679999999978,66.48239999999983,0.10560000000005232,0.10560000000005232
DEV-JD14-79,exact_or_related,adjacent,79.6576,79.67199999999998,0.01439999999998065,0.01439999999998065
DEV-JD14-80,exact_or_related,adjacent,73.78440000000019,73.77920000000016,-0.0052000000000305135,0.0052000000000305135
DEV-JD14-81,exact_or_related,adjacent,79.14759999999978,79.14799999999985,0.00040000000007012204,0.00040000000007012204
DEV-JD14-82,exact_or_related,adjacent,80.0716,80.23959999999997,0.16799999999996373,0.16799999999996373
DEV-JD14-83,divergent,exact_or_related,71.32560000000016,71.30400000000016,-0.021600000000006503,0.021600000000006503
DEV-JD14-84,adjacent,divergent,68.93079999999996,68.96320000000001,0.03240000000005239,0.03240000000005239
DEV-JD14-85,adjacent,divergent,83.42280000000022,83.43720000000013,0.014399999999909596,0.014399999999909596
DEV-JD14-86,adjacent,divergent,70.48679999999999,70.54999999999993,0.06319999999993797,0.06319999999993797
DEV-JD14-87,exact_or_related,adjacent,61.514399999999995,61.72800000000001,0.21360000000001378,0.21360000000001378
DEV-JD14-88,adjacent,divergent,69.59759999999997,69.59119999999999,-0.006399999999985084,0.006399999999985084
DEV-JD14-89,adjacent,divergent,68.75400000000006,68.7244,-0.029600000000058913,0.029600000000058913
DEV-JD14-90,exact_or_related,adjacent,74.75240000000008,74.70840000000013,-0.0439999999999543,0.0439999999999543
DEV-JD14-91,exact_or_related,adjacent,83.04480000000025,82.82000000000018,-0.22480000000007294,0.22480000000007294
DEV-JD14-92,divergent,exact_or_related,85.45680000000007,85.49200000000013,0.03520000000006007,0.03520000000006007
DEV-JD14-93,adjacent,divergent,68.1955999999999,68.19999999999996,0.0044000000000608,0.0044000000000608
DEV-JD14-94,adjacent,divergent,69.4567999999999,69.48119999999992,0.024400000000014188,0.024400000000014188
DEV-JD14-95,exact_or_related,adjacent,75.15760000000007,75.14120000000007,-0.01640000000000441,0.01640000000000441
DEV-JD14-96,exact_or_related,adjacent,81.73919999999974,81.79279999999976,0.05360000000001719,0.05360000000001719
DEV-JD14-97,adjacent,divergent,64.8327999999998,64.73439999999987,-0.0983999999999412,0.0983999999999412
DEV-JD14-98,exact_or_related,adjacent,73.85040000000023,73.80400000000012,-0.046400000000119235,0.046400000000119235
DEV-JD14-99,divergent,exact_or_related,81.3519999999997,81.52879999999973,0.1768000000000285,0.1768000000000285
DEV-JD14-100,exact_or_related,adjacent,86.97399999999975,86.97759999999977,0.0036000000000200316,0.0036000000000200316
CE-JD15-01,exact_or_related,adjacent,75.06039999999996,75.15759999999996,0.09720000000000084,0.09720000000000084
CE-JD15-02,divergent,exact_or_related,64.50119999999984,64.45759999999987,-0.04359999999996944,0.04359999999996944
CE-JD15-03,divergent,exact_or_related,73.09960000000007,73.07440000000007,-0.025199999999998113,0.025199999999998113
CE-JD15-04,exact_or_related,adjacent,62.60000000000004,62.54760000000002,-0.052400000000019986,0.052400000000019986
CE-JD15-05,divergent,exact_or_related,75.51720000000003,75.52920000000002,0.011999999999986244,0.011999999999986244
CE-JD15-06,divergent,exact_or_related,61.08880000000008,61.10280000000006,0.013999999999981583,0.013999999999981583
CE-JD15-07,exact_or_related,adjacent,55.764399999999824,55.943999999999825,0.17960000000000065,0.17960000000000065
CE-JD15-08,exact_or_related,adjacent,69.53320000000006,69.41120000000008,-0.12199999999998568,0.12199999999998568
CE-JD15-09,exact_or_related,adjacent,64.39199999999995,64.44719999999995,0.05519999999999925,0.05519999999999925
CE-JD15-10,exact_or_related,adjacent,64.54480000000018,64.85080000000006,0.3059999999998837,0.3059999999998837
CE-JD15-11,exact_or_related,adjacent,84.36039999999977,84.40799999999984,0.047600000000073805,0.047600000000073805
CE-JD15-12,adjacent,divergent,61.24479999999987,61.311999999999934,0.06720000000006365,0.06720000000006365
CE-JD15-13,exact_or_related,adjacent,73.95640000000002,73.87159999999996,-0.08480000000005816,0.08480000000005816
CE-JD15-14,exact_or_related,adjacent,62.69520000000019,62.68960000000016,-0.005600000000029581,0.005600000000029581
CE-JD15-15,exact_or_related,adjacent,65.74039999999982,65.70959999999981,-0.030800000000013483,0.030800000000013483
CE-JD15-16,adjacent,divergent,77.47119999999997,77.48839999999996,0.017199999999988336,0.017199999999988336
CE-JD15-17,adjacent,divergent,76.75199999999974,76.84079999999983,0.08880000000009147,0.08880000000009147
CE-JD15-18,exact_or_related,adjacent,64.0072,64.00840000000002,0.001200000000025625,0.001200000000025625
CE-JD15-19,exact_or_related,adjacent,72.8828000000002,72.89640000000017,0.013599999999968304,0.013599999999968304
CE-JD15-20,adjacent,divergent,72.35760000000019,72.60080000000013,0.2431999999999448,0.2431999999999448
CE-JD15-21,exact_or_related,adjacent,73.86160000000021,73.82440000000017,-0.0372000000000412,0.0372000000000412
CE-JD15-22,exact_or_related,adjacent,64.30279999999989,64.36999999999992,0.06720000000002813,0.06720000000002813
CE-JD15-23,divergent,exact_or_related,84.22239999999971,84.02439999999977,-0.19799999999993645,0.19799999999993645
CE-JD15-24,exact_or_related,adjacent,66.05280000000008,66.10360000000003,0.05079999999995266,0.05079999999995266
CE-JD15-25,divergent,exact_or_related,68.40799999999977,68.59119999999986,0.18320000000008463,0.18320000000008463
CE-JD15-26,divergent,exact_or_related,69.18679999999998,69.28879999999995,0.10199999999997544,0.10199999999997544
CE-JD15-27,adjacent,divergent,69.44839999999996,69.45839999999998,0.010000000000019327,0.010000000000019327
CE-JD15-28,adjacent,divergent,79.7619999999998,79.77679999999978,0.014799999999979718,0.014799999999979718
CE-JD15-29,exact_or_related,adjacent,81.25520000000002,81.25160000000002,-0.00359999999999161,0.00359999999999161
CE-JD15-30,adjacent,divergent,73.49359999999996,73.63519999999995,0.14159999999999684,0.14159999999999684
CE-JD15-31,divergent,exact_or_related,74.11359999999996,74.05799999999996,-0.05559999999999832,0.05559999999999832
CE-JD15-32,adjacent,divergent,87.3352000000001,87.25040000000008,-0.08480000000001553,0.08480000000001553
CE-JD15-33,adjacent,divergent,62.80280000000004,62.7344,-0.06840000000003954,0.06840000000003954
CE-JD15-34,adjacent,divergent,59.67080000000003,59.71440000000005,0.04360000000001918,0.04360000000001918
CE-JD15-35,exact_or_related,adjacent,67.38679999999982,67.43599999999985,0.049200000000027444,0.049200000000027444
CE-JD15-36,adjacent,divergent,75.49080000000019,75.55600000000014,0.06519999999994752,0.06519999999994752
CE-JD15-37,exact_or_related,adjacent,84.88560000000031,84.71000000000032,-0.17559999999998865,0.17559999999998865
CE-JD15-38,exact_or_related,adjacent,81.51440000000005,81.50520000000003,-0.009200000000021191,0.009200000000021191
CE-JD15-39,exact_or_related,adjacent,84.16760000000009,84.15160000000009,-0.016000000000005343,0.016000000000005343
CE-JD15-40,divergent,exact_or_related,84.9108000000003,85.02240000000023,0.11159999999993886,0.11159999999993886
CE-JD15-41,exact_or_related,adjacent,78.51999999999992,78.4567999999999,-0.06320000000002324,0.06320000000002324
CE-JD15-42,exact_or_related,adjacent,85.24200000000002,85.13959999999999,-0.10240000000003135,0.10240000000003135
CE-JD15-43,adjacent,divergent,58.5824000000001,58.73200000000008,0.1495999999999782,0.1495999999999782
CE-JD15-44,exact_or_related,adjacent,72.97319999999982,73.00759999999983,0.03440000000000509,0.03440000000000509
CE-JD15-45,adjacent,divergent,87.12839999999997,87.06879999999997,-0.059600000000003206,0.059600000000003206
CE-JD15-46,exact_or_related,adjacent,56.74639999999988,56.7915999999999,0.045200000000022555,0.045200000000022555
CE-JD15-47,divergent,exact_or_related,72.06040000000002,71.8692,-0.19120000000000914,0.19120000000000914
CE-JD15-48,divergent,exact_or_related,69.32879999999993,69.25919999999994,-0.06959999999999411,0.06959999999999411
CE-JD15-49,adjacent,divergent,74.68480000000004,74.71560000000002,0.03079999999998506,0.03079999999998506
CE-JD15-50,exact_or_related,adjacent,81.58759999999981,81.68639999999984,0.09880000000002553,0.09880000000002553
CE-JD15-51,divergent,exact_or_related,75.26039999999992,75.25879999999994,-0.0015999999999820602,0.0015999999999820602
CE-JD15-52,exact_or_related,adjacent,75.26760000000026,75.25560000000024,-0.012000000000014666,0.012000000000014666
CE-JD15-53,adjacent,divergent,78.58719999999973,78.63679999999978,0.049600000000054933,0.049600000000054933
CE-JD15-54,adjacent,divergent,69.09359999999975,69.28479999999983,0.1912000000000802,0.1912000000000802
CE-JD15-55,exact_or_related,adjacent,72.87639999999979,72.90119999999983,0.024800000000041678,0.024800000000041678
CE-JD15-56,adjacent,divergent,75.18119999999998,75.2284,0.047200000000017894,0.047200000000017894
CE-JD15-57,adjacent,divergent,83.93039999999998,83.94279999999998,0.012399999999999523,0.012399999999999523
CE-JD15-58,adjacent,divergent,61.33199999999984,61.356799999999886,0.024800000000048783,0.024800000000048783
CE-JD15-59,exact_or_related,adjacent,63.88759999999996,64.00879999999997,0.12120000000000175,0.12120000000000175
CE-JD15-60,exact_or_related,adjacent,72.99200000000002,72.98919999999998,-0.002800000000036107,0.002800000000036107
CE-JD15-61,exact_or_related,adjacent,73.75519999999986,73.76999999999985,0.014799999999993929,0.014799999999993929
CE-JD15-62,exact_or_related,adjacent,68.24959999999996,68.22599999999997,-0.02359999999998763,0.02359999999998763
CE-JD15-63,exact_or_related,adjacent,71.98799999999996,71.99959999999996,0.011600000000001387,0.011600000000001387
CE-JD15-64,exact_or_related,adjacent,79.03080000000001,79.05560000000003,0.024800000000013256,0.024800000000013256
CE-JD15-65,exact_or_related,adjacent,72.50720000000004,72.3724000000001,-0.13479999999994163,0.13479999999994163
CE-JD15-66,divergent,exact_or_related,83.38199999999992,83.4476,0.06560000000007449,0.06560000000007449
CE-JD15-67,exact_or_related,adjacent,60.410399999999946,60.291199999999954,-0.1191999999999922,0.1191999999999922
CE-JD15-68,divergent,exact_or_related,72.7791999999998,72.79319999999989,0.014000000000081059,0.014000000000081059
CE-JD15-69,adjacent,divergent,62.407599999999945,62.43999999999999,0.03240000000004528,0.03240000000004528
CE-JD15-70,exact_or_related,adjacent,87.38199999999995,87.35239999999995,-0.02960000000000207,0.02960000000000207
CE-JD15-71,exact_or_related,adjacent,58.26960000000003,58.087200000000045,-0.18239999999998702,0.18239999999998702
CE-JD15-72,exact_or_related,adjacent,73.80119999999981,73.81919999999982,0.018000000000014893,0.018000000000014893
CE-JD15-73,divergent,exact_or_related,68.79359999999984,68.74999999999997,-0.043599999999869965,0.043599999999869965
CE-JD15-74,exact_or_related,adjacent,77.63199999999973,77.62999999999978,-0.0019999999999527063,0.0019999999999527063
CE-JD15-75,adjacent,divergent,83.31720000000003,83.16759999999994,-0.14960000000009188,0.14960000000009188
CE-JD15-76,divergent,exact_or_related,72.15759999999995,72.24319999999996,0.08560000000001367,0.08560000000001367
CE-JD15-77,exact_or_related,adjacent,81.18240000000007,81.06120000000007,-0.12120000000000175,0.12120000000000175
CE-JD15-78,exact_or_related,adjacent,72.67800000000003,72.67720000000008,-0.0007999999999412921,0.0007999999999412921
CE-JD15-79,adjacent,divergent,68.9331999999999,69.0075999999999,0.07439999999999714,0.07439999999999714
CE-JD15-80,adjacent,divergent,65.31640000000014,65.3192,0.002799999999851366,0.002799999999851366
CE-JD15-81,exact_or_related,adjacent,67.15320000000003,67.21600000000001,0.06279999999998154,0.06279999999998154
CE-JD15-82,divergent,exact_or_related,84.27959999999999,84.35720000000002,0.07760000000003231,0.07760000000003231
CE-JD15-83,exact_or_related,adjacent,69.7595999999999,69.84359999999991,0.08400000000000318,0.08400000000000318
CE-JD15-84,exact_or_related,adjacent,54.86680000000016,54.75800000000014,-0.10880000000002354,0.10880000000002354
CE-JD15-85,exact_or_related,adjacent,55.19000000000015,55.10360000000012,-0.08640000000002601,0.08640000000002601
CE-JD15-86,divergent,exact_or_related,80.71240000000002,80.63320000000003,-0.07919999999998595,0.07919999999998595
CE-JD15-87,adjacent,divergent,68.35520000000018,68.43800000000017,0.08279999999999177,0.08279999999999177
CE-JD15-88,exact_or_related,adjacent,64.25160000000005,64.65840000000001,0.4067999999999614,0.4067999999999614
CE-JD15-89,exact_or_related,adjacent,75.15559999999996,75.12279999999997,-0.03279999999999461,0.03279999999999461
CE-JD15-90,exact_or_related,adjacent,73.06040000000004,73.06760000000003,0.00719999999998322,0.00719999999998322
CE-JD15-91,adjacent,divergent,77.60439999999994,77.64959999999994,0.045199999999994134,0.045199999999994134
CE-JD15-92,exact_or_related,adjacent,71.89440000000005,71.81120000000004,-0.08320000000000505,0.08320000000000505
CE-JD15-93,exact_or_related,adjacent,75.00920000000015,75.0336000000001,0.024399999999957345,0.024399999999957345
CE-JD15-94,exact_or_related,adjacent,69.29960000000007,69.24720000000006,-0.052400000000005775,0.052400000000005775
CE-JD15-95,adjacent,divergent,71.76319999999996,71.79959999999994,0.03639999999998622,0.03639999999998622
CE-JD15-96,exact_or_related,adjacent,72.81999999999992,72.84639999999993,0.026400000000009527,0.026400000000009527
CE-JD15-97,exact_or_related,adjacent,78.77160000000019,78.87920000000008,0.10759999999989134,0.10759999999989134
CE-JD15-98,exact_or_related,adjacent,63.04480000000018,63.08160000000013,0.03679999999994976,0.03679999999994976
CE-JD15-99,adjacent,divergent,71.71959999999976,71.71519999999983,-0.004399999999932902,0.004399999999932902
CE-JD15-100,exact_or_related,adjacent,60.7907999999999,60.6623999999999,-0.12839999999999918,0.12839999999999918
SRE-JD16-01,exact_or_related,adjacent,69.95760000000013,69.89480000000012,-0.06280000000000996,0.06280000000000996
SRE-JD16-02,exact_or_related,adjacent,72.91119999999977,72.9091999999998,-0.001999999999966917,0.001999999999966917
SRE-JD16-03,divergent,exact_or_related,71.41279999999998,71.3568,-0.055999999999968963,0.055999999999968963
SRE-JD16-04,exact_or_related,adjacent,80.23000000000025,80.26000000000018,0.029999999999930083,0.029999999999930083
SRE-JD16-05,adjacent,divergent,63.21400000000019,63.19880000000017,-0.015200000000021419,0.015200000000021419
SRE-JD16-06,divergent,exact_or_related,89.0167999999998,89.19279999999978,0.1759999999999735,0.1759999999999735
SRE-JD16-07,exact_or_related,adjacent,58.07000000000016,57.988400000000134,-0.08160000000002299,0.08160000000002299
SRE-JD16-08,exact_or_related,adjacent,75.74479999999996,75.62399999999998,-0.12079999999997426,0.12079999999997426
SRE-JD16-09,exact_or_related,adjacent,71.65919999999996,71.53479999999995,-0.1244000000000085,0.1244000000000085
SRE-JD16-10,divergent,exact_or_related,63.72319999999981,63.649599999999865,-0.07359999999994216,0.07359999999994216
SRE-JD16-11,exact_or_related,adjacent,66.87679999999999,66.8216,-0.05519999999998504,0.05519999999998504
SRE-JD16-12,exact_or_related,adjacent,75.60839999999979,75.5767999999998,-0.0315999999999832,0.0315999999999832
SRE-JD16-13,adjacent,divergent,53.80560000000005,53.856400000000036,0.05079999999998819,0.05079999999998819
SRE-JD16-14,divergent,exact_or_related,64.68600000000018,64.7916000000001,0.10559999999992442,0.10559999999992442
SRE-JD16-15,divergent,exact_or_related,70.35559999999997,70.44479999999997,0.08920000000000528,0.08920000000000528
SRE-JD16-16,exact_or_related,adjacent,79.2904000000003,79.27560000000028,-0.01480000000002235,0.01480000000002235
SRE-JD16-17,exact_or_related,adjacent,72.91839999999985,72.88319999999987,-0.03519999999997481,0.03519999999997481
SRE-JD16-18,exact_or_related,adjacent,62.41960000000015,62.25160000000011,-0.1680000000000419,0.1680000000000419
SRE-JD16-19,exact_or_related,adjacent,82.49959999999993,82.67559999999993,0.17600000000000193,0.17600000000000193
SRE-JD16-20,exact_or_related,adjacent,64.99159999999988,64.96079999999992,-0.03079999999995664,0.03079999999995664
SRE-JD16-21,exact_or_related,adjacent,67.32639999999978,67.24079999999981,-0.08559999999997103,0.08559999999997103
SRE-JD16-22,adjacent,divergent,77.31280000000001,77.37320000000003,0.06040000000001555,0.06040000000001555
SRE-JD16-23,adjacent,divergent,74.11839999999991,74.01880000000001,-0.09959999999989577,0.09959999999989577
SRE-JD16-24,exact_or_related,adjacent,72.69920000000009,72.72200000000004,0.022799999999946863,0.022799999999946863
SRE-JD16-25,exact_or_related,adjacent,85.84920000000011,85.84480000000005,-0.0044000000000608,0.0044000000000608
SRE-JD16-26,exact_or_related,adjacent,57.88079999999985,57.80639999999989,-0.07439999999996161,0.07439999999996161
SRE-JD16-27,adjacent,divergent,76.99959999999997,77.00880000000001,0.009200000000035402,0.009200000000035402
SRE-JD16-28,adjacent,divergent,73.26399999999985,73.53439999999989,0.2704000000000377,0.2704000000000377
SRE-JD16-29,divergent,exact_or_related,77.99480000000018,77.98760000000014,-0.007200000000040063,0.007200000000040063
SRE-JD16-30,exact_or_related,adjacent,74.42719999999993,74.35719999999996,-0.06999999999996476,0.06999999999996476
SRE-JD16-31,adjacent,divergent,67.98080000000002,67.98519999999998,0.004399999999961324,0.004399999999961324
SRE-JD16-32,exact_or_related,adjacent,68.80399999999997,68.76759999999996,-0.03640000000001464,0.03640000000001464
SRE-JD16-33,divergent,exact_or_related,87.73440000000001,87.73319999999994,-0.0012000000000682576,0.0012000000000682576
SRE-JD16-34,divergent,exact_or_related,78.072,77.97239999999995,-0.09960000000005209,0.09960000000005209
SRE-JD16-35,divergent,exact_or_related,76.38159999999978,76.41119999999981,0.02960000000003049,0.02960000000003049
SRE-JD16-36,exact_or_related,adjacent,74.33640000000022,74.42200000000011,0.08559999999988577,0.08559999999988577
SRE-JD16-37,exact_or_related,adjacent,68.47440000000007,68.51280000000004,0.03839999999996735,0.03839999999996735
SRE-JD16-38,exact_or_related,adjacent,53.770799999999916,53.760799999999904,-0.010000000000012221,0.010000000000012221
SRE-JD16-39,divergent,exact_or_related,79.43040000000008,79.41000000000005,-0.02040000000002351,0.02040000000002351
SRE-JD16-40,exact_or_related,adjacent,59.65199999999989,59.46519999999991,-0.18679999999997676,0.18679999999997676
SRE-JD16-41,exact_or_related,adjacent,68.64800000000007,68.66080000000002,0.012799999999955958,0.012799999999955958
SRE-JD16-42,divergent,exact_or_related,80.86520000000026,80.76920000000017,-0.0960000000000889,0.0960000000000889
SRE-JD16-43,exact_or_related,adjacent,76.56080000000026,76.49200000000016,-0.06880000000009545,0.06880000000009545
SRE-JD16-44,divergent,exact_or_related,63.938000000000166,63.77000000000017,-0.16799999999999926,0.16799999999999926
SRE-JD16-45,divergent,exact_or_related,65.90959999999974,65.97399999999983,0.0644000000000915,0.0644000000000915
SRE-JD16-46,exact_or_related,adjacent,67.94159999999985,67.92159999999984,-0.020000000000010232,0.020000000000010232
SRE-JD16-47,exact_or_related,adjacent,71.2032000000001,71.15720000000009,-0.04600000000000648,0.04600000000000648
SRE-JD16-48,exact_or_related,adjacent,64.56719999999981,64.56839999999985,0.0012000000000398359,0.0012000000000398359
SRE-JD16-49,exact_or_related,adjacent,69.62679999999992,69.60319999999997,-0.023599999999945,0.023599999999945
SRE-JD16-50,divergent,exact_or_related,71.41879999999979,71.49039999999985,0.0716000000000605,0.0716000000000605
SRE-JD16-51,adjacent,divergent,58.063599999999994,57.94559999999997,-0.11800000000002342,0.11800000000002342
SRE-JD16-52,adjacent,divergent,75.4591999999998,75.44559999999983,-0.013599999999968304,0.013599999999968304
SRE-JD16-53,exact_or_related,adjacent,65.64079999999996,65.65439999999997,0.013600000000010937,0.013600000000010937
SRE-JD16-54,exact_or_related,adjacent,74.57960000000021,74.56280000000017,-0.01680000000004611,0.01680000000004611
SRE-JD16-55,divergent,exact_or_related,82.17839999999991,82.12199999999993,-0.05639999999998224,0.05639999999998224
SRE-JD16-56,exact_or_related,adjacent,61.11200000000021,61.2420000000002,0.12999999999999545,0.12999999999999545
SRE-JD16-57,exact_or_related,adjacent,80.14320000000012,80.07800000000013,-0.06519999999999015,0.06519999999999015
SRE-JD16-58,adjacent,divergent,80.70480000000009,80.74040000000011,0.03560000000001651,0.03560000000001651
SRE-JD16-59,exact_or_related,adjacent,60.89879999999998,61.03600000000001,0.1372000000000284,0.1372000000000284
SRE-JD16-60,exact_or_related,adjacent,70.27560000000024,70.0956000000002,-0.18000000000003524,0.18000000000003524
SRE-JD16-61,divergent,exact_or_related,81.75280000000001,81.6312,-0.12160000000000082,0.12160000000000082
SRE-JD16-62,exact_or_related,adjacent,63.15599999999982,63.20799999999984,0.05200000000002092,0.05200000000002092
SRE-JD16-63,exact_or_related,adjacent,61.002399999999994,60.97639999999999,-0.026000000000003354,0.026000000000003354
SRE-JD16-64,divergent,exact_or_related,77.58280000000015,77.54840000000019,-0.03439999999996246,0.03439999999996246
SRE-JD16-65,adjacent,divergent,65.68479999999984,65.53359999999991,-0.15119999999993183,0.15119999999993183
SRE-JD16-66,divergent,exact_or_related,65.42880000000021,65.38680000000012,-0.04200000000008686,0.04200000000008686
SRE-JD16-67,adjacent,divergent,69.71040000000018,69.58920000000009,-0.12120000000008702,0.12120000000008702
SRE-JD16-68,divergent,exact_or_related,81.59199999999971,81.94879999999975,0.3568000000000353,0.3568000000000353
SRE-JD16-69,exact_or_related,adjacent,76.6964000000001,76.71320000000011,0.01680000000001769,0.01680000000001769
SRE-JD16-70,exact_or_related,adjacent,77.54119999999992,77.52959999999995,-0.011599999999972965,0.011599999999972965
SRE-JD16-71,exact_or_related,adjacent,62.02760000000021,61.933600000000176,-0.09400000000003672,0.09400000000003672
SRE-JD16-72,exact_or_related,adjacent,71.12360000000018,71.13520000000015,0.011599999999972965,0.011599999999972965
SRE-JD16-73,adjacent,divergent,79.36399999999978,79.30879999999988,-0.055199999999899774,0.055199999999899774
SRE-JD16-74,exact_or_related,adjacent,79.3904,79.3664,-0.02400000000000091,0.02400000000000091
SRE-JD16-75,adjacent,divergent,66.16959999999993,66.17159999999993,0.001999999999995339,0.001999999999995339
SRE-JD16-76,exact_or_related,adjacent,64.38880000000006,64.42920000000004,0.0403999999999769,0.0403999999999769
SRE-JD16-77,exact_or_related,adjacent,73.40879999999973,73.44919999999973,0.04040000000000532,0.04040000000000532
SRE-JD16-78,exact_or_related,adjacent,77.22279999999995,77.26159999999999,0.03880000000003747,0.03880000000003747
SRE-JD16-79,adjacent,divergent,71.36240000000002,71.4184,0.055999999999983174,0.055999999999983174
SRE-JD16-80,adjacent,divergent,72.02200000000003,72.07400000000003,0.0519999999999925,0.0519999999999925
SRE-JD16-81,exact_or_related,adjacent,82.43359999999997,82.34959999999997,-0.08400000000000318,0.08400000000000318
SRE-JD16-82,adjacent,divergent,76.42320000000001,76.45119999999999,0.027999999999977376,0.027999999999977376
SRE-JD16-83,adjacent,divergent,87.95799999999973,87.82639999999978,-0.1315999999999491,0.1315999999999491
SRE-JD16-84,exact_or_related,adjacent,84.18360000000024,84.26120000000017,0.07759999999993283,0.07759999999993283
SRE-JD16-85,exact_or_related,adjacent,82.64800000000002,83.03320000000006,0.3852000000000402,0.3852000000000402
SRE-JD16-86,exact_or_related,adjacent,69.27719999999987,69.23919999999995,-0.03799999999991144,0.03799999999991144
SRE-JD16-87,divergent,exact_or_related,77.1671999999998,77.11679999999993,-0.05039999999986833,0.05039999999986833
SRE-JD16-88,exact_or_related,adjacent,74.14559999999992,74.15239999999987,0.00679999999995573,0.00679999999995573
SRE-JD16-89,adjacent,divergent,69.23119999999984,69.25159999999985,0.0204000000000093,0.0204000000000093
SRE-JD16-90,exact_or_related,adjacent,62.101600000000005,62.136400000000016,0.034800000000011266,0.034800000000011266
SRE-JD16-91,adjacent,divergent,68.1011999999998,68.1811999999999,0.08000000000009777,0.08000000000009777
SRE-JD16-92,exact_or_related,adjacent,68.6904,68.6656,-0.024799999999999045,0.024799999999999045
SRE-JD16-93,exact_or_related,adjacent,87.63319999999989,87.81759999999991,0.184400000000025,0.184400000000025
SRE-JD16-94,exact_or_related,adjacent,75.68999999999998,75.66399999999999,-0.02599999999999625,0.02599999999999625
SRE-JD16-95,exact_or_related,adjacent,75.97720000000002,75.99719999999998,0.01999999999995339,0.01999999999995339
SRE-JD16-96,adjacent,divergent,54.776000000000025,54.792000000000016,0.015999999999991132,0.015999999999991132
SRE-JD16-97,exact_or_related,adjacent,73.10599999999998,73.02719999999994,-0.07880000000004372,0.07880000000004372
SRE-JD16-98,exact_or_related,adjacent,61.19839999999995,61.21039999999989,0.011999999999943611,0.011999999999943611
SRE-JD16-99,adjacent,divergent,72.76039999999998,72.78400000000002,0.023600000000044474,0.023600000000044474
SRE-JD16-100,adjacent,divergent,84.25079999999997,84.23879999999993,-0.012000000000043087,0.012000000000043087
QA-JD17-01,divergent,exact_or_related,64.92279999999992,64.9231999999999,0.00039999999997064606,0.00039999999997064606
QA-JD17-02,adjacent,divergent,57.57520000000004,57.47880000000003,-0.09640000000000981,0.09640000000000981
QA-JD17-03,exact_or_related,adjacent,74.42999999999994,74.42559999999992,-0.004400000000018167,0.004400000000018167
QA-JD17-04,exact_or_related,adjacent,69.84239999999981,69.7595999999999,-0.0827999999999065,0.0827999999999065
QA-JD17-05,exact_or_related,adjacent,62.96280000000023,62.965600000000194,0.0027999999999650527,0.0027999999999650527
QA-JD17-06,exact_or_related,adjacent,67.42440000000012,67.41680000000014,-0.007599999999982288,0.007599999999982288
QA-JD17-07,divergent,exact_or_related,58.22320000000007,58.258800000000086,0.03560000000001651,0.03560000000001651
QA-JD17-08,adjacent,divergent,72.34800000000021,72.2944000000001,-0.053600000000116665,0.053600000000116665
QA-JD17-09,adjacent,divergent,76.0048,76.02760000000004,0.022800000000032128,0.022800000000032128
QA-JD17-10,adjacent,divergent,60.356800000000014,60.25879999999998,-0.0980000000000345,0.0980000000000345
QA-JD17-11,exact_or_related,adjacent,77.61799999999997,77.61760000000004,-0.0003999999999280135,0.0003999999999280135
QA-JD17-12,exact_or_related,adjacent,78.1540000000001,78.18240000000009,0.028399999999990655,0.028399999999990655
QA-JD17-13,exact_or_related,adjacent,63.312799999999875,63.35799999999997,0.04520000000009361,0.04520000000009361
QA-JD17-14,exact_or_related,adjacent,72.89639999999999,72.90839999999997,0.011999999999986244,0.011999999999986244
QA-JD17-15,exact_or_related,adjacent,66.52919999999979,66.53239999999984,0.0032000000000493856,0.0032000000000493856
QA-JD17-16,exact_or_related,adjacent,73.9556,73.91919999999996,-0.036400000000043065,0.036400000000043065
QA-JD17-17,exact_or_related,adjacent,66.12240000000001,66.11720000000005,-0.005199999999959459,0.005199999999959459
QA-JD17-18,exact_or_related,adjacent,73.45680000000027,73.37320000000022,-0.08360000000004675,0.08360000000004675
QA-JD17-19,exact_or_related,adjacent,85.7148000000001,85.68120000000005,-0.03360000000004959,0.03360000000004959
QA-JD17-20,adjacent,divergent,70.824,70.8252,0.0011999999999972033,0.0011999999999972033
QA-JD17-21,exact_or_related,adjacent,70.22279999999976,70.11759999999981,-0.10519999999995377,0.10519999999995377
QA-JD17-22,exact_or_related,adjacent,73.4008,73.27680000000002,-0.12399999999998101,0.12399999999998101
QA-JD17-23,adjacent,divergent,67.0543999999998,67.0339999999998,-0.02039999999999509,0.02039999999999509
QA-JD17-24,divergent,exact_or_related,74.88319999999997,74.56439999999996,-0.3188000000000102,0.3188000000000102
QA-JD17-25,exact_or_related,adjacent,72.41160000000009,72.4568000000001,0.045200000000008345,0.045200000000008345
QA-JD17-26,adjacent,divergent,87.84359999999984,87.72319999999986,-0.1203999999999752,0.1203999999999752
QA-JD17-27,exact_or_related,adjacent,61.53800000000015,61.515600000000155,-0.022399999999997533,0.022399999999997533
QA-JD17-28,adjacent,divergent,69.88920000000013,69.86880000000014,-0.02039999999999509,0.02039999999999509
QA-JD17-29,adjacent,divergent,75.39400000000019,75.40120000000014,0.007199999999954798,0.007199999999954798
QA-JD17-30,divergent,exact_or_related,70.41120000000006,70.48280000000003,0.07159999999996103,0.07159999999996103
QA-JD17-31,adjacent,divergent,74.60480000000021,74.7052000000002,0.10039999999999338,0.10039999999999338
QA-JD17-32,exact_or_related,adjacent,72.82719999999999,72.83839999999998,0.011199999999988108,0.011199999999988108
QA-JD17-33,exact_or_related,adjacent,79.8372,79.82280000000003,-0.01439999999996644,0.01439999999996644
QA-JD17-34,exact_or_related,adjacent,81.56239999999997,81.66199999999995,0.09959999999998104,0.09959999999998104
QA-JD17-35,exact_or_related,adjacent,72.96840000000002,72.96599999999997,-0.00240000000005125,0.00240000000005125
QA-JD17-36,adjacent,divergent,83.1972000000001,83.0636000000001,-0.13360000000000127,0.13360000000000127
QA-JD17-37,exact_or_related,adjacent,77.81479999999974,77.84999999999978,0.03520000000004586,0.03520000000004586
QA-JD17-38,exact_or_related,adjacent,71.57280000000023,71.6212000000002,0.048399999999972465,0.048399999999972465
QA-JD17-39,exact_or_related,adjacent,63.585999999999856,63.67079999999989,0.08480000000003685,0.08480000000003685
QA-JD17-40,adjacent,divergent,75.80840000000006,75.94480000000004,0.13639999999998054,0.13639999999998054
QA-JD17-41,exact_or_related,adjacent,58.84080000000001,58.61280000000001,-0.22800000000000153,0.22800000000000153
QA-JD17-42,exact_or_related,adjacent,84.466,84.51679999999999,0.05079999999999529,0.05079999999999529
QA-JD17-43,adjacent,divergent,65.42239999999984,65.47759999999988,0.05520000000004188,0.05520000000004188
QA-JD17-44,adjacent,divergent,72.8371999999998,72.84039999999983,0.0032000000000351747,0.0032000000000351747
QA-JD17-45,adjacent,divergent,76.47040000000001,76.54880000000001,0.07840000000000202,0.07840000000000202
QA-JD17-46,exact_or_related,adjacent,65.81319999999998,65.83959999999996,0.026399999999981105,0.026399999999981105
QA-JD17-47,exact_or_related,adjacent,72.84840000000004,72.84080000000004,-0.0075999999999964984,0.0075999999999964984
QA-JD17-48,adjacent,divergent,78.03120000000006,78.09599999999998,0.06479999999992003,0.06479999999992003
QA-JD17-49,exact_or_related,adjacent,72.1036,72.154,0.050399999999996226,0.050399999999996226
QA-JD17-50,divergent,exact_or_related,78.37439999999998,78.35999999999999,-0.014399999999994861,0.014399999999994861
QA-JD17-51,adjacent,divergent,69.30200000000009,69.21079999999999,-0.09120000000010009,0.09120000000010009
QA-JD17-52,exact_or_related,adjacent,74.0776,73.94879999999996,-0.12880000000004088,0.12880000000004088
QA-JD17-53,exact_or_related,adjacent,78.25560000000004,78.19920000000003,-0.056400000000010664,0.056400000000010664
QA-JD17-54,exact_or_related,adjacent,76.97759999999992,77.0395999999999,0.06199999999996919,0.06199999999996919
QA-JD17-55,exact_or_related,adjacent,80.56720000000013,80.56960000000015,0.0024000000000228283,0.0024000000000228283
QA-JD17-56,exact_or_related,adjacent,61.54400000000001,61.60800000000008,0.06400000000007111,0.06400000000007111
QA-JD17-57,exact_or_related,adjacent,73.7416000000001,73.72480000000006,-0.01680000000004611,0.01680000000004611
QA-JD17-58,divergent,exact_or_related,86.53040000000001,86.48920000000001,-0.041200000000003456,0.041200000000003456
QA-JD17-59,adjacent,divergent,76.96959999999999,77.07959999999994,0.1099999999999568,0.1099999999999568
QA-JD17-60,adjacent,divergent,76.66040000000005,76.76400000000002,0.10359999999997171,0.10359999999997171
QA-JD17-61,exact_or_related,adjacent,61.83200000000011,61.845600000000054,0.013599999999946988,0.013599999999946988
QA-JD17-62,exact_or_related,adjacent,71.1156000000001,71.14720000000008,0.0315999999999832,0.0315999999999832
QA-JD17-63,exact_or_related,adjacent,69.80879999999996,69.77680000000002,-0.03199999999993963,0.03199999999993963
QA-JD17-64,exact_or_related,adjacent,80.59040000000023,80.56160000000013,-0.02880000000010341,0.02880000000010341
QA-JD17-65,exact_or_related,adjacent,65.90079999999983,65.97519999999983,0.07439999999999714,0.07439999999999714
QA-JD17-66,exact_or_related,adjacent,75.73479999999994,75.7411999999999,0.006399999999970873,0.006399999999970873
QA-JD17-67,divergent,exact_or_related,87.56320000000002,87.55680000000001,-0.006400000000013506,0.006400000000013506
QA-JD17-68,adjacent,divergent,62.650799999999876,62.61199999999995,-0.038799999999923784,0.038799999999923784
QA-JD17-69,exact_or_related,adjacent,77.33119999999977,77.22479999999986,-0.10639999999990835,0.10639999999990835
QA-JD17-70,exact_or_related,adjacent,77.69320000000006,77.73920000000003,0.04599999999996385,0.04599999999996385
QA-JD17-71,exact_or_related,adjacent,82.86680000000004,83.16160000000006,0.2948000000000235,0.2948000000000235
QA-JD17-72,exact_or_related,adjacent,74.56999999999996,74.56039999999996,-0.009600000000006048,0.009600000000006048
QA-JD17-73,exact_or_related,adjacent,66.83799999999997,66.87200000000001,0.03400000000004866,0.03400000000004866
QA-JD17-74,exact_or_related,adjacent,82.99279999999975,83.08319999999979,0.09040000000004511,0.09040000000004511
QA-JD17-75,adjacent,divergent,69.79159999999989,69.87639999999986,0.0847999999999729,0.0847999999999729
QA-JD17-76,divergent,exact_or_related,65.53719999999979,65.56319999999988,0.026000000000095724,0.026000000000095724
QA-JD17-77,exact_or_related,adjacent,73.51320000000023,73.46960000000021,-0.043600000000012074,0.043600000000012074
QA-JD17-78,adjacent,divergent,65.88200000000018,65.81280000000015,-0.06920000000002346,0.06920000000002346
QA-JD17-79,adjacent,divergent,63.5816000000002,63.5844000000002,0.00280000000000058,0.00280000000000058
QA-JD17-80,exact_or_related,adjacent,77.096,77.04079999999999,-0.05520000000001346,0.05520000000001346
QA-JD17-81,adjacent,divergent,71.6976,71.73239999999997,0.03479999999997574,0.03479999999997574
QA-JD17-82,adjacent,divergent,61.02520000000012,61.023600000000044,-0.0016000000000744308,0.0016000000000744308
QA-JD17-83,exact_or_related,adjacent,64.72919999999999,64.68440000000002,-0.044799999999966644,0.044799999999966644
QA-JD17-84,adjacent,divergent,80.28080000000007,80.2744000000001,-0.006399999999970873,0.006399999999970873
QA-JD17-85,exact_or_related,adjacent,86.89400000000005,86.86599999999999,-0.02800000000006264,0.02800000000006264
QA-JD17-86,divergent,exact_or_related,74.79279999999977,74.68439999999984,-0.1083999999999321,0.1083999999999321
QA-JD17-87,exact_or_related,adjacent,79.9248,79.9516,0.026799999999994384,0.026799999999994384
QA-JD17-88,exact_or_related,adjacent,71.59880000000003,71.67040000000003,0.07160000000000366,0.07160000000000366
QA-JD17-89,exact_or_related,adjacent,64.82039999999982,64.69599999999988,-0.12439999999993745,0.12439999999993745
QA-JD17-90,exact_or_related,adjacent,69.3347999999999,69.12519999999991,-0.20959999999999468,0.20959999999999468
QA-JD17-91,divergent,exact_or_related,84.51680000000007,84.5980000000001,0.08120000000002392,0.08120000000002392
QA-JD17-92,divergent,exact_or_related,66.72599999999983,66.71719999999989,-0.008799999999936858,0.008799999999936858
QA-JD17-93,exact_or_related,adjacent,82.7344,82.77720000000004,0.04280000000004236,0.04280000000004236
QA-JD17-94,exact_or_related,adjacent,82.01039999999992,82.07479999999988,0.0643999999999636,0.0643999999999636
QA-JD17-95,adjacent,divergent,80.90759999999996,80.89519999999997,-0.012399999999985312,0.012399999999985312
QA-JD17-96,exact_or_related,adjacent,77.15960000000024,77.18360000000021,0.023999999999972488,0.023999999999972488
QA-JD17-97,exact_or_related,adjacent,78.47120000000004,78.41600000000003,-0.05520000000001346,0.05520000000001346
QA-JD17-98,divergent,exact_or_related,61.12119999999996,61.096399999999946,-0.024800000000013256,0.024800000000013256
QA-JD17-99,divergent,exact_or_related,61.329999999999885,61.3423999999999,0.012400000000013733,0.012400000000013733
QA-JD17-100,exact_or_related,adjacent,62.298000000000215,62.4412000000002,0.143199999999986,0.143199999999986
ST-JD18-01,exact_or_related,adjacent,80.74319999999999,80.74759999999999,0.004400000000003956,0.004400000000003956
ST-JD18-02,exact_or_related,adjacent,89.37720000000023,89.22720000000011,-0.15000000000011937,0.15000000000011937
ST-JD18-03,divergent,exact_or_related,70.34200000000011,70.3456000000001,0.00359999999999161,0.00359999999999161
ST-JD18-04,exact_or_related,adjacent,69.39439999999989,69.46599999999991,0.07160000000001787,0.07160000000001787
ST-JD18-05,divergent,exact_or_related,66.4619999999998,66.55399999999985,0.09200000000004138,0.09200000000004138
ST-JD18-06,adjacent,divergent,72.39720000000023,72.36520000000021,-0.03200000000001069,0.03200000000001069
ST-JD18-07,adjacent,divergent,68.01319999999994,67.99359999999993,-0.019600000000011164,0.019600000000011164
ST-JD18-08,exact_or_related,adjacent,65.41359999999989,65.3963999999999,-0.017199999999988336,0.017199999999988336
ST-JD18-09,adjacent,divergent,73.73239999999979,73.59479999999998,-0.1375999999998072,0.1375999999998072
ST-JD18-10,divergent,exact_or_related,67.10000000000022,67.11320000000016,0.013199999999940815,0.013199999999940815
ST-JD18-11,exact_or_related,adjacent,75.40839999999977,75.3591999999998,-0.0491999999999706,0.0491999999999706
ST-JD18-12,exact_or_related,adjacent,68.15039999999995,67.99319999999999,-0.15719999999996048,0.15719999999996048
ST-JD18-13,exact_or_related,adjacent,71.50320000000012,71.51360000000011,0.010399999999989973,0.010399999999989973
ST-JD18-14,exact_or_related,adjacent,53.639600000000165,53.68880000000015,0.04919999999998481,0.04919999999998481
ST-JD18-15,adjacent,divergent,68.80039999999993,68.85599999999994,0.05560000000001253,0.05560000000001253
ST-JD18-16,adjacent,divergent,57.253999999999905,57.139199999999896,-0.11480000000000956,0.11480000000000956
ST-JD18-17,adjacent,divergent,75.06640000000003,75.15559999999998,0.08919999999994843,0.08919999999994843
ST-JD18-18,exact_or_related,adjacent,74.50320000000002,74.56519999999999,0.06199999999996919,0.06199999999996919
ST-JD18-19,adjacent,divergent,64.33160000000018,64.42480000000012,0.09319999999993911,0.09319999999993911
ST-JD18-20,exact_or_related,adjacent,84.67199999999985,84.58599999999986,-0.08599999999999852,0.08599999999999852
ST-JD18-21,exact_or_related,adjacent,73.78360000000022,73.84760000000017,0.06399999999995032,0.06399999999995032
ST-JD18-22,exact_or_related,adjacent,75.08400000000006,75.01720000000007,-0.06679999999998643,0.06679999999998643
ST-JD18-23,exact_or_related,adjacent,83.41919999999995,83.4252,0.006000000000057071,0.006000000000057071
ST-JD18-24,exact_or_related,adjacent,69.29119999999975,69.2775999999998,-0.013599999999954093,0.013599999999954093
ST-JD18-25,adjacent,divergent,71.94360000000026,71.95480000000022,0.011199999999959687,0.011199999999959687
ST-JD18-26,exact_or_related,adjacent,79.75600000000001,79.81639999999994,0.06039999999993029,0.06039999999993029
ST-JD18-27,exact_or_related,adjacent,74.33960000000002,74.43480000000008,0.09520000000006235,0.09520000000006235
ST-JD18-28,exact_or_related,adjacent,66.83839999999996,66.72600000000001,-0.1123999999999512,0.1123999999999512
ST-JD18-29,adjacent,divergent,66.74560000000012,66.65680000000008,-0.08880000000004884,0.08880000000004884
ST-JD18-30,exact_or_related,adjacent,77.0796,77.07800000000002,-0.0015999999999820602,0.0015999999999820602
ST-JD18-31,exact_or_related,adjacent,77.236,77.24119999999999,0.005199999999987881,0.005199999999987881
ST-JD18-32,exact_or_related,adjacent,76.70800000000007,76.73600000000005,0.027999999999977376,0.027999999999977376
ST-JD18-33,exact_or_related,adjacent,66.46520000000008,66.50760000000007,0.04239999999998645,0.04239999999998645
ST-JD18-34,exact_or_related,adjacent,74.8844000000002,74.95320000000017,0.06879999999996755,0.06879999999996755
ST-JD18-35,divergent,exact_or_related,77.96999999999998,77.88959999999997,-0.08040000000001157,0.08040000000001157
ST-JD18-36,exact_or_related,adjacent,81.29279999999994,81.28079999999996,-0.011999999999986244,0.011999999999986244
ST-JD18-37,exact_or_related,adjacent,61.802400000000155,61.708400000000175,-0.09399999999997988,0.09399999999997988
ST-JD18-38,exact_or_related,adjacent,70.98839999999993,70.93359999999993,-0.05480000000000018,0.05480000000000018
ST-JD18-39,exact_or_related,adjacent,66.9228,66.97999999999995,0.057199999999951956,0.057199999999951956
ST-JD18-40,exact_or_related,adjacent,74.76079999999979,74.67399999999985,-0.08679999999993981,0.08679999999993981
ST-JD18-41,exact_or_related,adjacent,78.63759999999974,78.54279999999977,-0.0947999999999638,0.0947999999999638
ST-JD18-42,exact_or_related,adjacent,73.998,73.92760000000006,-0.07039999999994961,0.07039999999994961
ST-JD18-43,exact_or_related,adjacent,64.02839999999999,64.03120000000003,0.002800000000036107,0.002800000000036107
ST-JD18-44,exact_or_related,adjacent,66.97879999999981,66.99839999999983,0.019600000000025375,0.019600000000025375
ST-JD18-45,adjacent,divergent,64.15720000000016,64.19400000000013,0.03679999999997108,0.03679999999997108
ST-JD18-46,exact_or_related,adjacent,60.675599999999854,60.72719999999993,0.051600000000078694,0.051600000000078694
ST-JD18-47,adjacent,divergent,80.52840000000022,80.61800000000017,0.0895999999999475,0.0895999999999475
ST-JD18-48,exact_or_related,adjacent,72.52680000000021,72.54600000000018,0.019199999999969464,0.019199999999969464
ST-JD18-49,adjacent,divergent,75.35399999999984,75.50159999999987,0.1476000000000255,0.1476000000000255
ST-JD18-50,exact_or_related,adjacent,78.5756,78.64080000000003,0.06520000000003279,0.06520000000003279
ST-JD18-51,exact_or_related,adjacent,75.05200000000019,75.14040000000017,0.08839999999997872,0.08839999999997872
ST-JD18-52,adjacent,divergent,73.02800000000023,73.11160000000021,0.0835999999999757,0.0835999999999757
ST-JD18-53,exact_or_related,adjacent,62.247599999999856,62.306799999999924,0.05920000000006809,0.05920000000006809
ST-JD18-54,exact_or_related,adjacent,67.8891999999998,67.94639999999983,0.05720000000002301,0.05720000000002301
ST-JD18-55,exact_or_related,adjacent,68.6668,68.42239999999998,-0.24440000000001305,0.24440000000001305
ST-JD18-56,exact_or_related,adjacent,67.5744,67.56119999999997,-0.01320000000002608,0.01320000000002608
ST-JD18-57,exact_or_related,adjacent,76.07560000000002,76.09319999999998,0.017599999999958982,0.017599999999958982
ST-JD18-58,adjacent,divergent,80.12999999999974,80.0451999999998,-0.08479999999994448,0.08479999999994448
ST-JD18-59,adjacent,divergent,75.97039999999994,76.06959999999995,0.09920000000001039,0.09920000000001039
ST-JD18-60,adjacent,divergent,87.07439999999966,87.04759999999968,-0.026799999999980173,0.026799999999980173
ST-JD18-61,exact_or_related,adjacent,68.01879999999983,68.02359999999989,0.0048000000000598675,0.0048000000000598675
ST-JD18-62,exact_or_related,adjacent,56.200800000000164,56.23520000000015,0.03439999999998378,0.03439999999998378
ST-JD18-63,adjacent,divergent,76.29039999999976,76.35599999999982,0.06560000000006028,0.06560000000006028
ST-JD18-64,adjacent,divergent,63.26719999999988,63.35559999999996,0.0884000000000782,0.0884000000000782
ST-JD18-65,divergent,exact_or_related,75.57800000000023,75.55360000000024,-0.024399999999985766,0.024399999999985766
ST-JD18-66,adjacent,divergent,75.97520000000021,76.02080000000018,0.04559999999996478,0.04559999999996478
ST-JD18-67,exact_or_related,adjacent,71.7644,71.79480000000002,0.030400000000028626,0.030400000000028626
ST-JD18-68,exact_or_related,adjacent,77.2764,77.2327999999999,-0.04360000000009734,0.04360000000009734
ST-JD18-69,exact_or_related,adjacent,66.17440000000015,66.23480000000015,0.06040000000000134,0.06040000000000134
ST-JD18-70,exact_or_related,adjacent,83.17080000000006,83.21160000000009,0.04080000000003281,0.04080000000003281
ST-JD18-71,exact_or_related,adjacent,74.31720000000023,74.30320000000017,-0.014000000000052637,0.014000000000052637
ST-JD18-72,exact_or_related,adjacent,70.20000000000017,70.10920000000016,-0.09080000000001576,0.09080000000001576
ST-JD18-73,exact_or_related,adjacent,77.56400000000005,77.63200000000003,0.06799999999998363,0.06799999999998363
ST-JD18-74,exact_or_related,adjacent,60.29679999999986,60.12919999999989,-0.16759999999997177,0.16759999999997177
ST-JD18-75,exact_or_related,adjacent,65.52160000000002,65.56640000000003,0.04480000000000928,0.04480000000000928
ST-JD18-76,adjacent,divergent,63.40119999999997,63.36000000000002,-0.04119999999994661,0.04119999999994661
ST-JD18-77,adjacent,divergent,61.568000000000126,61.59320000000006,0.025199999999934164,0.025199999999934164
ST-JD18-78,exact_or_related,adjacent,76.31600000000002,76.26600000000002,-0.04999999999999716,0.04999999999999716
ST-JD18-79,adjacent,divergent,86.01199999999997,85.91839999999996,-0.09360000000000923,0.09360000000000923
ST-JD18-80,exact_or_related,adjacent,61.01720000000005,60.99840000000007,-0.018799999999984607,0.018799999999984607
ST-JD18-81,exact_or_related,adjacent,81.18800000000024,81.25040000000023,0.06239999999998247,0.06239999999998247
ST-JD18-82,exact_or_related,adjacent,83.7148,83.84639999999996,0.1315999999999633,0.1315999999999633
ST-JD18-83,exact_or_related,adjacent,73.10560000000001,73.07960000000001,-0.02599999999999625,0.02599999999999625
ST-JD18-84,adjacent,divergent,75.46239999999975,75.50919999999978,0.04680000000003304,0.04680000000003304
ST-JD18-85,exact_or_related,adjacent,86.20399999999998,85.92519999999996,-0.27880000000001814,0.27880000000001814
ST-JD18-86,divergent,exact_or_related,80.05519999999974,80.4219999999998,0.36680000000005464,0.36680000000005464
ST-JD18-87,exact_or_related,adjacent,74.0984,74.1484,0.04999999999999716,0.04999999999999716
ST-JD18-88,exact_or_related,adjacent,80.27320000000026,80.22920000000025,-0.04400000000001114,0.04400000000001114
ST-JD18-89,adjacent,divergent,70.26720000000022,70.26080000000019,-0.006400000000027717,0.006400000000027717
ST-JD18-90,divergent,exact_or_related,67.54720000000005,67.69320000000005,0.1460000000000008,0.1460000000000008
ST-JD18-91,exact_or_related,adjacent,69.5584000000001,69.42200000000008,-0.13640000000002317,0.13640000000002317
ST-JD18-92,exact_or_related,adjacent,67.37320000000011,67.3560000000001,-0.017200000000016757,0.017200000000016757
ST-JD18-93,exact_or_related,adjacent,69.71599999999994,69.77319999999996,0.05720000000002301,0.05720000000002301
ST-JD18-94,divergent,exact_or_related,70.1116000000001,70.0480000000001,-0.06359999999999388,0.06359999999999388
ST-JD18-95,exact_or_related,adjacent,83.65080000000012,83.77000000000011,0.1191999999999922,0.1191999999999922
ST-JD18-96,divergent,exact_or_related,67.14920000000019,67.03240000000012,-0.11680000000006885,0.11680000000006885
ST-JD18-97,adjacent,divergent,62.77280000000016,62.708800000000174,-0.06399999999998585,0.06399999999998585
ST-JD18-98,exact_or_related,adjacent,68.81959999999984,68.82559999999992,0.0060000000000854925,0.0060000000000854925
ST-JD18-99,exact_or_related,adjacent,82.37120000000006,82.23960000000007,-0.13159999999999172,0.13159999999999172
ST-JD18-100,exact_or_related,adjacent,65.31399999999982,65.30039999999985,-0.013599999999968304,0.013599999999968304
AE-JD19-01,exact_or_related,adjacent,77.98240000000014,77.81200000000015,-0.17039999999998656,0.17039999999998656
AE-JD19-02,divergent,exact_or_related,77.15359999999976,76.96879999999985,-0.18479999999991037,0.18479999999991037
AE-JD19-03,exact_or_related,adjacent,73.49240000000022,73.52600000000018,0.033599999999964325,0.033599999999964325
AE-JD19-04,exact_or_related,adjacent,79.0136000000002,79.1440000000001,0.13039999999990926,0.13039999999990926
AE-JD19-05,exact_or_related,adjacent,75.88839999999998,75.8356,-0.05279999999997642,0.05279999999997642
AE-JD19-06,exact_or_related,adjacent,88.5655999999997,88.51719999999969,-0.0484000000000151,0.0484000000000151
AE-JD19-07,adjacent,divergent,61.19959999999981,61.20959999999988,0.010000000000069065,0.010000000000069065
AE-JD19-08,exact_or_related,adjacent,83.19719999999991,83.23039999999986,0.033199999999951046,0.033199999999951046
AE-JD19-09,divergent,exact_or_related,67.7252000000002,67.71560000000018,-0.009600000000020259,0.009600000000020259
AE-JD19-10,exact_or_related,adjacent,74.21079999999996,74.27920000000002,0.06840000000005375,0.06840000000005375
AE-JD19-11,exact_or_related,adjacent,78.07040000000006,78.09440000000006,0.02400000000000091,0.02400000000000091
AE-JD19-12,exact_or_related,adjacent,71.51520000000006,71.47160000000007,-0.04359999999999786,0.04359999999999786
AE-JD19-13,exact_or_related,adjacent,69.82879999999993,69.74879999999996,-0.07999999999996987,0.07999999999996987
AE-JD19-14,adjacent,divergent,73.68159999999973,73.5315999999999,-0.14999999999983515,0.14999999999983515
AE-JD19-15,exact_or_related,adjacent,87.7947999999998,87.7391999999998,-0.05559999999999832,0.05559999999999832
AE-JD19-16,exact_or_related,adjacent,75.97160000000022,76.0044000000002,0.0327999999999804,0.0327999999999804
AE-JD19-17,exact_or_related,adjacent,57.563200000000165,57.53320000000013,-0.030000000000036664,0.030000000000036664
AE-JD19-18,exact_or_related,adjacent,80.4388,80.45399999999997,0.015199999999964575,0.015199999999964575
AE-JD19-19,divergent,exact_or_related,86.13720000000008,86.19600000000008,0.05880000000000507,0.05880000000000507
AE-JD19-20,adjacent,divergent,64.58800000000024,64.63240000000022,0.04439999999998179,0.04439999999998179
AE-JD19-21,divergent,exact_or_related,77.07959999999983,77.02319999999989,-0.05639999999993961,0.05639999999993961
AE-JD19-22,divergent,exact_or_related,69.81599999999987,69.93279999999992,0.11680000000004043,0.11680000000004043
AE-JD19-23,divergent,exact_or_related,78.7624,78.61599999999999,-0.14640000000001407,0.14640000000001407
AE-JD19-24,divergent,exact_or_related,65.82200000000022,65.79120000000016,-0.030800000000056116,0.030800000000056116
AE-JD19-25,adjacent,divergent,76.37120000000002,76.3888,0.017599999999987403,0.017599999999987403
AE-JD19-26,exact_or_related,adjacent,74.7412,74.70599999999999,-0.03520000000001744,0.03520000000001744
AE-JD19-27,exact_or_related,adjacent,61.86599999999999,61.77760000000002,-0.08839999999997161,0.08839999999997161
AE-JD19-28,exact_or_related,adjacent,75.63680000000004,75.62879999999998,-0.00800000000005241,0.00800000000005241
AE-JD19-29,adjacent,divergent,73.17600000000013,73.14400000000013,-0.031999999999996476,0.031999999999996476
AE-JD19-30,exact_or_related,adjacent,64.63720000000006,64.60800000000008,-0.02919999999998879,0.02919999999998879
AE-JD19-31,exact_or_related,adjacent,64.77199999999982,64.97079999999988,0.19880000000006248,0.19880000000006248
AE-JD19-32,adjacent,divergent,66.44640000000017,66.30720000000011,-0.13920000000005928,0.13920000000005928
AE-JD19-33,exact_or_related,adjacent,74.22599999999984,74.16919999999986,-0.05679999999998131,0.05679999999998131
AE-JD19-34,exact_or_related,adjacent,53.918400000000034,53.847200000000036,-0.07119999999999749,0.07119999999999749
AE-JD19-35,exact_or_related,adjacent,72.81199999999994,72.85399999999997,0.04200000000003001,0.04200000000003001
AE-JD19-36,adjacent,divergent,68.7963999999998,68.84959999999984,0.05320000000003233,0.05320000000003233
AE-JD19-37,adjacent,divergent,60.858399999999996,60.84719999999999,-0.011200000000009425,0.011200000000009425
AE-JD19-38,exact_or_related,adjacent,67.17479999999985,67.22679999999983,0.051999999999978286,0.051999999999978286
AE-JD19-39,exact_or_related,adjacent,66.5796,66.62279999999996,0.04319999999995616,0.04319999999995616
AE-JD19-40,exact_or_related,adjacent,70.24400000000006,70.31760000000008,0.07360000000002742,0.07360000000002742
AE-JD19-41,exact_or_related,adjacent,88.05680000000012,88.1640000000001,0.10719999999997754,0.10719999999997754
AE-JD19-42,adjacent,divergent,81.82839999999999,81.78719999999998,-0.041200000000003456,0.041200000000003456
AE-JD19-43,exact_or_related,adjacent,62.366400000000056,62.373200000000075,0.006800000000019679,0.006800000000019679
AE-JD19-44,divergent,exact_or_related,68.86479999999997,68.82039999999994,-0.04440000000003863,0.04440000000003863
AE-JD19-45,exact_or_related,adjacent,82.8839999999999,82.96199999999988,0.07799999999997453,0.07799999999997453
AE-JD19-46,exact_or_related,adjacent,79.5808,79.55319999999998,-0.02760000000002094,0.02760000000002094
AE-JD19-47,exact_or_related,adjacent,74.78479999999998,74.77959999999999,-0.005199999999987881,0.005199999999987881
AE-JD19-48,adjacent,divergent,64.58519999999982,64.57159999999988,-0.013599999999939882,0.013599999999939882
AE-JD19-49,exact_or_related,adjacent,65.20680000000019,65.19000000000014,-0.01680000000004611,0.01680000000004611
AE-JD19-50,adjacent,divergent,73.02199999999979,72.91879999999985,-0.10319999999994423,0.10319999999994423
AE-JD19-51,exact_or_related,adjacent,60.66600000000014,60.592800000000125,-0.07320000000001414,0.07320000000001414
AE-JD19-52,adjacent,divergent,78.40320000000021,78.4508000000002,0.04759999999998854,0.04759999999998854
AE-JD19-53,adjacent,divergent,63.61919999999982,63.6251999999999,0.006000000000078387,0.006000000000078387
AE-JD19-54,exact_or_related,adjacent,84.27159999999986,84.24079999999984,-0.030800000000027694,0.030800000000027694
AE-JD19-55,divergent,exact_or_related,78.2208000000001,78.21080000000012,-0.009999999999976694,0.009999999999976694
AE-JD19-56,exact_or_related,adjacent,79.13480000000027,79.26640000000017,0.13159999999990646,0.13159999999990646
AE-JD19-57,exact_or_related,adjacent,60.998400000000025,60.98080000000004,-0.017599999999987403,0.017599999999987403
AE-JD19-58,exact_or_related,adjacent,64.29480000000001,64.26879999999997,-0.02600000000003888,0.02600000000003888
AE-JD19-59,adjacent,divergent,69.61720000000012,69.7064000000001,0.08919999999997685,0.08919999999997685
AE-JD19-60,adjacent,divergent,67.8784,67.9732,0.09480000000000643,0.09480000000000643
AE-JD19-61,exact_or_related,adjacent,73.20640000000007,73.23840000000004,0.031999999999968054,0.031999999999968054
AE-JD19-62,exact_or_related,adjacent,75.25279999999978,75.28239999999987,0.029600000000087334,0.029600000000087334
AE-JD19-63,adjacent,divergent,68.91560000000008,68.94280000000005,0.02719999999996503,0.02719999999996503
AE-JD19-64,adjacent,divergent,73.49679999999991,73.37240000000003,-0.1243999999998806,0.1243999999998806
AE-JD19-65,adjacent,divergent,70.30680000000001,70.2368,-0.07000000000000739,0.07000000000000739
AE-JD19-66,divergent,exact_or_related,73.80960000000015,73.8156000000001,0.005999999999957595,0.005999999999957595
AE-JD19-67,exact_or_related,adjacent,79.86319999999984,79.90079999999986,0.03760000000002606,0.03760000000002606
AE-JD19-68,exact_or_related,adjacent,68.01560000000009,67.9900000000001,-0.02559999999999718,0.02559999999999718
AE-JD19-69,divergent,exact_or_related,64.00760000000017,64.00040000000008,-0.007200000000082696,0.007200000000082696
AE-JD19-70,divergent,exact_or_related,87.4504,87.61840000000001,0.16800000000000637,0.16800000000000637
AE-JD19-71,divergent,exact_or_related,76.67280000000001,76.5608,-0.11200000000000898,0.11200000000000898
AE-JD19-72,exact_or_related,adjacent,79.07199999999997,79.05039999999995,-0.021600000000020714,0.021600000000020714
AE-JD19-73,exact_or_related,adjacent,86.17959999999998,85.91199999999999,-0.2675999999999874,0.2675999999999874
AE-JD19-74,exact_or_related,adjacent,79.61480000000007,79.72520000000007,0.1103999999999985,0.1103999999999985
AE-JD19-75,adjacent,divergent,72.45439999999982,72.44799999999991,-0.00639999999991403,0.00639999999991403
AE-JD19-76,exact_or_related,adjacent,72.9691999999999,73.01159999999985,0.042399999999943816,0.042399999999943816
AE-JD19-77,adjacent,divergent,78.6292,78.65240000000001,0.023200000000016985,0.023200000000016985
AE-JD19-78,exact_or_related,adjacent,69.3904,69.31200000000007,-0.07839999999993097,0.07839999999993097
AE-JD19-79,exact_or_related,adjacent,69.40040000000013,69.31400000000012,-0.0864000000000118,0.0864000000000118
AE-JD19-80,exact_or_related,adjacent,55.373200000000026,55.51520000000002,0.1419999999999959,0.1419999999999959
AE-JD19-81,adjacent,divergent,62.33200000000003,62.32560000000007,-0.006399999999956663,0.006399999999956663
AE-JD19-82,adjacent,divergent,58.726400000000176,58.77920000000017,0.05279999999999774,0.05279999999999774
AE-JD19-83,exact_or_related,adjacent,66.69199999999985,66.63439999999989,-0.057599999999965235,0.057599999999965235
AE-JD19-84,adjacent,divergent,76.11200000000018,76.07240000000014,-0.03960000000003561,0.03960000000003561
AE-JD19-85,exact_or_related,adjacent,85.67240000000004,85.79800000000002,0.12559999999997729,0.12559999999997729
AE-JD19-86,exact_or_related,adjacent,73.73279999999977,73.72839999999981,-0.004399999999961324,0.004399999999961324
AE-JD19-87,exact_or_related,adjacent,80.89320000000001,80.9132,0.01999999999999602,0.01999999999999602
AE-JD19-88,divergent,exact_or_related,65.46800000000002,65.61319999999998,0.14519999999996003,0.14519999999996003
AE-JD19-89,exact_or_related,adjacent,69.59159999999977,69.56479999999979,-0.026799999999980173,0.026799999999980173
AE-JD19-90,adjacent,divergent,61.74200000000014,61.73080000000009,-0.011200000000052057,0.011200000000052057
AE-JD19-91,exact_or_related,adjacent,68.4919999999999,68.43279999999994,-0.059199999999961506,0.059199999999961506
AE-JD19-92,exact_or_related,adjacent,79.63760000000009,79.62480000000012,-0.012799999999970169,0.012799999999970169
AE-JD19-93,exact_or_related,adjacent,81.7268000000001,81.86280000000006,0.13599999999996726,0.13599999999996726
AE-JD19-94,adjacent,divergent,69.8208000000001,69.82640000000009,0.005599999999986949,0.005599999999986949
AE-JD19-95,divergent,exact_or_related,82.58559999999974,82.51559999999984,-0.06999999999990791,0.06999999999990791
AE-JD19-96,exact_or_related,adjacent,77.46,77.44480000000001,-0.015199999999978786,0.015199999999978786
AE-JD19-97,exact_or_related,adjacent,68.82199999999986,68.85559999999991,0.03360000000004959,0.03360000000004959
AE-JD19-98,divergent,exact_or_related,72.92799999999993,73.02799999999993,0.10000000000000853,0.10000000000000853
AE-JD19-99,exact_or_related,adjacent,76.73160000000003,76.72880000000006,-0.0027999999999650527,0.0027999999999650527
AE-JD19-100,exact_or_related,adjacent,85.4916000000003,85.24880000000029,-0.24280000000001678,0.24280000000001678
