Candidate_ID,orig_rel,cf_rel,pred_orig,pred_cf,diff,abs_diff
SE-JD1-01,divergent,exact_or_related,75.85360846933068,75.72392251388936,-0.12968595544131745,0.12968595544131745
SE-JD1-02,divergent,exact_or_related,75.84913700199603,75.7616747675922,-0.08746223440383005,0.08746223440383005
SE-JD1-03,exact_or_related,adjacent,80.96147460038367,80.87151815421196,-0.08995644617171195,0.08995644617171195
SE-JD1-04,exact_or_related,adjacent,67.31950896350502,67.42431338074338,0.10480441723836975,0.10480441723836975
SE-JD1-05,adjacent,divergent,57.148361078233506,57.077224099819524,-0.07113697841398192,0.07113697841398192
SE-JD1-06,adjacent,divergent,63.775940784461966,63.73011772283954,-0.04582306162242844,0.04582306162242844
SE-JD1-07,divergent,exact_or_related,66.98338491506304,68.10551594207199,1.1221310270089475,1.1221310270089475
SE-JD1-08,exact_or_related,adjacent,59.74227545352211,59.82230995053674,0.08003449701462984,0.08003449701462984
SE-JD1-09,exact_or_related,adjacent,69.25549294788037,68.96357155158627,-0.2919213962941001,0.2919213962941001
SE-JD1-10,exact_or_related,adjacent,70.69934270253087,70.71978909501303,0.02044639248215674,0.02044639248215674
SE-JD1-11,adjacent,divergent,77.62328243847253,77.64734120059366,0.024058762121129007,0.024058762121129007
SE-JD1-12,exact_or_related,adjacent,69.69549385198046,69.74972308208929,0.05422923010883096,0.05422923010883096
SE-JD1-13,exact_or_related,adjacent,76.02072390804707,76.009253494729,-0.011470413318079409,0.011470413318079409
SE-JD1-14,exact_or_related,adjacent,81.08640079728089,81.12692336887983,0.04052257159894168,0.04052257159894168
SE-JD1-15,exact_or_related,adjacent,80.3382365873619,80.43889781424569,0.10066122688378698,0.10066122688378698
SE-JD1-16,exact_or_related,adjacent,83.21829890881823,83.37170143570388,0.1534025268856567,0.1534025268856567
SE-JD1-17,exact_or_related,adjacent,76.3371410010041,75.93591504323622,-0.4012259577678776,0.4012259577678776
SE-JD1-18,exact_or_related,adjacent,71.1907509049171,71.22544216843052,0.03469126351342311,0.03469126351342311
SE-JD1-19,exact_or_related,adjacent,64.72582029407738,64.65175607392055,-0.07406422015682779,0.07406422015682779
SE-JD1-20,divergent,exact_or_related,66.11980131993887,66.30205878792852,0.18225746798964337,0.18225746798964337
SE-JD1-21,exact_or_related,adjacent,75.83027628291482,75.78011705568387,-0.050159227230949455,0.050159227230949455
SE-JD1-22,adjacent,divergent,83.08924056421031,82.91339387143539,-0.17584669277492537,0.17584669277492537
SE-JD1-23,exact_or_related,adjacent,68.2651076845653,67.75938279931411,-0.5057248852511833,0.5057248852511833
SE-JD1-24,exact_or_related,adjacent,84.34301468023584,84.21052262581267,-0.13249205442316736,0.13249205442316736
SE-JD1-25,exact_or_related,adjacent,59.576786314952294,59.67433084876779,0.0975445338154941,0.0975445338154941
SE-JD1-26,adjacent,divergent,75.49343941114438,75.5736818895472,0.08024247840282328,0.08024247840282328
SE-JD1-27,adjacent,divergent,80.1806668386916,80.2162808347965,0.03561399610491378,0.03561399610491378
SE-JD1-28,exact_or_related,adjacent,71.62642086865227,71.72497332450261,0.09855245585033856,0.09855245585033856
SE-JD1-29,exact_or_related,adjacent,66.20558626961565,66.26747758738287,0.06189131776721979,0.06189131776721979
SE-JD1-30,divergent,exact_or_related,61.482777362452886,61.48442424566203,0.001646883209140526,0.001646883209140526
SE-JD1-31,exact_or_related,adjacent,67.11201392896578,66.5007649164195,-0.6112490125462813,0.6112490125462813
SE-JD1-32,exact_or_related,adjacent,59.664576016383045,59.885836158153054,0.22126014177000997,0.22126014177000997
SE-JD1-33,divergent,exact_or_related,65.20298488537729,65.49010884298062,0.28712395760332754,0.28712395760332754
SE-JD1-34,adjacent,divergent,69.10765221351446,69.18118527374578,0.07353306023132689,0.07353306023132689
SE-JD1-35,exact_or_related,adjacent,82.42158601678024,82.60806330783367,0.18647729105343558,0.18647729105343558
SE-JD1-36,adjacent,divergent,69.99434973500146,70.0084652551823,0.014115520180837393,0.014115520180837393
SE-JD1-37,exact_or_related,adjacent,73.0415421437114,72.90189436990087,-0.1396477738105233,0.1396477738105233
SE-JD1-38,exact_or_related,adjacent,71.98064882298368,72.03941744151989,0.05876861853620596,0.05876861853620596
SE-JD1-39,exact_or_related,adjacent,71.7925552067419,71.7345457743688,-0.058009432373097525,0.058009432373097525
SE-JD1-40,divergent,exact_or_related,67.42599905911759,67.29410458942212,-0.13189446969546736,0.13189446969546736
SE-JD1-41,adjacent,divergent,60.853928764799996,60.8597854513029,0.005856686502902164,0.005856686502902164
SE-JD1-42,exact_or_related,adjacent,72.66678722327968,72.80040652420197,0.13361930092229102,0.13361930092229102
SE-JD1-43,divergent,exact_or_related,60.94509352100218,61.01823232703908,0.07313880603690137,0.07313880603690137
SE-JD1-44,exact_or_related,adjacent,75.1292726511226,75.077939709056,-0.05133294206660821,0.05133294206660821
SE-JD1-45,exact_or_related,adjacent,57.11012931941397,56.998412714941985,-0.11171660447198661,0.11171660447198661
SE-JD1-46,exact_or_related,adjacent,80.25301141964411,80.23339505263304,-0.019616367011067837,0.019616367011067837
SE-JD1-47,exact_or_related,adjacent,59.098045579561365,58.94495968943499,-0.15308589012637697,0.15308589012637697
SE-JD1-48,exact_or_related,adjacent,74.70957770989128,74.62949124793299,-0.08008646195828817,0.08008646195828817
SE-JD1-49,divergent,exact_or_related,66.22956795318942,66.02526825094391,-0.20429970224550686,0.20429970224550686
SE-JD1-50,exact_or_related,adjacent,70.8201193288839,70.56922579988544,-0.2508935289984606,0.2508935289984606
SE-JD1-51,adjacent,divergent,75.51120231940294,75.69763023616092,0.1864279167579781,0.1864279167579781
SE-JD1-52,divergent,exact_or_related,86.5203721195593,86.79019335713849,0.26982123757919396,0.26982123757919396
SE-JD1-53,exact_or_related,adjacent,57.658040565873485,57.82094279704814,0.1629022311746553,0.1629022311746553
SE-JD1-54,adjacent,divergent,65.52331564892782,65.60860293348742,0.08528728455959822,0.08528728455959822
SE-JD1-55,exact_or_related,adjacent,68.55764917089361,68.47378531433603,-0.08386385655758488,0.08386385655758488
SE-JD1-56,adjacent,divergent,77.78247077210384,77.76478854419143,-0.01768222791240248,0.01768222791240248
SE-JD1-57,divergent,exact_or_related,86.71754255134319,86.69608776713623,-0.021454784206952127,0.021454784206952127
SE-JD1-58,exact_or_related,adjacent,69.05118312871416,68.97291059478702,-0.07827253392713374,0.07827253392713374
SE-JD1-59,adjacent,divergent,87.64615787895562,87.59998604505138,-0.04617183390423918,0.04617183390423918
SE-JD1-60,adjacent,divergent,75.87449040345545,75.54403071102134,-0.3304596924341183,0.3304596924341183
SE-JD1-61,exact_or_related,adjacent,70.78181069237041,70.55881433798577,-0.22299635438464804,0.22299635438464804
SE-JD1-62,divergent,exact_or_related,64.92222370340707,64.86203546691443,-0.06018823649263538,0.06018823649263538
SE-JD1-63,exact_or_related,adjacent,61.722640481544715,61.7875248956416,0.06488441409688761,0.06488441409688761
SE-JD1-64,exact_or_related,adjacent,67.94071687011214,68.52368644177267,0.5829695716605272,0.5829695716605272
SE-JD1-65,exact_or_related,adjacent,69.6998050350351,69.39447915283328,-0.30532588220181367,0.30532588220181367
SE-JD1-66,exact_or_related,adjacent,65.1392110359413,65.22656249500028,0.08735145905897923,0.08735145905897923
SE-JD1-67,adjacent,divergent,86.02525761791227,85.88407880797426,-0.1411788099380118,0.1411788099380118
SE-JD1-68,adjacent,divergent,72.81405765552118,72.77077664830644,-0.043281007214744704,0.043281007214744704
SE-JD1-69,exact_or_related,adjacent,75.43988383174536,75.56717439762552,0.12729056588015908,0.12729056588015908
SE-JD1-70,divergent,exact_or_related,85.17779962209342,85.280050054295,0.10225043220158625,0.10225043220158625
SE-JD1-71,adjacent,divergent,72.8410624034934,72.79153846410885,-0.04952393938454236,0.04952393938454236
SE-JD1-72,exact_or_related,adjacent,74.93170288313826,74.84945764319042,-0.08224523994783794,0.08224523994783794
SE-JD1-73,exact_or_related,adjacent,78.4966065206597,78.40332071429731,-0.09328580636238826,0.09328580636238826
SE-JD1-74,adjacent,divergent,76.43403063816302,76.67542837130604,0.2413977331430175,0.2413977331430175
SE-JD1-75,exact_or_related,adjacent,59.490474147820414,59.5643288281885,0.07385468036808618,0.07385468036808618
SE-JD1-76,divergent,exact_or_related,66.8301472597871,67.29841512066996,0.468267860882861,0.468267860882861
SE-JD1-77,exact_or_related,adjacent,78.11424629267859,78.16822148764687,0.053975194968288065,0.053975194968288065
SE-JD1-78,divergent,exact_or_related,79.16241636273197,79.30635964046883,0.14394327773685234,0.14394327773685234
SE-JD1-79,exact_or_related,adjacent,59.0110562788229,58.918491969099826,-0.09256430972307328,0.09256430972307328
SE-JD1-80,exact_or_related,adjacent,80.57209423238544,80.59429127836096,0.02219704597551697,0.02219704597551697
SE-JD1-81,exact_or_related,adjacent,89.39792490368781,89.37725756173292,-0.020667341954890617,0.020667341954890617
SE-JD1-82,exact_or_related,adjacent,67.25843496642936,67.24734614762072,-0.011088818808644874,0.011088818808644874
SE-JD1-83,exact_or_related,adjacent,76.63868580244606,76.53231160961613,-0.10637419282993221,0.10637419282993221
SE-JD1-84,adjacent,divergent,84.03152533015493,84.09956762977689,0.06804229962195052,0.06804229962195052
SE-JD1-85,exact_or_related,adjacent,56.65873511752013,56.658552004251455,-0.0001831132686760384,0.0001831132686760384
SE-JD1-86,exact_or_related,adjacent,75.73801711574022,75.74718989416672,0.009172778426503214,0.009172778426503214
SE-JD1-87,exact_or_related,adjacent,74.5097916372941,74.59215646394435,0.0823648266502488,0.0823648266502488
SE-JD1-88,exact_or_related,adjacent,77.38095904204351,77.3891532672007,0.008194225157183155,0.008194225157183155
SE-JD1-89,adjacent,divergent,77.47700103963813,77.23999118605592,-0.23700985358220805,0.23700985358220805
SE-JD1-90,exact_or_related,adjacent,72.18673113425149,72.24802822356628,0.06129708931479172,0.06129708931479172
SE-JD1-91,exact_or_related,adjacent,70.22372560621974,69.64835488206474,-0.5753707241550075,0.5753707241550075
SE-JD1-92,adjacent,divergent,61.268225111320376,61.45304281695376,0.1848177056333853,0.1848177056333853
SE-JD1-93,adjacent,divergent,70.41807132508428,70.47385011025797,0.055778785173686174,0.055778785173686174
SE-JD1-94,adjacent,divergent,88.95521263896667,88.73155917164132,-0.22365346732534874,0.22365346732534874
SE-JD1-95,divergent,exact_or_related,64.9193602662148,65.22618355733965,0.3068232911248572,0.3068232911248572
SE-JD1-96,exact_or_related,adjacent,64.03617386772464,63.846573608691585,-0.18960025903305677,0.18960025903305677
SE-JD1-97,exact_or_related,adjacent,71.50980961241781,71.43109053738836,-0.07871907502945419,0.07871907502945419
SE-JD1-98,exact_or_related,adjacent,73.33561845734891,73.31700549934214,-0.018612958006769986,0.018612958006769986
SE-JD1-99,exact_or_related,adjacent,66.04403469866128,65.94371597109016,-0.10031872757112126,0.10031872757112126
SE-JD1-100,exact_or_related,adjacent,71.69989005811372,71.63756449576661,-0.062325562347112395,0.062325562347112395
WD-JD2-01,divergent,exact_or_related,63.49220079918847,63.56914008660822,0.07693928741975498,0.07693928741975498
WD-JD2-02,divergent,exact_or_related,59.775997835052394,59.73806504538325,-0.03793278966914215,0.03793278966914215
WD-JD2-03,divergent,exact_or_related,85.37812696987592,85.2834939919214,-0.09463297795451808,0.09463297795451808
WD-JD2-04,exact_or_related,adjacent,74.50230224160147,74.37794022886115,-0.12436201274032044,0.12436201274032044
WD-JD2-05,adjacent,divergent,66.19906526026844,66.13832806031938,-0.06073719994905957,0.06073719994905957
WD-JD2-06,divergent,exact_or_related,70.9265410210351,71.07939762277394,0.15285660173883286,0.15285660173883286
WD-JD2-07,exact_or_related,adjacent,84.61566792519757,84.57962043266934,-0.036047492528226144,0.036047492528226144
WD-JD2-08,adjacent,divergent,74.26547912473349,74.35627473811671,0.09079561338322151,0.09079561338322151
WD-JD2-09,exact_or_related,adjacent,69.0332870835909,68.99299839772729,-0.040288685863615115,0.040288685863615115
WD-JD2-10,divergent,exact_or_related,72.5095555510624,72.45538775927466,-0.05416779178774789,0.05416779178774789
WD-JD2-11,exact_or_related,adjacent,67.63191179307698,67.44245140944459,-0.18946038363239381,0.18946038363239381
WD-JD2-12,exact_or_related,adjacent,80.05531023581753,80.0698934578132,0.01458322199566453,0.01458322199566453
WD-JD2-13,exact_or_related,adjacent,64.08077893990101,64.11682658261299,0.0360476427119778,0.0360476427119778
WD-JD2-14,exact_or_related,adjacent,70.26948426592277,70.04775848883068,-0.22172577709208952,0.22172577709208952
WD-JD2-15,adjacent,divergent,85.8427983358949,86.04720804064256,0.20440970474766118,0.20440970474766118
WD-JD2-16,divergent,exact_or_related,85.53130318676195,85.80354257780725,0.2722393910453036,0.2722393910453036
WD-JD2-17,adjacent,divergent,88.60610678574594,88.48490027070619,-0.121206515039745,0.121206515039745
WD-JD2-18,adjacent,divergent,59.08265776305021,59.24925167550808,0.16659391245786992,0.16659391245786992
WD-JD2-19,exact_or_related,adjacent,59.013680968064605,58.818981376447475,-0.19469959161713035,0.19469959161713035
WD-JD2-20,exact_or_related,adjacent,69.67368771489492,69.69811380853884,0.024426093643910463,0.024426093643910463
WD-JD2-21,divergent,exact_or_related,70.28966899500688,70.35176413180558,0.062095136798703265,0.062095136798703265
WD-JD2-22,exact_or_related,adjacent,72.86930003508756,72.94358337666121,0.07428334157364702,0.07428334157364702
WD-JD2-23,exact_or_related,adjacent,69.65459477620321,69.55191282068232,-0.1026819555208931,0.1026819555208931
WD-JD2-24,exact_or_related,adjacent,60.46050233304399,60.57031003928475,0.10980770624075831,0.10980770624075831
WD-JD2-25,adjacent,divergent,67.78913690886574,67.85372727821373,0.06459036934798235,0.06459036934798235
WD-JD2-26,exact_or_related,adjacent,72.00519896500643,71.97504033431628,-0.030158630690152677,0.030158630690152677
WD-JD2-27,adjacent,divergent,79.10337657721989,79.1024821919263,-0.0008943852935914265,0.0008943852935914265
WD-JD2-28,exact_or_related,adjacent,74.82838451329813,75.07223462122768,0.2438501079295463,0.2438501079295463
WD-JD2-29,adjacent,divergent,80.7848697541825,80.85688751365733,0.07201775947483213,0.07201775947483213
WD-JD2-30,exact_or_related,adjacent,67.69820296425229,67.7136031809066,0.015400216654313681,0.015400216654313681
WD-JD2-31,exact_or_related,adjacent,77.74119968903109,77.770819427157,0.029619738125902018,0.029619738125902018
WD-JD2-32,exact_or_related,adjacent,78.65999080773275,78.71607794707117,0.056087139338416137,0.056087139338416137
WD-JD2-33,exact_or_related,adjacent,74.10647622804515,73.96991339273156,-0.13656283531359747,0.13656283531359747
WD-JD2-34,exact_or_related,adjacent,84.88312110005704,84.7668402770624,-0.11628082299463927,0.11628082299463927
WD-JD2-35,exact_or_related,adjacent,78.29523614898025,78.27526251011504,-0.019973638865209864,0.019973638865209864
WD-JD2-36,exact_or_related,adjacent,62.377974720164204,62.37376381805845,-0.004210902105754144,0.004210902105754144
WD-JD2-37,exact_or_related,adjacent,74.40619362271606,74.18382202260945,-0.22237160010661228,0.22237160010661228
WD-JD2-38,exact_or_related,adjacent,62.540483715857796,62.62063658578773,0.08015286992993254,0.08015286992993254
WD-JD2-39,exact_or_related,adjacent,71.3563164361076,71.0082003850354,-0.34811605107221055,0.34811605107221055
WD-JD2-40,exact_or_related,adjacent,63.984543648146015,63.85139227456217,-0.13315137358384277,0.13315137358384277
WD-JD2-41,exact_or_related,adjacent,61.472717257297596,61.7803851366225,0.307667879324903,0.307667879324903
WD-JD2-42,exact_or_related,adjacent,59.34369844435234,59.260569121175365,-0.0831293231769763,0.0831293231769763
WD-JD2-43,adjacent,divergent,67.35774207694217,66.88652355193629,-0.4712185250058809,0.4712185250058809
WD-JD2-44,exact_or_related,adjacent,70.96667822519831,71.12958052098071,0.162902295782402,0.162902295782402
WD-JD2-45,exact_or_related,adjacent,83.99054906269336,83.92451436398687,-0.06603469870648837,0.06603469870648837
WD-JD2-46,exact_or_related,adjacent,54.28599349620729,54.91800817285509,0.632014676647799,0.632014676647799
WD-JD2-47,adjacent,divergent,53.120148461098346,53.152818170283744,0.03266970918539869,0.03266970918539869
WD-JD2-48,exact_or_related,adjacent,60.52182086542152,60.47528087717545,-0.04653998824606731,0.04653998824606731
WD-JD2-49,adjacent,divergent,79.56779979715026,79.64691635075678,0.07911655360652503,0.07911655360652503
WD-JD2-50,exact_or_related,adjacent,67.69944115636693,67.8471904242246,0.1477492678576766,0.1477492678576766
WD-JD2-51,exact_or_related,adjacent,69.3299813433159,69.28214990911476,-0.047831434201128786,0.047831434201128786
WD-JD2-52,exact_or_related,adjacent,58.62056834237556,58.591189063586675,-0.029379278788887575,0.029379278788887575
WD-JD2-53,adjacent,divergent,77.43256289456296,77.45626141345822,0.023698518895258758,0.023698518895258758
WD-JD2-54,adjacent,divergent,64.96272338511727,65.06984057793177,0.10711719281449916,0.10711719281449916
WD-JD2-55,adjacent,divergent,85.10475511563654,85.21018946371773,0.10543434808118946,0.10543434808118946
WD-JD2-56,exact_or_related,adjacent,84.88321331810891,84.83633537854816,-0.046877939560758364,0.046877939560758364
WD-JD2-57,adjacent,divergent,59.391335004211754,59.68573032060775,0.2943953163959989,0.2943953163959989
WD-JD2-58,exact_or_related,adjacent,75.81528227366955,75.9896394953329,0.17435722166334244,0.17435722166334244
WD-JD2-59,exact_or_related,adjacent,83.00642732088401,82.93985794712032,-0.06656937376369854,0.06656937376369854
WD-JD2-60,divergent,exact_or_related,68.79548488046329,68.8774487225127,0.08196384204940443,0.08196384204940443
WD-JD2-61,exact_or_related,adjacent,63.942319674715165,63.87693599484704,-0.06538367986812688,0.06538367986812688
WD-JD2-62,exact_or_related,adjacent,61.52556709009843,61.54644812934145,0.020881039243022315,0.020881039243022315
WD-JD2-63,exact_or_related,adjacent,80.57453253645761,80.64835268216277,0.07382014570515594,0.07382014570515594
WD-JD2-64,adjacent,divergent,67.55563043672947,67.34525836391114,-0.21037207281833048,0.21037207281833048
WD-JD2-65,adjacent,divergent,66.11051181246671,66.15525285764046,0.044741045173751104,0.044741045173751104
WD-JD2-66,exact_or_related,adjacent,63.52203736863977,63.4209153194878,-0.10112204915197509,0.10112204915197509
WD-JD2-67,divergent,exact_or_related,83.34408117014114,83.24451607640886,-0.09956509373228073,0.09956509373228073
WD-JD2-68,divergent,exact_or_related,87.47209710317269,87.3181489414762,-0.15394816169649062,0.15394816169649062
WD-JD2-69,adjacent,divergent,74.34517662142623,74.33556990739253,-0.009606714033708386,0.009606714033708386
WD-JD2-70,adjacent,divergent,81.21128384835323,81.25988927213828,0.048605423785048174,0.048605423785048174
WD-JD2-71,exact_or_related,adjacent,79.42726789322938,79.41465389941844,-0.012613993810944635,0.012613993810944635
WD-JD2-72,divergent,exact_or_related,87.07657645545908,86.91995685852085,-0.1566195969382278,0.1566195969382278
WD-JD2-73,exact_or_related,adjacent,81.74702084879446,81.76790866519093,0.020887816396466974,0.020887816396466974
WD-JD2-74,exact_or_related,adjacent,68.23204035733269,68.29748425080875,0.06544389347605772,0.06544389347605772
WD-JD2-75,adjacent,divergent,58.06923888688928,58.021271713491195,-0.047967173398085095,0.047967173398085095
WD-JD2-76,divergent,exact_or_related,75.92150104396255,75.74621612473805,-0.17528491922449518,0.17528491922449518
WD-JD2-77,exact_or_related,adjacent,66.12506864213087,66.11164399110862,-0.013424651022248213,0.013424651022248213
WD-JD2-78,exact_or_related,adjacent,63.88945387804715,63.8230121069529,-0.06644177109424731,0.06644177109424731
WD-JD2-79,adjacent,divergent,78.97916248660674,79.01062298955829,0.03146050295154623,0.03146050295154623
WD-JD2-80,exact_or_related,adjacent,52.57237102705235,52.51412356591999,-0.058247461132360456,0.058247461132360456
WD-JD2-81,exact_or_related,adjacent,76.49183839918413,76.47588971656182,-0.015948682622308752,0.015948682622308752
WD-JD2-82,exact_or_related,adjacent,71.7117070489589,71.81372319071421,0.10201614175531404,0.10201614175531404
WD-JD2-83,divergent,exact_or_related,72.91576013789263,73.00106369664458,0.08530355875194573,0.08530355875194573
WD-JD2-84,divergent,exact_or_related,68.7449654356798,68.84071114011078,0.09574570443098196,0.09574570443098196
WD-JD2-85,adjacent,divergent,76.4091665151057,76.36734119248909,-0.04182532261660299,0.04182532261660299
WD-JD2-86,adjacent,divergent,57.205929363179465,57.17478082580657,-0.031148537372892804,0.031148537372892804
WD-JD2-87,divergent,exact_or_related,72.41308252379349,72.62716562128789,0.21408309749439525,0.21408309749439525
WD-JD2-88,exact_or_related,adjacent,72.40238069173918,72.3905016664804,-0.011879025258778597,0.011879025258778597
WD-JD2-89,exact_or_related,adjacent,60.156112633869185,60.22928011065668,0.07316747678749635,0.07316747678749635
WD-JD2-90,exact_or_related,adjacent,72.28831855081248,72.19153456171286,-0.09678398909962027,0.09678398909962027
WD-JD2-91,adjacent,divergent,78.78727130272802,78.81978301564848,0.03251171292046706,0.03251171292046706
WD-JD2-92,adjacent,divergent,62.6113712824465,62.63759752251199,0.026226240065490458,0.026226240065490458
WD-JD2-93,divergent,exact_or_related,68.88336358688424,68.89863752840022,0.0152739415159715,0.0152739415159715
WD-JD2-94,exact_or_related,adjacent,80.65403970146812,80.63632554455648,-0.017714156911637247,0.017714156911637247
WD-JD2-95,divergent,exact_or_related,68.18360384980309,68.95503824200726,0.7714343922041706,0.7714343922041706
WD-JD2-96,exact_or_related,adjacent,59.61920971877176,59.88027873789017,0.2610690191184162,0.2610690191184162
WD-JD2-97,divergent,exact_or_related,77.18848049049282,77.15979490026423,-0.02868559022859074,0.02868559022859074
WD-JD2-98,exact_or_related,adjacent,76.22791103452712,76.16551099364648,-0.06240004088064666,0.06240004088064666
WD-JD2-99,exact_or_related,adjacent,59.54962629046334,59.50835036531027,-0.041275925153065884,0.041275925153065884
WD-JD2-100,divergent,exact_or_related,83.64296763334458,83.66758960375758,0.024621970412994187,0.024621970412994187
FSD-JD3-01,exact_or_related,adjacent,72.5618434714636,72.49361320127682,-0.06823027018678829,0.06823027018678829
FSD-JD3-02,adjacent,divergent,74.27212602494461,74.33185919426666,0.05973316932204398,0.05973316932204398
FSD-JD3-03,adjacent,divergent,79.19128938134244,78.88120595811283,-0.3100834232296137,0.3100834232296137
FSD-JD3-04,exact_or_related,adjacent,76.72501345554362,76.77258207302776,0.04756861748414565,0.04756861748414565
FSD-JD3-05,adjacent,divergent,78.22618093675582,78.24307626661314,0.016895329857320007,0.016895329857320007
FSD-JD3-06,divergent,exact_or_related,63.074850937198114,63.11948905658566,0.044638119387542474,0.044638119387542474
FSD-JD3-07,adjacent,divergent,61.008776702221994,60.9612728457898,-0.04750385643219346,0.04750385643219346
FSD-JD3-08,exact_or_related,adjacent,80.15713424843706,80.2801214698584,0.12298722142134011,0.12298722142134011
FSD-JD3-09,exact_or_related,adjacent,73.37101723290125,73.17265545256608,-0.19836178033517626,0.19836178033517626
FSD-JD3-10,exact_or_related,adjacent,64.7132052596858,64.71884043112149,0.005635171435699249,0.005635171435699249
FSD-JD3-11,exact_or_related,adjacent,62.87957946764833,62.88975827116776,0.010178803519430346,0.010178803519430346
FSD-JD3-12,divergent,exact_or_related,76.8342834361161,76.9752365139945,0.14095307787840738,0.14095307787840738
FSD-JD3-13,exact_or_related,adjacent,67.98096640741689,67.96770936106674,-0.013257046350148016,0.013257046350148016
FSD-JD3-14,adjacent,divergent,79.71371445683361,79.80671559120896,0.09300113437534208,0.09300113437534208
FSD-JD3-15,divergent,exact_or_related,73.30491552307288,73.40594382031405,0.10102829724117157,0.10102829724117157
FSD-JD3-16,exact_or_related,adjacent,72.61420536641994,72.64098706626199,0.026781699842047146,0.026781699842047146
FSD-JD3-17,divergent,exact_or_related,70.27335475586472,70.40202412526033,0.12866936939560958,0.12866936939560958
FSD-JD3-18,exact_or_related,adjacent,59.18267269876928,59.2041164845111,0.021443785741816157,0.021443785741816157
FSD-JD3-19,adjacent,divergent,67.3288164545745,67.03902855928953,-0.2897878952849595,0.2897878952849595
FSD-JD3-20,exact_or_related,adjacent,72.58789049178914,72.54299251628566,-0.044897975503474186,0.044897975503474186
FSD-JD3-21,exact_or_related,adjacent,63.44714488071792,63.58006306600202,0.1329181852840975,0.1329181852840975
FSD-JD3-22,exact_or_related,adjacent,76.36925382994114,76.43206252680477,0.06280869686362678,0.06280869686362678
FSD-JD3-23,adjacent,divergent,83.969767438053,84.01296177476445,0.04319433671145134,0.04319433671145134
FSD-JD3-24,exact_or_related,adjacent,74.79359883023479,74.83323809804654,0.039639267811750756,0.039639267811750756
FSD-JD3-25,exact_or_related,adjacent,68.62806760123762,68.57960051237407,-0.04846708886354634,0.04846708886354634
FSD-JD3-26,exact_or_related,adjacent,79.84483058843254,79.8138466792126,-0.030983909219941097,0.030983909219941097
FSD-JD3-27,exact_or_related,adjacent,52.05813315573032,52.144552421965756,0.08641926623543839,0.08641926623543839
FSD-JD3-28,exact_or_related,adjacent,88.53693982361493,88.67173089150253,0.13479106788760475,0.13479106788760475
FSD-JD3-29,exact_or_related,adjacent,79.38992414689848,79.38434751538529,-0.00557663151319332,0.00557663151319332
FSD-JD3-30,exact_or_related,adjacent,72.07175853783602,72.05836091365462,-0.013397624181394008,0.013397624181394008
FSD-JD3-31,exact_or_related,adjacent,57.40243566339558,57.438969918051555,0.03653425465597593,0.03653425465597593
FSD-JD3-32,adjacent,divergent,79.81600921443825,79.7251062426229,-0.09090297181535334,0.09090297181535334
FSD-JD3-33,exact_or_related,adjacent,69.43418301720611,69.26105312130656,-0.17312989589954952,0.17312989589954952
FSD-JD3-34,exact_or_related,adjacent,66.26616678463398,65.96554022329403,-0.30062656133995347,0.30062656133995347
FSD-JD3-35,exact_or_related,adjacent,76.21770531348211,76.26001060349759,0.042305290015477226,0.042305290015477226
FSD-JD3-36,exact_or_related,adjacent,67.93097360592432,67.52903344767729,-0.40194015824702944,0.40194015824702944
FSD-JD3-37,exact_or_related,adjacent,77.31671759891718,77.24539050451243,-0.07132709440475082,0.07132709440475082
FSD-JD3-38,exact_or_related,adjacent,57.86290661668102,57.858289194681106,-0.004617421999917326,0.004617421999917326
FSD-JD3-39,divergent,exact_or_related,71.71594174191472,71.82625851727748,0.11031677536276163,0.11031677536276163
FSD-JD3-40,exact_or_related,adjacent,62.8851405089887,62.90687105461744,0.021730545628741993,0.021730545628741993
FSD-JD3-41,exact_or_related,adjacent,70.83887418365518,70.82248565743701,-0.01638852621816511,0.01638852621816511
FSD-JD3-42,adjacent,divergent,74.39411205630383,74.26297078595334,-0.13114127035048284,0.13114127035048284
FSD-JD3-43,adjacent,divergent,60.20808425285066,60.06254882327902,-0.14553542957163756,0.14553542957163756
FSD-JD3-44,divergent,exact_or_related,62.36980592056346,62.39344563313158,0.023639712568119364,0.023639712568119364
FSD-JD3-45,adjacent,divergent,70.22936115687244,70.2227479233346,-0.006613233537848373,0.006613233537848373
FSD-JD3-46,exact_or_related,adjacent,68.32639495358471,67.74348461286723,-0.5829103407174756,0.5829103407174756
FSD-JD3-47,divergent,exact_or_related,69.17545775797932,69.43554607341052,0.26008831543120436,0.26008831543120436
FSD-JD3-48,adjacent,divergent,68.85739995767615,68.72241442501323,-0.1349855326629239,0.1349855326629239
FSD-JD3-49,exact_or_related,adjacent,70.03984231831824,69.99805114117048,-0.04179117714775771,0.04179117714775771
FSD-JD3-50,exact_or_related,adjacent,79.43411937721918,79.48040645781285,0.0462870805936717,0.0462870805936717
FSD-JD3-51,divergent,exact_or_related,86.77562589035554,86.57120268707317,-0.2044232032823743,0.2044232032823743
FSD-JD3-52,divergent,exact_or_related,63.74874073598799,63.77622268818381,0.027481952195820725,0.027481952195820725
FSD-JD3-53,divergent,exact_or_related,73.96099611712005,73.91640728431582,-0.04458883280422299,0.04458883280422299
FSD-JD3-54,exact_or_related,adjacent,70.38154532740819,70.40757134762798,0.026026020219788393,0.026026020219788393
FSD-JD3-55,exact_or_related,adjacent,86.42419250145579,86.57256501308507,0.148372511629276,0.148372511629276
FSD-JD3-56,exact_or_related,adjacent,76.53179365548353,76.54953149302749,0.017737837543961632,0.017737837543961632
FSD-JD3-57,exact_or_related,adjacent,74.41970762635925,74.53254709674177,0.11283947038251085,0.11283947038251085
FSD-JD3-58,exact_or_related,adjacent,61.42187252589962,61.59941190782407,0.17753938192444707,0.17753938192444707
FSD-JD3-59,exact_or_related,adjacent,73.56547311139522,73.47352312401142,-0.09194998738379923,0.09194998738379923
FSD-JD3-60,divergent,exact_or_related,75.05991044316919,74.91537230728471,-0.14453813588447417,0.14453813588447417
FSD-JD3-61,exact_or_related,adjacent,74.67240448033415,74.68694106439614,0.014536584061985991,0.014536584061985991
FSD-JD3-62,exact_or_related,adjacent,80.12875300434828,80.09816978852677,-0.030583215821508247,0.030583215821508247
FSD-JD3-63,divergent,exact_or_related,84.25763420280133,84.11931896255672,-0.13831524024460862,0.13831524024460862
FSD-JD3-64,divergent,exact_or_related,66.8666746469647,66.9695824687984,0.10290782183369629,0.10290782183369629
FSD-JD3-65,exact_or_related,adjacent,73.68218967127818,73.68059509942167,-0.0015945718565149036,0.0015945718565149036
FSD-JD3-66,divergent,exact_or_related,66.16625550664094,66.13059565958714,-0.035659847053793214,0.035659847053793214
FSD-JD3-67,exact_or_related,adjacent,75.05266820484974,75.04359826446554,-0.009069940384193842,0.009069940384193842
FSD-JD3-68,exact_or_related,adjacent,70.07701104550168,69.82082997632153,-0.25618106918014405,0.25618106918014405
FSD-JD3-69,exact_or_related,adjacent,79.93893206233616,79.91714617871102,-0.021785883625142333,0.021785883625142333
FSD-JD3-70,adjacent,divergent,68.7698227266455,68.76869827576357,-0.0011244508819316934,0.0011244508819316934
FSD-JD3-71,exact_or_related,adjacent,88.02986802277607,88.13175598067728,0.10188795790121219,0.10188795790121219
FSD-JD3-72,exact_or_related,adjacent,80.0079003788712,80.04908523225271,0.0411848533815089,0.0411848533815089
FSD-JD3-73,exact_or_related,adjacent,70.40697983212259,70.23295093700666,-0.17402889511592434,0.17402889511592434
FSD-JD3-74,adjacent,divergent,64.0971648257658,64.13634075762238,0.039175931856576085,0.039175931856576085
FSD-JD3-75,exact_or_related,adjacent,85.56551887582641,85.7903803764628,0.22486150063639343,0.22486150063639343
FSD-JD3-76,exact_or_related,adjacent,77.62326804498053,77.57495426126803,-0.04831378371250139,0.04831378371250139
FSD-JD3-77,exact_or_related,adjacent,77.70923853543928,77.71932755683157,0.01008902139228951,0.01008902139228951
FSD-JD3-78,exact_or_related,adjacent,65.39413682561795,65.30132335318453,-0.09281347243341997,0.09281347243341997
FSD-JD3-79,exact_or_related,adjacent,66.85075134623449,66.836072012276,-0.014679333958483198,0.014679333958483198
FSD-JD3-80,adjacent,divergent,85.1403868067541,85.17222773061741,0.03184092386331372,0.03184092386331372
FSD-JD3-81,divergent,exact_or_related,69.7067659019429,69.83665016742671,0.1298842654838097,0.1298842654838097
FSD-JD3-82,exact_or_related,adjacent,67.56534363314036,67.5958292256636,0.030485592523248783,0.030485592523248783
FSD-JD3-83,adjacent,divergent,74.50328094539695,74.67299579884119,0.16971485344423343,0.16971485344423343
FSD-JD3-84,exact_or_related,adjacent,59.72590310556129,59.79192817168247,0.06602506612118475,0.06602506612118475
FSD-JD3-85,adjacent,divergent,66.13395012391805,65.98842199394025,-0.14552812997780507,0.14552812997780507
FSD-JD3-86,exact_or_related,adjacent,64.99406980655183,64.84395939156097,-0.15011041499086275,0.15011041499086275
FSD-JD3-87,exact_or_related,adjacent,71.0728803468698,71.15607393532842,0.08319358845862723,0.08319358845862723
FSD-JD3-88,exact_or_related,adjacent,72.68950207257072,72.59493626338319,-0.09456580918752877,0.09456580918752877
FSD-JD3-89,exact_or_related,adjacent,73.81151134157112,73.79735015951108,-0.014161182060036026,0.014161182060036026
FSD-JD3-90,exact_or_related,adjacent,69.81107356552532,69.18482480015801,-0.6262487653673077,0.6262487653673077
FSD-JD3-91,exact_or_related,adjacent,69.20832595847529,69.24441830337308,0.03609234489779567,0.03609234489779567
FSD-JD3-92,exact_or_related,adjacent,77.22776173921368,77.23045732153633,0.0026955823226586517,0.0026955823226586517
FSD-JD3-93,divergent,exact_or_related,83.77265843247243,83.64623911379304,-0.12641931867938183,0.12641931867938183
FSD-JD3-94,exact_or_related,adjacent,65.29831297484759,65.37639601233525,0.07808303748765866,0.07808303748765866
FSD-JD3-95,exact_or_related,adjacent,75.42788368796764,75.46850179403171,0.040618106064073345,0.040618106064073345
FSD-JD3-96,adjacent,divergent,55.99117997819293,55.58297771518419,-0.4082022630087394,0.4082022630087394
FSD-JD3-97,adjacent,divergent,57.47091075541794,57.3333837882626,-0.1375269671553383,0.1375269671553383
FSD-JD3-98,exact_or_related,adjacent,72.7501326012467,72.70862907523816,-0.04150352600854035,0.04150352600854035
FSD-JD3-99,divergent,exact_or_related,74.71599320600068,74.86899481989063,0.15300161388995548,0.15300161388995548
FSD-JD3-100,exact_or_related,adjacent,62.750069237190225,62.87660326419202,0.12653402700179583,0.12653402700179583
AD-JD4-01,exact_or_related,adjacent,63.87171378273143,63.87050289996072,-0.0012108827707137948,0.0012108827707137948
AD-JD4-02,adjacent,divergent,83.01198343900252,82.90605223769147,-0.10593120131105138,0.10593120131105138
AD-JD4-03,divergent,exact_or_related,76.80766475654224,76.90339746170895,0.09573270516671073,0.09573270516671073
AD-JD4-04,exact_or_related,adjacent,80.70907135739537,80.75767155595838,0.048600198563008234,0.048600198563008234
AD-JD4-05,adjacent,divergent,79.34230079006112,79.13022206263255,-0.21207872742856182,0.21207872742856182
AD-JD4-06,exact_or_related,adjacent,70.2130991386313,70.22911172987176,0.016012591240453844,0.016012591240453844
AD-JD4-07,adjacent,divergent,60.94485799189586,60.8340640867925,-0.11079390510335685,0.11079390510335685
AD-JD4-08,exact_or_related,adjacent,57.936628167604574,57.89439820031151,-0.042229967293067716,0.042229967293067716
AD-JD4-09,exact_or_related,adjacent,73.94293627228963,74.08427667038983,0.14134039810019772,0.14134039810019772
AD-JD4-10,exact_or_related,adjacent,65.98603088362945,66.08418154964978,0.09815066602033085,0.09815066602033085
AD-JD4-11,exact_or_related,adjacent,71.76843071674514,71.64542369693373,-0.1230070198114106,0.1230070198114106
AD-JD4-12,adjacent,divergent,72.97115018961613,72.94031139204502,-0.03083879757110708,0.03083879757110708
AD-JD4-13,exact_or_related,adjacent,69.51858750147139,69.5588126449936,0.04022514352220696,0.04022514352220696
AD-JD4-14,exact_or_related,adjacent,69.16513877416533,69.16816089174193,0.003022117576605865,0.003022117576605865
AD-JD4-15,exact_or_related,adjacent,69.83311562907578,69.80991995711133,-0.023195671964444387,0.023195671964444387
AD-JD4-16,exact_or_related,adjacent,71.09374595251303,71.0071894048234,-0.08655654768963927,0.08655654768963927
AD-JD4-17,exact_or_related,adjacent,80.98142370459283,80.92127343389691,-0.06015027069591383,0.06015027069591383
AD-JD4-18,exact_or_related,adjacent,64.42205953182585,64.43449619449663,0.012436662670779697,0.012436662670779697
AD-JD4-19,exact_or_related,adjacent,69.00544546593328,68.9224071082639,-0.0830383576693805,0.0830383576693805
AD-JD4-20,adjacent,divergent,55.71039358545294,55.66295553669366,-0.04743804875928248,0.04743804875928248
AD-JD4-21,adjacent,divergent,68.44350411557699,68.42603296424284,-0.017471151334149226,0.017471151334149226
AD-JD4-22,divergent,exact_or_related,70.49339142705426,70.76875407471715,0.2753626476628881,0.2753626476628881
AD-JD4-23,exact_or_related,adjacent,70.99937466988906,70.83797470949145,-0.16139996039761684,0.16139996039761684
AD-JD4-24,exact_or_related,adjacent,69.93538590231346,69.80757374566645,-0.1278121566470105,0.1278121566470105
AD-JD4-25,exact_or_related,adjacent,70.77681541625276,70.60041914113415,-0.17639627511860567,0.17639627511860567
AD-JD4-26,exact_or_related,adjacent,66.15330580589364,66.12255630284943,-0.03074950304420554,0.03074950304420554
AD-JD4-27,divergent,exact_or_related,75.22340474982973,75.65627792914964,0.43287317931991254,0.43287317931991254
AD-JD4-28,exact_or_related,adjacent,52.9589563049475,53.01854425541677,0.05958795046927179,0.05958795046927179
AD-JD4-29,adjacent,divergent,84.56916725096963,84.58975492732242,0.020587676352789686,0.020587676352789686
AD-JD4-30,exact_or_related,adjacent,75.80035110193505,75.90779854128145,0.10744743934640155,0.10744743934640155
AD-JD4-31,exact_or_related,adjacent,70.82077248790993,70.72096707656138,-0.09980541134855514,0.09980541134855514
AD-JD4-32,exact_or_related,adjacent,81.05827425957037,81.05226450130532,-0.006009758265051346,0.006009758265051346
AD-JD4-33,divergent,exact_or_related,70.07262063503086,70.06077546429523,-0.011845170735625743,0.011845170735625743
AD-JD4-34,adjacent,divergent,88.96624938539667,88.66066432994802,-0.30558505544864545,0.30558505544864545
AD-JD4-35,exact_or_related,adjacent,71.15253344775108,71.13221961219327,-0.02031383555781474,0.02031383555781474
AD-JD4-36,adjacent,divergent,66.97701447497116,66.84535378769108,-0.13166068728007474,0.13166068728007474
AD-JD4-37,adjacent,divergent,74.27465812848584,74.25577441767463,-0.018883710811209653,0.018883710811209653
AD-JD4-38,divergent,exact_or_related,53.719734157205515,53.58861593140257,-0.1311182258029433,0.1311182258029433
AD-JD4-39,exact_or_related,adjacent,70.26268173327625,69.54791973131594,-0.7147620019603096,0.7147620019603096
AD-JD4-40,adjacent,divergent,74.63683623877844,74.78659758097483,0.14976134219638482,0.14976134219638482
AD-JD4-41,divergent,exact_or_related,72.18040800767474,72.15250437304019,-0.02790363463455492,0.02790363463455492
AD-JD4-42,exact_or_related,adjacent,65.23306059945537,65.36271178941223,0.12965118995685998,0.12965118995685998
AD-JD4-43,exact_or_related,adjacent,76.77334243788881,76.7925644072941,0.019221969405279538,0.019221969405279538
AD-JD4-44,divergent,exact_or_related,85.17822158990491,84.95398616956207,-0.22423542034283628,0.22423542034283628
AD-JD4-45,exact_or_related,adjacent,63.112351911321035,62.99694144415597,-0.11541046716506287,0.11541046716506287
AD-JD4-46,exact_or_related,adjacent,71.20397562261265,71.16902297318022,-0.0349526494324266,0.0349526494324266
AD-JD4-47,divergent,exact_or_related,77.13823608668189,77.04424677398059,-0.09398931270129651,0.09398931270129651
AD-JD4-48,exact_or_related,adjacent,66.66879373223138,66.66354591909813,-0.005247813133252066,0.005247813133252066
AD-JD4-49,exact_or_related,adjacent,66.95737242148861,67.12719338182698,0.16982096033837024,0.16982096033837024
AD-JD4-50,divergent,exact_or_related,81.76047652459515,81.76341028379346,0.0029337591983136235,0.0029337591983136235
AD-JD4-51,divergent,exact_or_related,61.61226887791492,61.67009970694507,0.057830829030145026,0.057830829030145026
AD-JD4-52,exact_or_related,adjacent,76.81482223638594,76.80286452157145,-0.011957714814485598,0.011957714814485598
AD-JD4-53,exact_or_related,adjacent,67.94029256896852,67.81196975774513,-0.1283228112233843,0.1283228112233843
AD-JD4-54,exact_or_related,adjacent,68.5880309862505,68.59189469817515,0.003863711924651625,0.003863711924651625
AD-JD4-55,exact_or_related,adjacent,74.57486968739116,74.49077057706423,-0.08409911032693174,0.08409911032693174
AD-JD4-56,adjacent,divergent,75.16753984088452,75.24478050492158,0.07724066403706331,0.07724066403706331
AD-JD4-57,exact_or_related,adjacent,73.5052484662645,73.4979049582734,-0.007343507991109277,0.007343507991109277
AD-JD4-58,adjacent,divergent,70.18339325437773,69.87322381874563,-0.31016943563210475,0.31016943563210475
AD-JD4-59,divergent,exact_or_related,65.87025581943904,66.30560801689272,0.4353521974536818,0.4353521974536818
AD-JD4-60,exact_or_related,adjacent,65.88961789882677,65.79366228490034,-0.09595561392643503,0.09595561392643503
AD-JD4-61,exact_or_related,adjacent,67.34788065989486,66.88190830717585,-0.4659723527190067,0.4659723527190067
AD-JD4-62,exact_or_related,adjacent,71.94331356629353,71.85180178687679,-0.09151177941673438,0.09151177941673438
AD-JD4-63,exact_or_related,adjacent,61.28849186854199,61.32206127172136,0.03356940317937074,0.03356940317937074
AD-JD4-64,divergent,exact_or_related,59.43441508065264,59.45521031401877,0.02079523336612965,0.02079523336612965
AD-JD4-65,exact_or_related,adjacent,81.97603115925209,82.18168919060618,0.20565803135409055,0.20565803135409055
AD-JD4-66,exact_or_related,adjacent,85.48777985489299,85.65192389429954,0.1641440394065512,0.1641440394065512
AD-JD4-67,exact_or_related,adjacent,68.13669118369826,68.11541336870741,-0.021277814990853017,0.021277814990853017
AD-JD4-68,adjacent,divergent,75.38344259775246,75.29364455542107,-0.08979804233139532,0.08979804233139532
AD-JD4-69,exact_or_related,adjacent,71.9885538835594,71.98696665875688,-0.0015872248025203817,0.0015872248025203817
AD-JD4-70,exact_or_related,adjacent,56.42915213426833,56.55498421868703,0.12583208441870397,0.12583208441870397
AD-JD4-71,exact_or_related,adjacent,71.84054160943835,71.95488129647453,0.11433968703617836,0.11433968703617836
AD-JD4-72,exact_or_related,adjacent,75.90087122209098,75.98155910271701,0.08068788062603005,0.08068788062603005
AD-JD4-73,divergent,exact_or_related,66.93981718016548,67.09877248412737,0.15895530396188917,0.15895530396188917
AD-JD4-74,adjacent,divergent,74.1834637702716,74.16938922945909,-0.014074540812515579,0.014074540812515579
AD-JD4-75,exact_or_related,adjacent,76.55208989155796,76.70527934594858,0.1531894543906276,0.1531894543906276
AD-JD4-76,exact_or_related,adjacent,76.81420569135898,76.85698011701464,0.04277442565566503,0.04277442565566503
AD-JD4-77,adjacent,divergent,83.7341120104632,83.9318823351908,0.1977703247275997,0.1977703247275997
AD-JD4-78,exact_or_related,adjacent,78.1226222723623,78.02712948504693,-0.09549278731537925,0.09549278731537925
AD-JD4-79,exact_or_related,adjacent,72.0130153854137,72.1738164143448,0.16080102893110393,0.16080102893110393
AD-JD4-80,divergent,exact_or_related,81.93971478029803,82.22999290484172,0.29027812454368984,0.29027812454368984
AD-JD4-81,divergent,exact_or_related,66.13744074652038,66.89973002331577,0.7622892767953857,0.7622892767953857
AD-JD4-82,exact_or_related,adjacent,83.5204218870661,83.46398661721565,-0.05643526985045355,0.05643526985045355
AD-JD4-83,exact_or_related,adjacent,69.63550485304691,69.52357888806459,-0.11192596498231921,0.11192596498231921
AD-JD4-84,adjacent,divergent,58.92657175240806,58.98627762840781,0.059705875999753744,0.059705875999753744
AD-JD4-85,adjacent,divergent,68.23184993884797,68.15038833386943,-0.08146160497854282,0.08146160497854282
AD-JD4-86,exact_or_related,adjacent,69.34332433767752,69.26397390149297,-0.07935043618454074,0.07935043618454074
AD-JD4-87,divergent,exact_or_related,75.08109614735095,74.86572582941096,-0.2153703179399855,0.2153703179399855
AD-JD4-88,adjacent,divergent,64.36157871266593,64.56878443465355,0.20720572198762,0.20720572198762
AD-JD4-89,exact_or_related,adjacent,79.02335123466146,79.0273215725946,0.003970337933139945,0.003970337933139945
AD-JD4-90,exact_or_related,adjacent,57.77340428241688,57.66275791699738,-0.11064636541949824,0.11064636541949824
AD-JD4-91,exact_or_related,adjacent,78.7025336671355,78.75882042050425,0.05628675336875233,0.05628675336875233
AD-JD4-92,divergent,exact_or_related,70.54497270432006,70.65937057877511,0.1143978744550509,0.1143978744550509
AD-JD4-93,exact_or_related,adjacent,71.41953373472084,71.38092720382033,-0.03860653090050903,0.03860653090050903
AD-JD4-94,exact_or_related,adjacent,77.52401265134894,77.54599237767378,0.021979726324843796,0.021979726324843796
AD-JD4-95,exact_or_related,adjacent,78.73297625790022,78.76071110026493,0.027734842364708356,0.027734842364708356
AD-JD4-96,divergent,exact_or_related,79.63088336940721,79.82539321434776,0.1945098449405407,0.1945098449405407
AD-JD4-97,exact_or_related,adjacent,64.92261776402286,64.91605991357235,-0.006557850450505498,0.006557850450505498
AD-JD4-98,exact_or_related,adjacent,68.15295187703602,68.1452571444321,-0.007694732603923171,0.007694732603923171
AD-JD4-99,exact_or_related,adjacent,69.8148705592266,69.73577858384697,-0.07909197537964019,0.07909197537964019
AD-JD4-100,exact_or_related,adjacent,71.49912931868778,71.54630091968932,0.047171601001537056,0.047171601001537056
FE-JD5-01,adjacent,divergent,85.41957625197062,85.39026444867484,-0.029311803295783534,0.029311803295783534
FE-JD5-02,exact_or_related,adjacent,83.30566701774015,83.32041927387566,0.014752256135508901,0.014752256135508901
FE-JD5-03,exact_or_related,adjacent,74.36709259242299,74.40316551042392,0.036072918000925824,0.036072918000925824
FE-JD5-04,exact_or_related,adjacent,80.81300910462043,80.93453568594467,0.12152658132423255,0.12152658132423255
FE-JD5-05,adjacent,divergent,67.50840184123388,67.46701683016953,-0.04138501106434944,0.04138501106434944
FE-JD5-06,exact_or_related,adjacent,84.68381394840758,84.56467905559292,-0.11913489281465672,0.11913489281465672
FE-JD5-07,adjacent,divergent,76.01739999482514,76.05284819050023,0.03544819567508739,0.03544819567508739
FE-JD5-08,exact_or_related,adjacent,74.57835041987077,74.49482332724006,-0.08352709263071745,0.08352709263071745
FE-JD5-09,exact_or_related,adjacent,75.60500648486797,75.54529578539493,-0.05971069947304386,0.05971069947304386
FE-JD5-10,divergent,exact_or_related,67.51696487130276,67.2492687996148,-0.26769607168796483,0.26769607168796483
FE-JD5-11,exact_or_related,adjacent,62.99919886341956,63.00215971702079,0.00296085360123044,0.00296085360123044
FE-JD5-12,exact_or_related,adjacent,59.56619184954963,59.661699783512454,0.09550793396282131,0.09550793396282131
FE-JD5-13,exact_or_related,adjacent,69.66093134346985,69.49422209446713,-0.16670924900272155,0.16670924900272155
FE-JD5-14,exact_or_related,adjacent,75.52109285445107,75.72908548738066,0.2079926329295887,0.2079926329295887
FE-JD5-15,exact_or_related,adjacent,83.5285930027627,83.36390831199404,-0.16468469076866654,0.16468469076866654
FE-JD5-16,adjacent,divergent,77.9595202418833,77.95323841650342,-0.00628182537987243,0.00628182537987243
FE-JD5-17,exact_or_related,adjacent,62.42580316526707,62.36249354997503,-0.0633096152920416,0.0633096152920416
FE-JD5-18,exact_or_related,adjacent,79.05725131959896,79.00732862621035,-0.04992269338860922,0.04992269338860922
FE-JD5-19,exact_or_related,adjacent,78.99520511166821,79.01774331308431,0.02253820141609708,0.02253820141609708
FE-JD5-20,adjacent,divergent,78.07350160982965,78.15845618471612,0.08495457488646707,0.08495457488646707
FE-JD5-21,exact_or_related,adjacent,75.59235921447657,75.5623711912661,-0.029988023210478332,0.029988023210478332
FE-JD5-22,exact_or_related,adjacent,82.95694976878939,82.8646790165711,-0.09227075221828329,0.09227075221828329
FE-JD5-23,divergent,exact_or_related,54.24298223360352,54.16300604096678,-0.07997619263674238,0.07997619263674238
FE-JD5-24,adjacent,divergent,57.28508834410352,57.78278366169612,0.4976953175926013,0.4976953175926013
FE-JD5-25,adjacent,divergent,61.62711880548467,61.636875068961594,0.009756263476923266,0.009756263476923266
FE-JD5-26,adjacent,divergent,83.42253416714806,83.16968810226574,-0.25284606488231987,0.25284606488231987
FE-JD5-27,exact_or_related,adjacent,71.30542962533326,71.2721367308788,-0.03329289445446193,0.03329289445446193
FE-JD5-28,exact_or_related,adjacent,80.45327222271787,80.40693601312196,-0.04633620959590701,0.04633620959590701
FE-JD5-29,exact_or_related,adjacent,67.00165177296405,67.09638568476228,0.09473391179822954,0.09473391179822954
FE-JD5-30,divergent,exact_or_related,65.17262539401835,65.14007466953042,-0.03255072448793328,0.03255072448793328
FE-JD5-31,exact_or_related,adjacent,67.16526283008201,67.40258295356826,0.2373201234862421,0.2373201234862421
FE-JD5-32,exact_or_related,adjacent,66.53893833170251,66.57601959170066,0.037081259998146265,0.037081259998146265
FE-JD5-33,exact_or_related,adjacent,75.60131852739532,75.570836467412,-0.03048205998332776,0.03048205998332776
FE-JD5-34,adjacent,divergent,77.57073973961403,77.40893980628279,-0.16179993333123832,0.16179993333123832
FE-JD5-35,adjacent,divergent,75.55484440768085,75.76180385343184,0.20695944575099645,0.20695944575099645
FE-JD5-36,exact_or_related,adjacent,69.76585929362089,69.11443133238413,-0.651427961236763,0.651427961236763
FE-JD5-37,exact_or_related,adjacent,63.53463646097544,63.37669798996066,-0.15793847101478065,0.15793847101478065
FE-JD5-38,adjacent,divergent,74.15387009165134,74.39432094632194,0.24045085467059835,0.24045085467059835
FE-JD5-39,exact_or_related,adjacent,85.59881101778649,85.6696703588433,0.07085934105681702,0.07085934105681702
FE-JD5-40,exact_or_related,adjacent,85.06108636795138,85.03154469277102,-0.029541675180354332,0.029541675180354332
FE-JD5-41,exact_or_related,adjacent,80.48238506079369,80.51264099015799,0.030255929364301437,0.030255929364301437
FE-JD5-42,exact_or_related,adjacent,75.90414765438244,75.9109322378576,0.006784583475152317,0.006784583475152317
FE-JD5-43,exact_or_related,adjacent,65.26569843486156,65.33524608402875,0.06954764916719114,0.06954764916719114
FE-JD5-44,exact_or_related,adjacent,79.17939379248452,79.13628549716323,-0.04310829532128935,0.04310829532128935
FE-JD5-45,exact_or_related,adjacent,73.47468633919047,73.37601426677247,-0.09867207241799747,0.09867207241799747
FE-JD5-46,exact_or_related,adjacent,66.71020786171687,66.63971619817498,-0.07049166354188685,0.07049166354188685
FE-JD5-47,exact_or_related,adjacent,85.70309407290345,85.82574352412524,0.12264945122178972,0.12264945122178972
FE-JD5-48,exact_or_related,adjacent,71.7024741624511,71.81228362411639,0.10980946166529293,0.10980946166529293
FE-JD5-49,divergent,exact_or_related,86.70738509053419,86.52528788563912,-0.1820972048950722,0.1820972048950722
FE-JD5-50,exact_or_related,adjacent,59.702946816042335,59.7619605652727,0.05901374923036684,0.05901374923036684
FE-JD5-51,exact_or_related,adjacent,74.52646399848307,74.36862614842518,-0.15783785005788786,0.15783785005788786
FE-JD5-52,adjacent,divergent,79.74008523621303,79.80246932528907,0.06238408907603343,0.06238408907603343
FE-JD5-53,exact_or_related,adjacent,66.70550565492971,67.00557411562713,0.30006846069741755,0.30006846069741755
FE-JD5-54,exact_or_related,adjacent,71.66416406496583,71.60501373511264,-0.059150329853196126,0.059150329853196126
FE-JD5-55,exact_or_related,adjacent,79.79619660768597,79.89423985048462,0.09804324279865284,0.09804324279865284
FE-JD5-56,exact_or_related,adjacent,74.71221305460216,74.76109035484565,0.048877300243489685,0.048877300243489685
FE-JD5-57,exact_or_related,adjacent,63.74233399035383,63.63478919313881,-0.10754479721502008,0.10754479721502008
FE-JD5-58,exact_or_related,adjacent,75.09490218048077,75.08019474324472,-0.014707437236054943,0.014707437236054943
FE-JD5-59,exact_or_related,adjacent,83.13775209851327,83.07062592423944,-0.06712617427383805,0.06712617427383805
FE-JD5-60,exact_or_related,adjacent,57.78116058202951,57.627758001926914,-0.15340258010259333,0.15340258010259333
FE-JD5-61,exact_or_related,adjacent,64.09871904294157,64.10322067797006,0.004501635028489659,0.004501635028489659
FE-JD5-62,adjacent,divergent,80.70000464791597,80.49859224102875,-0.20141240688722917,0.20141240688722917
FE-JD5-63,exact_or_related,adjacent,71.77541369992768,71.77687865293795,0.0014649530102701647,0.0014649530102701647
FE-JD5-64,exact_or_related,adjacent,73.09092415302548,73.05588308781799,-0.03504106520749417,0.03504106520749417
FE-JD5-65,exact_or_related,adjacent,74.90647461972388,74.99174142053215,0.0852668008082702,0.0852668008082702
FE-JD5-66,exact_or_related,adjacent,79.82303168253566,79.95326889033923,0.1302372078035745,0.1302372078035745
FE-JD5-67,adjacent,divergent,86.29563301115283,86.32241742418175,0.02678441302892054,0.02678441302892054
FE-JD5-68,exact_or_related,adjacent,53.913324826986184,54.30339951484086,0.39007468785467836,0.39007468785467836
FE-JD5-69,exact_or_related,adjacent,61.289591468453565,61.3954737774011,0.10588230894753536,0.10588230894753536
FE-JD5-70,exact_or_related,adjacent,68.46752152897396,68.4900942038148,0.022572674840844797,0.022572674840844797
FE-JD5-71,adjacent,divergent,68.8130040645604,68.80945403651921,-0.0035500280411895346,0.0035500280411895346
FE-JD5-72,exact_or_related,adjacent,61.66718167891762,61.786885684403146,0.11970400548552362,0.11970400548552362
FE-JD5-73,exact_or_related,adjacent,65.99909155439597,65.88172996785576,-0.11736158654021267,0.11736158654021267
FE-JD5-74,adjacent,divergent,62.01412793799339,61.98308622590974,-0.031041712083656137,0.031041712083656137
FE-JD5-75,exact_or_related,adjacent,77.71656347530119,77.64979996477928,-0.0667635105219091,0.0667635105219091
FE-JD5-76,exact_or_related,adjacent,66.11404396373199,66.17853004933401,0.06448608560202729,0.06448608560202729
FE-JD5-77,exact_or_related,adjacent,81.17504677563207,81.30264533078163,0.12759855514956087,0.12759855514956087
FE-JD5-78,divergent,exact_or_related,77.26699590086331,77.21361519129441,-0.05338070956889851,0.05338070956889851
FE-JD5-79,exact_or_related,adjacent,77.53732221962696,77.50651250865653,-0.030809710970430615,0.030809710970430615
FE-JD5-80,exact_or_related,adjacent,70.177422553189,70.1114220449527,-0.06600050823629999,0.06600050823629999
FE-JD5-81,exact_or_related,adjacent,81.7728233150846,81.71476224341758,-0.05806107166701224,0.05806107166701224
FE-JD5-82,exact_or_related,adjacent,71.71631875744559,71.6950360338572,-0.02128272358838501,0.02128272358838501
FE-JD5-83,adjacent,divergent,74.6314821762605,74.63768976116074,0.0062075849002383165,0.0062075849002383165
FE-JD5-84,adjacent,divergent,73.69985709459401,73.69930809822662,-0.0005489963673852571,0.0005489963673852571
FE-JD5-85,adjacent,divergent,66.63912618867703,66.54934604052902,-0.08978014814800872,0.08978014814800872
FE-JD5-86,exact_or_related,adjacent,73.30235406976352,73.3465810151645,0.044226945400978934,0.044226945400978934
FE-JD5-87,divergent,exact_or_related,77.72425823712103,77.69301728719549,-0.0312409499255466,0.0312409499255466
FE-JD5-88,exact_or_related,adjacent,62.01564870365176,62.11134545312711,0.09569674947534423,0.09569674947534423
FE-JD5-89,exact_or_related,adjacent,77.60023709532982,77.50953282260586,-0.0907042727239542,0.0907042727239542
FE-JD5-90,exact_or_related,adjacent,61.2460596039553,61.220863759638206,-0.025195844317096316,0.025195844317096316
FE-JD5-91,exact_or_related,adjacent,80.48925394777126,80.45509654805954,-0.03415739971171661,0.03415739971171661
FE-JD5-92,exact_or_related,adjacent,74.91260868178445,74.96956750808033,0.056958826295883114,0.056958826295883114
FE-JD5-93,exact_or_related,adjacent,73.05980228417855,72.93340855962333,-0.12639372455521425,0.12639372455521425
FE-JD5-94,exact_or_related,adjacent,60.837521647698566,61.10041173454314,0.26289008684457116,0.26289008684457116
FE-JD5-95,divergent,exact_or_related,70.97014172225262,71.20669895718865,0.2365572349360292,0.2365572349360292
FE-JD5-96,adjacent,divergent,82.67617288662628,82.55672745209736,-0.1194454345289131,0.1194454345289131
FE-JD5-97,adjacent,divergent,85.66670691069044,85.57272584851852,-0.09398106217192037,0.09398106217192037
FE-JD5-98,exact_or_related,adjacent,71.69206405030066,71.69884731549165,0.006783265190989596,0.006783265190989596
FE-JD5-99,adjacent,divergent,57.17687423680426,57.17729388118934,0.0004196443850830178,0.0004196443850830178
FE-JD5-100,exact_or_related,adjacent,65.14469041295843,64.9764572686653,-0.16823314429312575,0.16823314429312575
RD-JD6-01,divergent,exact_or_related,57.32122715772945,57.48153665721587,0.16030949948641648,0.16030949948641648
RD-JD6-02,adjacent,divergent,72.24148055016359,72.51700053262715,0.2755199824635639,0.2755199824635639
RD-JD6-03,divergent,exact_or_related,68.10012117287803,68.13513635584349,0.03501518296545214,0.03501518296545214
RD-JD6-04,exact_or_related,adjacent,78.5740939675146,78.40540563812453,-0.16868832939006495,0.16868832939006495
RD-JD6-05,divergent,exact_or_related,60.3205656795821,60.31522193824886,-0.0053437413332417805,0.0053437413332417805
RD-JD6-06,exact_or_related,adjacent,80.12607597381475,80.0738810840523,-0.052194889762446905,0.052194889762446905
RD-JD6-07,divergent,exact_or_related,65.54539097248079,65.79277620265962,0.2473852301788355,0.2473852301788355
RD-JD6-08,exact_or_related,adjacent,74.17062191867144,73.98974979647124,-0.18087212220019921,0.18087212220019921
RD-JD6-09,adjacent,divergent,61.600829092430466,61.63954083004669,0.03871173761622515,0.03871173761622515
RD-JD6-10,adjacent,divergent,73.1383639569584,73.21741328072795,0.07904932376955287,0.07904932376955287
RD-JD6-11,adjacent,divergent,75.56555107522314,75.72321139348439,0.15766031826125015,0.15766031826125015
RD-JD6-12,exact_or_related,adjacent,80.84896145767969,80.88488504295394,0.035923585274247216,0.035923585274247216
RD-JD6-13,exact_or_related,adjacent,78.48852892753666,78.39871852300817,-0.08981040452849243,0.08981040452849243
RD-JD6-14,exact_or_related,adjacent,66.90384893072755,67.01270570939711,0.108856778669562,0.108856778669562
RD-JD6-15,exact_or_related,adjacent,72.61569736232582,72.61423438433535,-0.001462977990470904,0.001462977990470904
RD-JD6-16,exact_or_related,adjacent,83.9833860684889,83.93125612265635,-0.052129945832547264,0.052129945832547264
RD-JD6-17,divergent,exact_or_related,65.06948101969269,65.02974934839749,-0.0397316712952005,0.0397316712952005
RD-JD6-18,exact_or_related,adjacent,75.03455490583158,75.01439544998804,-0.020159455843540286,0.020159455843540286
RD-JD6-19,divergent,exact_or_related,77.95746060602048,77.92571264829806,-0.03174795772241623,0.03174795772241623
RD-JD6-20,adjacent,divergent,67.22346228095188,67.28935249912914,0.06589021817725893,0.06589021817725893
RD-JD6-21,divergent,exact_or_related,69.00554225783051,69.1803102033851,0.17476794555459207,0.17476794555459207
RD-JD6-22,adjacent,divergent,80.95637267418253,81.10149606282015,0.14512338863761443,0.14512338863761443
RD-JD6-23,adjacent,divergent,72.29671474556396,72.2618148707156,-0.034899874848363766,0.034899874848363766
RD-JD6-24,exact_or_related,adjacent,68.2129813764997,67.88741494732534,-0.3255664291743585,0.3255664291743585
RD-JD6-25,exact_or_related,adjacent,77.86117671351217,77.91006009486244,0.048883381350279365,0.048883381350279365
RD-JD6-26,exact_or_related,adjacent,78.77328167757341,78.73262248587297,-0.040659191700441966,0.040659191700441966
RD-JD6-27,exact_or_related,adjacent,74.61729806038716,74.57409242600369,-0.043205634383468805,0.043205634383468805
RD-JD6-28,exact_or_related,adjacent,69.48432361804252,69.46433545575643,-0.019988162286097122,0.019988162286097122
RD-JD6-29,exact_or_related,adjacent,57.72603481377203,57.68920595356052,-0.036828860211514325,0.036828860211514325
RD-JD6-30,exact_or_related,adjacent,72.87654255647455,72.88798794596556,0.01144538949101559,0.01144538949101559
RD-JD6-31,exact_or_related,adjacent,67.46909279501594,67.60999502156795,0.140902226552015,0.140902226552015
RD-JD6-32,exact_or_related,adjacent,64.80303409216228,64.92212712071498,0.11909302855269743,0.11909302855269743
RD-JD6-33,exact_or_related,adjacent,70.37826936445788,70.41582808226578,0.037558717807897324,0.037558717807897324
RD-JD6-34,exact_or_related,adjacent,60.45766195368845,60.45723583534993,-0.00042611833852390646,0.00042611833852390646
RD-JD6-35,exact_or_related,adjacent,74.27115978982972,74.30643940902341,0.035279619193687495,0.035279619193687495
RD-JD6-36,adjacent,divergent,68.73691544996733,68.69220418262229,-0.044711267345036276,0.044711267345036276
RD-JD6-37,exact_or_related,adjacent,83.63953776934176,83.62887947818953,-0.010658291152225274,0.010658291152225274
RD-JD6-38,exact_or_related,adjacent,81.0971829359884,81.14458335883447,0.04740042284606716,0.04740042284606716
RD-JD6-39,exact_or_related,adjacent,75.4540023436219,75.44840807173834,-0.005594271883552437,0.005594271883552437
RD-JD6-40,exact_or_related,adjacent,64.73486406257017,64.72498135793815,-0.009882704632019568,0.009882704632019568
RD-JD6-41,adjacent,divergent,70.7071739324549,70.78964197067857,0.08246803822368065,0.08246803822368065
RD-JD6-42,exact_or_related,adjacent,85.4167296699666,85.47704865256857,0.060318982601970106,0.060318982601970106
RD-JD6-43,exact_or_related,adjacent,73.53895284711716,73.2246974712781,-0.3142553758390534,0.3142553758390534
RD-JD6-44,divergent,exact_or_related,61.932864387942196,62.03361287133554,0.10074848339334608,0.10074848339334608
RD-JD6-45,exact_or_related,adjacent,66.76615851577472,66.83488765531911,0.06872913954438786,0.06872913954438786
RD-JD6-46,exact_or_related,adjacent,71.3197282752141,71.31400814545292,-0.005720129761186854,0.005720129761186854
RD-JD6-47,exact_or_related,adjacent,78.56168502018225,78.75435645526147,0.19267143507921958,0.19267143507921958
RD-JD6-48,exact_or_related,adjacent,77.502300484142,77.55726298099849,0.054962496856489906,0.054962496856489906
RD-JD6-49,exact_or_related,adjacent,63.132421507630184,63.0465893037772,-0.08583220385298063,0.08583220385298063
RD-JD6-50,divergent,exact_or_related,64.92212768795106,64.78035281565703,-0.14177487229403596,0.14177487229403596
RD-JD6-51,divergent,exact_or_related,66.0229975289512,66.24608249770414,0.2230849687529428,0.2230849687529428
RD-JD6-52,exact_or_related,adjacent,82.34067084082542,82.36875623723896,0.02808539641353036,0.02808539641353036
RD-JD6-53,exact_or_related,adjacent,73.22183748052106,73.21881266703139,-0.003024813489673761,0.003024813489673761
RD-JD6-54,adjacent,divergent,81.59237777881603,81.51309340146206,-0.07928437735397154,0.07928437735397154
RD-JD6-55,divergent,exact_or_related,76.50496138300159,76.58395204529339,0.07899066229180107,0.07899066229180107
RD-JD6-56,exact_or_related,adjacent,71.32070869008847,71.26962160809475,-0.05108708199371392,0.05108708199371392
RD-JD6-57,divergent,exact_or_related,75.85248878598239,75.78042913737765,-0.07205964860473557,0.07205964860473557
RD-JD6-58,exact_or_related,adjacent,81.66149357622385,81.67139720598952,0.009903629765673827,0.009903629765673827
RD-JD6-59,exact_or_related,adjacent,81.05135268791024,81.06246554620387,0.011112858293628847,0.011112858293628847
RD-JD6-60,divergent,exact_or_related,85.66917250812618,85.58081190188095,-0.08836060624523157,0.08836060624523157
RD-JD6-61,adjacent,divergent,67.71204184880018,67.78031452655816,0.06827267775797452,0.06827267775797452
RD-JD6-62,exact_or_related,adjacent,69.56946825526721,69.46391674091308,-0.10555151435413279,0.10555151435413279
RD-JD6-63,adjacent,divergent,69.56095442252202,69.5969289764068,0.035974553884784655,0.035974553884784655
RD-JD6-64,adjacent,divergent,83.44878988446001,83.1914394497655,-0.2573504346945157,0.2573504346945157
RD-JD6-65,exact_or_related,adjacent,76.96411390095746,76.65591553743248,-0.30819836352497987,0.30819836352497987
RD-JD6-66,exact_or_related,adjacent,64.08781932415977,63.873276732547026,-0.2145425916127408,0.2145425916127408
RD-JD6-67,exact_or_related,adjacent,85.47888865231548,85.62311986886974,0.1442312165542603,0.1442312165542603
RD-JD6-68,exact_or_related,adjacent,69.40484073001217,69.05889412684316,-0.34594660316901127,0.34594660316901127
RD-JD6-69,exact_or_related,adjacent,74.65116615335404,74.4902598476308,-0.1609063057232447,0.1609063057232447
RD-JD6-70,adjacent,divergent,80.99819045902805,81.0085201843901,0.010329725362041131,0.010329725362041131
RD-JD6-71,exact_or_related,adjacent,67.55671425640249,66.82733614005674,-0.7293781163457425,0.7293781163457425
RD-JD6-72,exact_or_related,adjacent,62.29405076320432,62.06673425218667,-0.22731651101764783,0.22731651101764783
RD-JD6-73,exact_or_related,adjacent,81.8463914835681,81.84475785351815,-0.001633630049951762,0.001633630049951762
RD-JD6-74,divergent,exact_or_related,79.82389616129537,79.70498523404056,-0.11891092725480235,0.11891092725480235
RD-JD6-75,exact_or_related,adjacent,59.09857804179227,58.97567494294994,-0.12290309884233608,0.12290309884233608
RD-JD6-76,exact_or_related,adjacent,59.00724577725129,59.05385362424202,0.04660784699072451,0.04660784699072451
RD-JD6-77,divergent,exact_or_related,73.27085590403509,73.3861384878904,0.11528258385531842,0.11528258385531842
RD-JD6-78,adjacent,divergent,65.68565663837077,65.68975906927407,0.004102430903301979,0.004102430903301979
RD-JD6-79,exact_or_related,adjacent,62.8462270993389,62.72337129139546,-0.12285580794343787,0.12285580794343787
RD-JD6-80,adjacent,divergent,62.18785305898455,62.07280301559242,-0.11505004339213087,0.11505004339213087
RD-JD6-81,exact_or_related,adjacent,69.74152804922358,69.43064124938576,-0.3108867998378173,0.3108867998378173
RD-JD6-82,divergent,exact_or_related,79.12219926097488,79.47963057036091,0.35743130938602974,0.35743130938602974
RD-JD6-83,exact_or_related,adjacent,74.28585749822707,74.36050123833022,0.07464374010314145,0.07464374010314145
RD-JD6-84,exact_or_related,adjacent,72.09563901563884,72.04407623949064,-0.05156277614820226,0.05156277614820226
RD-JD6-85,exact_or_related,adjacent,69.79677702824081,69.67639797100244,-0.12037905723836673,0.12037905723836673
RD-JD6-86,exact_or_related,adjacent,71.61029823969213,71.54573805187532,-0.06456018781680939,0.06456018781680939
RD-JD6-87,adjacent,divergent,75.49138573352799,75.40732330529079,-0.08406242823720333,0.08406242823720333
RD-JD6-88,exact_or_related,adjacent,64.84696043037005,64.78946361324044,-0.05749681712960353,0.05749681712960353
RD-JD6-89,divergent,exact_or_related,68.1523563513062,68.51082451407305,0.35846816276685445,0.35846816276685445
RD-JD6-90,adjacent,divergent,65.55539810918343,65.42949620061174,-0.12590190857169148,0.12590190857169148
RD-JD6-91,exact_or_related,adjacent,68.96102006005589,68.97782336026846,0.01680330021257248,0.01680330021257248
RD-JD6-92,exact_or_related,adjacent,75.6885627739646,75.80789473571315,0.11933196174854288,0.11933196174854288
RD-JD6-93,exact_or_related,adjacent,68.19636847858061,68.25723209882695,0.06086362024633729,0.06086362024633729
RD-JD6-94,adjacent,divergent,82.17380022193464,82.21963796817732,0.04583774624268244,0.04583774624268244
RD-JD6-95,exact_or_related,adjacent,67.86286733973061,68.04909979852332,0.186232458792702,0.186232458792702
RD-JD6-96,exact_or_related,adjacent,78.5519785599128,78.55934430375791,0.00736574384511357,0.00736574384511357
RD-JD6-97,adjacent,divergent,72.31283351346418,72.32080519329247,0.007971679828287392,0.007971679828287392
RD-JD6-98,exact_or_related,adjacent,70.47967620664532,70.41060091523252,-0.06907529141280122,0.06907529141280122
RD-JD6-99,divergent,exact_or_related,82.55093428171882,82.6606934578342,0.10975917611537511,0.10975917611537511
RD-JD6-100,exact_or_related,adjacent,72.23616892196772,72.11400404026342,-0.1221648817042933,0.1221648817042933
UID-JD7-01,adjacent,divergent,65.08366029163429,65.06930346775837,-0.014356823875914415,0.014356823875914415
UID-JD7-02,exact_or_related,adjacent,72.34339306196624,72.26020187905134,-0.08319118291490213,0.08319118291490213
UID-JD7-03,exact_or_related,adjacent,72.17329970154637,72.0940848224999,-0.07921487904647506,0.07921487904647506
UID-JD7-04,adjacent,divergent,63.929406642315556,64.03670573795152,0.10729909563596607,0.10729909563596607
UID-JD7-05,exact_or_related,adjacent,65.0023309546329,64.84554904068983,-0.15678191394306396,0.15678191394306396
UID-JD7-06,adjacent,divergent,76.91362359913471,76.78970174069973,-0.12392185843498282,0.12392185843498282
UID-JD7-07,exact_or_related,adjacent,73.09968300496881,72.98283120634453,-0.11685179862428186,0.11685179862428186
UID-JD7-08,exact_or_related,adjacent,71.23706054990859,71.69467592415222,0.4576153742436304,0.4576153742436304
UID-JD7-09,exact_or_related,adjacent,83.64181506781705,83.63394486909864,-0.00787019871840755,0.00787019871840755
UID-JD7-10,adjacent,divergent,79.37967236157273,79.39320461571731,0.013532254144578815,0.013532254144578815
UID-JD7-11,exact_or_related,adjacent,66.62132879083696,66.66220201424204,0.04087322340508592,0.04087322340508592
UID-JD7-12,exact_or_related,adjacent,76.55201844393034,76.44706230797038,-0.10495613595995223,0.10495613595995223
UID-JD7-13,exact_or_related,adjacent,66.44412909367897,66.5091311225234,0.0650020288444324,0.0650020288444324
UID-JD7-14,divergent,exact_or_related,81.9174847705451,81.79332497500256,-0.12415979554253909,0.12415979554253909
UID-JD7-15,exact_or_related,adjacent,59.92086227333511,59.99841376045913,0.07755148712401905,0.07755148712401905
UID-JD7-16,exact_or_related,adjacent,65.34791761252777,65.25365014495634,-0.09426746757142723,0.09426746757142723
UID-JD7-17,adjacent,divergent,79.12501617842626,79.11801181988623,-0.007004358540029898,0.007004358540029898
UID-JD7-18,exact_or_related,adjacent,79.84666156792078,79.84613708937977,-0.0005244785410098984,0.0005244785410098984
UID-JD7-19,exact_or_related,adjacent,85.51987264451469,85.58629542876014,0.06642278424544656,0.06642278424544656
UID-JD7-20,exact_or_related,adjacent,85.08198568939251,84.90396537508485,-0.17802031430765908,0.17802031430765908
UID-JD7-21,exact_or_related,adjacent,65.5262956070808,65.43545617233805,-0.09083943474274747,0.09083943474274747
UID-JD7-22,exact_or_related,adjacent,83.46478680834335,83.20102543180359,-0.2637613765397617,0.2637613765397617
UID-JD7-23,divergent,exact_or_related,72.7074491222289,72.55976948617341,-0.14767963605548573,0.14767963605548573
UID-JD7-24,exact_or_related,adjacent,62.297548462966795,62.2655710483664,-0.031977414600397935,0.031977414600397935
UID-JD7-25,adjacent,divergent,70.54254479610276,70.54400064143591,0.0014558453331545707,0.0014558453331545707
UID-JD7-26,exact_or_related,adjacent,63.44725145508498,63.4654315714989,0.018180116413915925,0.018180116413915925
UID-JD7-27,exact_or_related,adjacent,78.5978589015385,78.62850126632904,0.030642364790537613,0.030642364790537613
UID-JD7-28,exact_or_related,adjacent,63.97618911588363,63.843664195727925,-0.13252492015570283,0.13252492015570283
UID-JD7-29,exact_or_related,adjacent,69.54882571370995,69.46196517903628,-0.0868605346736615,0.0868605346736615
UID-JD7-30,exact_or_related,adjacent,86.01431420381252,86.25600666031207,0.24169245649954973,0.24169245649954973
UID-JD7-31,adjacent,divergent,65.36193021733808,65.28250713610369,-0.07942308123439545,0.07942308123439545
UID-JD7-32,exact_or_related,adjacent,61.79281531815022,61.853364990362245,0.06054967221202645,0.06054967221202645
UID-JD7-33,exact_or_related,adjacent,76.11788062633056,76.14239088526665,0.024510258936089713,0.024510258936089713
UID-JD7-34,exact_or_related,adjacent,79.1176484538577,79.07765149971863,-0.03999695413907034,0.03999695413907034
UID-JD7-35,exact_or_related,adjacent,73.76961495874355,73.70886485775333,-0.06075010099021938,0.06075010099021938
UID-JD7-36,exact_or_related,adjacent,69.61074182508052,69.58657253237962,-0.024169292700904066,0.024169292700904066
UID-JD7-37,exact_or_related,adjacent,65.10885894262478,65.0746795545239,-0.03417938810088117,0.03417938810088117
UID-JD7-38,exact_or_related,adjacent,74.82447109158022,74.80605018896088,-0.01842090261934004,0.01842090261934004
UID-JD7-39,exact_or_related,adjacent,67.34914639053882,67.4781961607573,0.12904977021848651,0.12904977021848651
UID-JD7-40,exact_or_related,adjacent,79.73244564318377,79.72620072979448,-0.006244913389281237,0.006244913389281237
UID-JD7-41,adjacent,divergent,88.90367222396043,88.65145103936521,-0.25222118459521425,0.25222118459521425
UID-JD7-42,adjacent,divergent,64.2155778280205,64.21468517615494,-0.0008926518655556492,0.0008926518655556492
UID-JD7-43,divergent,exact_or_related,80.28668405426207,80.24880749285096,-0.03787656141111029,0.03787656141111029
UID-JD7-44,exact_or_related,adjacent,78.98798402849707,78.95350618376027,-0.0344778447367986,0.0344778447367986
UID-JD7-45,exact_or_related,adjacent,71.05755251569731,70.92206921153614,-0.13548330416116983,0.13548330416116983
UID-JD7-46,exact_or_related,adjacent,60.77168840642946,60.88647296361647,0.11478455718700786,0.11478455718700786
UID-JD7-47,exact_or_related,adjacent,65.91829297223317,65.91139317878829,-0.006899793444887337,0.006899793444887337
UID-JD7-48,exact_or_related,adjacent,69.67569922425196,69.37621060161871,-0.29948862263324827,0.29948862263324827
UID-JD7-49,exact_or_related,adjacent,67.37208476956361,67.3652521635961,-0.006832605967517225,0.006832605967517225
UID-JD7-50,exact_or_related,adjacent,76.50886004253931,76.45702353698753,-0.05183650555177621,0.05183650555177621
UID-JD7-51,adjacent,divergent,69.26630234332256,69.21379304091658,-0.05250930240597995,0.05250930240597995
UID-JD7-52,adjacent,divergent,69.4249445710257,69.47838559707488,0.053441026049171114,0.053441026049171114
UID-JD7-53,exact_or_related,adjacent,52.08677481142651,52.177251759984856,0.0904769485583472,0.0904769485583472
UID-JD7-54,exact_or_related,adjacent,82.96650795968422,82.97020358939238,0.0036956297081616185,0.0036956297081616185
UID-JD7-55,adjacent,divergent,74.45227995200754,74.43551753491208,-0.01676241709546389,0.01676241709546389
UID-JD7-56,exact_or_related,adjacent,87.06281330715314,87.14691369329557,0.08410038614243831,0.08410038614243831
UID-JD7-57,exact_or_related,adjacent,67.25968372913256,67.30159049842602,0.04190676929346182,0.04190676929346182
UID-JD7-58,exact_or_related,adjacent,66.74425797166073,66.93303734977302,0.18877937811228662,0.18877937811228662
UID-JD7-59,adjacent,divergent,84.03932659545939,84.18107186494672,0.14174526948733046,0.14174526948733046
UID-JD7-60,adjacent,divergent,77.92299055903571,77.95089961205937,0.027909053023662977,0.027909053023662977
UID-JD7-61,adjacent,divergent,65.1205700619233,65.057547405106,-0.0630226568172958,0.0630226568172958
UID-JD7-62,exact_or_related,adjacent,62.10325897061364,62.003445422246834,-0.09981354836680367,0.09981354836680367
UID-JD7-63,adjacent,divergent,65.0018746250302,64.99114000152339,-0.010734623506806429,0.010734623506806429
UID-JD7-64,adjacent,divergent,78.67543706360755,78.7096135557663,0.03417649215874974,0.03417649215874974
UID-JD7-65,adjacent,divergent,65.31697289197551,65.28196862319481,-0.03500426878069618,0.03500426878069618
UID-JD7-66,adjacent,divergent,57.80867032315874,57.80741718645035,-0.0012531367083923328,0.0012531367083923328
UID-JD7-67,exact_or_related,adjacent,68.27215066647831,68.43051269119051,0.15836202471220417,0.15836202471220417
UID-JD7-68,exact_or_related,adjacent,80.42302995039593,80.35215530160929,-0.07087464878664207,0.07087464878664207
UID-JD7-69,exact_or_related,adjacent,79.91488329977045,79.86374205975639,-0.051141240014061395,0.051141240014061395
UID-JD7-70,divergent,exact_or_related,68.17972798714464,67.88582206519223,-0.2939059219524154,0.2939059219524154
UID-JD7-71,adjacent,divergent,74.04340685256567,74.00411035092479,-0.03929650164087661,0.03929650164087661
UID-JD7-72,exact_or_related,adjacent,71.59758801843107,71.84094359360853,0.24335557517746054,0.24335557517746054
UID-JD7-73,exact_or_related,adjacent,64.7669434021803,64.55313816787773,-0.21380523430256915,0.21380523430256915
UID-JD7-74,exact_or_related,adjacent,72.9558022478582,72.91362302516642,-0.04217922269178587,0.04217922269178587
UID-JD7-75,divergent,exact_or_related,76.71061780152188,76.73458463236541,0.023966830843534126,0.023966830843534126
UID-JD7-76,divergent,exact_or_related,60.471545054792806,60.13510284406148,-0.3364422107313274,0.3364422107313274
UID-JD7-77,exact_or_related,adjacent,77.41052388677429,77.46139115598552,0.05086726921123841,0.05086726921123841
UID-JD7-78,exact_or_related,adjacent,77.205077580581,77.12398979567767,-0.0810877849033318,0.0810877849033318
UID-JD7-79,exact_or_related,adjacent,63.46101582696861,63.27964351993095,-0.1813723070376625,0.1813723070376625
UID-JD7-80,adjacent,divergent,83.39336044128876,83.38785386490565,-0.00550657638311236,0.00550657638311236
UID-JD7-81,adjacent,divergent,59.95705902100055,60.09103336069806,0.1339743396975095,0.1339743396975095
UID-JD7-82,adjacent,divergent,76.79791756269782,76.57741324660519,-0.22050431609262944,0.22050431609262944
UID-JD7-83,divergent,exact_or_related,78.84647064109161,78.715539588035,-0.13093105305661368,0.13093105305661368
UID-JD7-84,adjacent,divergent,84.54464733983559,84.53652921080153,-0.008118129034059507,0.008118129034059507
UID-JD7-85,divergent,exact_or_related,67.17188984015674,67.07758854363973,-0.0943012965170027,0.0943012965170027
UID-JD7-86,adjacent,divergent,63.05385362263872,62.98368837563566,-0.07016524700306093,0.07016524700306093
UID-JD7-87,exact_or_related,adjacent,75.83040731962748,75.7247506414557,-0.10565667817178337,0.10565667817178337
UID-JD7-88,exact_or_related,adjacent,61.959031264485546,61.99188138230997,0.03285011782442382,0.03285011782442382
UID-JD7-89,adjacent,divergent,69.27102105150914,69.24326836179371,-0.027752689715427437,0.027752689715427437
UID-JD7-90,exact_or_related,adjacent,84.58122507261596,84.74527865577885,0.16405358316288243,0.16405358316288243
UID-JD7-91,adjacent,divergent,69.46644824331875,69.80159405133926,0.3351458080205134,0.3351458080205134
UID-JD7-92,exact_or_related,adjacent,86.72955406816486,86.80065053569959,0.07109646753472987,0.07109646753472987
UID-JD7-93,adjacent,divergent,53.813855001575625,53.84923726229791,0.035382260722286674,0.035382260722286674
UID-JD7-94,exact_or_related,adjacent,77.20358506067058,77.24779272152414,0.04420766085355865,0.04420766085355865
UID-JD7-95,exact_or_related,adjacent,64.31223747257789,64.35861207314635,0.04637460056845555,0.04637460056845555
UID-JD7-96,exact_or_related,adjacent,68.59991742498246,67.60732311211503,-0.992594312867439,0.992594312867439
UID-JD7-97,exact_or_related,adjacent,75.74787593719815,75.6488296146339,-0.09904632256424861,0.09904632256424861
UID-JD7-98,exact_or_related,adjacent,63.309911745377946,63.279040151082604,-0.030871594295341254,0.030871594295341254
UID-JD7-99,exact_or_related,adjacent,64.22379607061274,64.2089560816639,-0.01483998894883598,0.01483998894883598
UID-JD7-100,exact_or_related,adjacent,60.035600177836095,60.111193259736424,0.07559308190032965,0.07559308190032965
BE-JD8-01,adjacent,divergent,76.818252034343,76.8738183290904,0.055566294747393385,0.055566294747393385
BE-JD8-02,exact_or_related,adjacent,61.34396105542266,61.067374728681216,-0.27658632674144457,0.27658632674144457
BE-JD8-03,exact_or_related,adjacent,62.468783562541006,62.449656560051,-0.019127002490009204,0.019127002490009204
BE-JD8-04,exact_or_related,adjacent,60.23448916534838,60.22073046772699,-0.013758697621391036,0.013758697621391036
BE-JD8-05,exact_or_related,adjacent,76.662443006572,76.69845893543761,0.036015928865609226,0.036015928865609226
BE-JD8-06,exact_or_related,adjacent,65.96133745599522,65.88924587561378,-0.07209158038143926,0.07209158038143926
BE-JD8-07,exact_or_related,adjacent,58.49046405624256,58.54888347436589,0.058419418123328626,0.058419418123328626
BE-JD8-08,exact_or_related,adjacent,58.3334928047979,58.06574829455776,-0.2677445102401421,0.2677445102401421
BE-JD8-09,adjacent,divergent,75.4048204546302,75.18377581198945,-0.22104464264074863,0.22104464264074863
BE-JD8-10,divergent,exact_or_related,73.91668349078836,73.62254302483619,-0.29414046595216803,0.29414046595216803
BE-JD8-11,adjacent,divergent,67.79940640861471,67.73458707159833,-0.06481933701638809,0.06481933701638809
BE-JD8-12,adjacent,divergent,66.8312945338367,66.61899081258302,-0.2123037212536758,0.2123037212536758
BE-JD8-13,adjacent,divergent,66.24552796290602,66.18987015467836,-0.05565780822766442,0.05565780822766442
BE-JD8-14,divergent,exact_or_related,74.7169897625814,74.80017101999226,0.0831812574108568,0.0831812574108568
BE-JD8-15,divergent,exact_or_related,81.9842864706327,81.92879961055415,-0.05548686007854542,0.05548686007854542
BE-JD8-16,exact_or_related,adjacent,75.42603637326373,75.52432886999252,0.09829249672878859,0.09829249672878859
BE-JD8-17,exact_or_related,adjacent,76.49536098082369,76.35504333215543,-0.14031764866825824,0.14031764866825824
BE-JD8-18,exact_or_related,adjacent,88.87939617678983,89.04968385643102,0.1702876796411914,0.1702876796411914
BE-JD8-19,exact_or_related,adjacent,74.91170576862294,75.13436877136098,0.22266300273804518,0.22266300273804518
BE-JD8-20,exact_or_related,adjacent,71.34564239888532,71.18126409704247,-0.16437830184284508,0.16437830184284508
BE-JD8-21,adjacent,divergent,62.528264109187106,62.67278167586438,0.14451756667727267,0.14451756667727267
BE-JD8-22,exact_or_related,adjacent,84.60841546108993,84.46815021176734,-0.14026524932259576,0.14026524932259576
BE-JD8-23,exact_or_related,adjacent,66.40864396726262,66.42257113775052,0.013927170487903595,0.013927170487903595
BE-JD8-24,exact_or_related,adjacent,76.14971669770094,76.10610236673682,-0.04361433096411815,0.04361433096411815
BE-JD8-25,adjacent,divergent,79.18553185742205,79.22971998511227,0.0441881276902194,0.0441881276902194
BE-JD8-26,adjacent,divergent,65.90480506583937,65.90930326832887,0.004498202489500613,0.004498202489500613
BE-JD8-27,adjacent,divergent,77.39437081183918,77.15311715522276,-0.24125365661642206,0.24125365661642206
BE-JD8-28,exact_or_related,adjacent,69.9674524063211,70.01681250615245,0.049360099831346815,0.049360099831346815
BE-JD8-29,adjacent,divergent,71.84820351109994,71.82953547542937,-0.01866803567057218,0.01866803567057218
BE-JD8-30,exact_or_related,adjacent,64.92337955555992,64.87722998031327,-0.04614957524664476,0.04614957524664476
BE-JD8-31,exact_or_related,adjacent,69.99461130279666,69.99938601131858,0.004774708521921411,0.004774708521921411
BE-JD8-32,exact_or_related,adjacent,64.1453121463094,63.92603655852234,-0.21927558778705247,0.21927558778705247
BE-JD8-33,exact_or_related,adjacent,83.13049583992226,83.04601250525837,-0.08448333466388647,0.08448333466388647
BE-JD8-34,exact_or_related,adjacent,65.45457177341277,65.52752266345823,0.07295089004546185,0.07295089004546185
BE-JD8-35,exact_or_related,adjacent,60.192238447919706,60.332160055299575,0.13992160737986836,0.13992160737986836
BE-JD8-36,divergent,exact_or_related,84.44279346913821,84.22846279179444,-0.2143306773437672,0.2143306773437672
BE-JD8-37,exact_or_related,adjacent,65.32964946631309,65.27512650177661,-0.054522964536474205,0.054522964536474205
BE-JD8-38,exact_or_related,adjacent,74.40883669068123,74.42615801855187,0.017321327870646996,0.017321327870646996
BE-JD8-39,exact_or_related,adjacent,66.17411358092338,66.37807200296321,0.2039584220398325,0.2039584220398325
BE-JD8-40,adjacent,divergent,70.710818552321,70.4769402710899,-0.23387828123109955,0.23387828123109955
BE-JD8-41,adjacent,divergent,73.56518797630996,73.71223078111855,0.1470428048085921,0.1470428048085921
BE-JD8-42,exact_or_related,adjacent,76.17662863167526,76.23715906933647,0.06053043766121391,0.06053043766121391
BE-JD8-43,exact_or_related,adjacent,82.6153612349757,82.5322402338243,-0.08312100115139742,0.08312100115139742
BE-JD8-44,adjacent,divergent,84.23658681224178,84.24312899573461,0.00654218349282587,0.00654218349282587
BE-JD8-45,exact_or_related,adjacent,64.09130556605167,64.08677186000189,-0.004533706049784314,0.004533706049784314
BE-JD8-46,exact_or_related,adjacent,63.935928230804386,63.92039739733293,-0.015530833471459005,0.015530833471459005
BE-JD8-47,exact_or_related,adjacent,68.49908179207252,68.46910569906233,-0.029976093010191107,0.029976093010191107
BE-JD8-48,exact_or_related,adjacent,73.59190574550668,73.33275212479599,-0.25915362071069126,0.25915362071069126
BE-JD8-49,exact_or_related,adjacent,68.50802024724737,68.54840124723555,0.040380999988173016,0.040380999988173016
BE-JD8-50,divergent,exact_or_related,66.83239927195662,66.62107861604882,-0.21132065590779803,0.21132065590779803
BE-JD8-51,exact_or_related,adjacent,76.75482287723258,76.76380450489698,0.008981627664397251,0.008981627664397251
BE-JD8-52,adjacent,divergent,88.32176719928026,88.13997533301009,-0.1817918662701743,0.1817918662701743
BE-JD8-53,adjacent,divergent,82.4226015493468,82.30238214558514,-0.12021940376165219,0.12021940376165219
BE-JD8-54,exact_or_related,adjacent,69.35379864421031,69.27933287484566,-0.07446576936465021,0.07446576936465021
BE-JD8-55,divergent,exact_or_related,69.65487474041794,70.00866399997889,0.35378925956095486,0.35378925956095486
BE-JD8-56,adjacent,divergent,74.28228618682832,74.08191723086914,-0.2003689559591777,0.2003689559591777
BE-JD8-57,adjacent,divergent,69.9818054580423,70.05073602699706,0.06893056895475524,0.06893056895475524
BE-JD8-58,exact_or_related,adjacent,66.81279672938031,66.74220980965818,-0.07058691972213182,0.07058691972213182
BE-JD8-59,exact_or_related,adjacent,65.7109897361437,65.85921481634463,0.1482250802009304,0.1482250802009304
BE-JD8-60,adjacent,divergent,71.07984643954428,70.98031901201101,-0.0995274275332747,0.0995274275332747
BE-JD8-61,exact_or_related,adjacent,76.81580904415523,76.65215455995539,-0.16365448419983863,0.16365448419983863
BE-JD8-62,exact_or_related,adjacent,69.69131573662266,69.71325634055239,0.021940603929735403,0.021940603929735403
BE-JD8-63,exact_or_related,adjacent,70.35298850843435,70.39263103527323,0.03964252683887537,0.03964252683887537
BE-JD8-64,exact_or_related,adjacent,63.64788283838104,63.537783007993745,-0.11009983038729132,0.11009983038729132
BE-JD8-65,divergent,exact_or_related,79.29178565663142,79.42479321458978,0.13300755795836494,0.13300755795836494
BE-JD8-66,adjacent,divergent,71.55078283737285,71.60018039875838,0.04939756138553264,0.04939756138553264
BE-JD8-67,adjacent,divergent,83.04625362601341,83.13626613874294,0.0900125127295297,0.0900125127295297
BE-JD8-68,adjacent,divergent,70.45977691831943,70.53537201686017,0.07559509854073099,0.07559509854073099
BE-JD8-69,exact_or_related,adjacent,75.24634174301258,75.28379373727014,0.03745199425756596,0.03745199425756596
BE-JD8-70,adjacent,divergent,61.210812962297794,61.17598004984391,-0.03483291245388642,0.03483291245388642
BE-JD8-71,exact_or_related,adjacent,62.55629862619283,62.57932209232341,0.023023466130581483,0.023023466130581483
BE-JD8-72,exact_or_related,adjacent,66.41971450205952,66.34897260328329,-0.07074189877623382,0.07074189877623382
BE-JD8-73,adjacent,divergent,68.06154903296968,68.01683618883176,-0.044712844137919205,0.044712844137919205
BE-JD8-74,exact_or_related,adjacent,73.72602873675643,73.42058695040835,-0.3054417863480836,0.3054417863480836
BE-JD8-75,adjacent,divergent,77.4267329761715,77.41293432110321,-0.01379865506828537,0.01379865506828537
BE-JD8-76,adjacent,divergent,67.0859317478863,66.79285994221726,-0.2930718056690438,0.2930718056690438
BE-JD8-77,divergent,exact_or_related,62.629849412124905,63.06203630412736,0.43218689200245564,0.43218689200245564
BE-JD8-78,exact_or_related,adjacent,76.21285478668862,76.17388678543763,-0.038968001250992756,0.038968001250992756
BE-JD8-79,adjacent,divergent,78.00892446913787,77.82682632270186,-0.18209814643600453,0.18209814643600453
BE-JD8-80,exact_or_related,adjacent,77.27098631418828,77.32336928090086,0.052382966712585244,0.052382966712585244
BE-JD8-81,exact_or_related,adjacent,88.86827344448771,88.84587537425995,-0.022398070227765743,0.022398070227765743
BE-JD8-82,exact_or_related,adjacent,71.42162525229553,71.4225142872276,0.0008890349320722635,0.0008890349320722635
BE-JD8-83,divergent,exact_or_related,78.15762694980035,78.21658633990748,0.05895939010713391,0.05895939010713391
BE-JD8-84,exact_or_related,adjacent,76.57826709110307,76.48288057986348,-0.09538651123959596,0.09538651123959596
BE-JD8-85,exact_or_related,adjacent,62.87285589926041,62.88682484849442,0.013968949234012484,0.013968949234012484
BE-JD8-86,exact_or_related,adjacent,72.48103857570422,72.74879996902276,0.267761393318537,0.267761393318537
BE-JD8-87,exact_or_related,adjacent,85.09501864361651,85.27556892124686,0.1805502776303456,0.1805502776303456
BE-JD8-88,exact_or_related,adjacent,64.95446582776414,64.89797492550628,-0.05649090225786324,0.05649090225786324
BE-JD8-89,exact_or_related,adjacent,66.07513412172463,65.99349077858948,-0.08164334313515553,0.08164334313515553
BE-JD8-90,exact_or_related,adjacent,67.5568906082514,67.48074482300875,-0.07614578524264459,0.07614578524264459
BE-JD8-91,adjacent,divergent,67.72928092948179,67.6288087819706,-0.10047214751118361,0.10047214751118361
BE-JD8-92,exact_or_related,adjacent,73.10800391816511,72.95720598536943,-0.1507979327956832,0.1507979327956832
BE-JD8-93,exact_or_related,adjacent,77.46129884908952,77.52683542181727,0.06553657272775126,0.06553657272775126
BE-JD8-94,exact_or_related,adjacent,63.27828602748496,63.09284757880354,-0.1854384486814169,0.1854384486814169
BE-JD8-95,exact_or_related,adjacent,83.00060768609939,83.03628089386827,0.03567320776888039,0.03567320776888039
BE-JD8-96,exact_or_related,adjacent,72.25613820381047,72.36215944722997,0.10602124341950514,0.10602124341950514
BE-JD8-97,exact_or_related,adjacent,66.53498257271433,66.27947840951482,-0.25550416319950386,0.25550416319950386
BE-JD8-98,adjacent,divergent,62.54160009367632,62.59656994987446,0.05496985619813444,0.05496985619813444
BE-JD8-99,divergent,exact_or_related,68.75473819811987,68.89805012516317,0.14331192704329965,0.14331192704329965
BE-JD8-100,divergent,exact_or_related,67.78507886950638,67.8339536162283,0.04887474672192127,0.04887474672192127
APD-JD9-01,divergent,exact_or_related,72.4352097995254,72.60217877211696,0.16696897259156174,0.16696897259156174
APD-JD9-02,exact_or_related,adjacent,78.33537012653584,78.4188710038707,0.08350087733487044,0.08350087733487044
APD-JD9-03,adjacent,divergent,64.92226658200929,64.90963888423026,-0.01262769777902406,0.01262769777902406
APD-JD9-04,exact_or_related,adjacent,70.8372841022173,70.84312195082829,0.005837848610994456,0.005837848610994456
APD-JD9-05,divergent,exact_or_related,75.65385722901324,75.73192065944968,0.07806343043644404,0.07806343043644404
APD-JD9-06,exact_or_related,adjacent,71.39209809326772,71.37612943338847,-0.015968659879249003,0.015968659879249003
APD-JD9-07,exact_or_related,adjacent,72.35999253701031,72.38238707738782,0.022394540377504768,0.022394540377504768
APD-JD9-08,adjacent,divergent,65.90773624508847,65.72028868595113,-0.18744755913733968,0.18744755913733968
APD-JD9-09,exact_or_related,adjacent,62.74745865592749,62.579575763597504,-0.16788289232998466,0.16788289232998466
APD-JD9-10,exact_or_related,adjacent,85.29701629980028,85.09313583378521,-0.2038804660150646,0.2038804660150646
APD-JD9-11,exact_or_related,adjacent,65.6000665222062,65.61973232951335,0.019665807307148953,0.019665807307148953
APD-JD9-12,adjacent,divergent,63.14447966698061,63.097797458062686,-0.04668220891792174,0.04668220891792174
APD-JD9-13,exact_or_related,adjacent,80.09766129636067,80.04880387309143,-0.04885742326924003,0.04885742326924003
APD-JD9-14,adjacent,divergent,79.27767688150226,79.2705134358294,-0.00716344567285887,0.00716344567285887
APD-JD9-15,adjacent,divergent,66.17957435098855,66.1961626397263,0.016588288737750645,0.016588288737750645
APD-JD9-16,adjacent,divergent,72.11097944355186,72.06782771765242,-0.04315172589943472,0.04315172589943472
APD-JD9-17,exact_or_related,adjacent,78.49733889481868,78.54801469168073,0.050675796862051925,0.050675796862051925
APD-JD9-18,exact_or_related,adjacent,68.68269064852983,68.36996335207466,-0.31272729645516506,0.31272729645516506
APD-JD9-19,adjacent,divergent,60.05457347680417,59.92756971483173,-0.12700376197243912,0.12700376197243912
APD-JD9-20,adjacent,divergent,68.39236998913852,68.19272005587436,-0.1996499332641548,0.1996499332641548
APD-JD9-21,exact_or_related,adjacent,82.42613352683742,82.53320466365246,0.107071136815037,0.107071136815037
APD-JD9-22,exact_or_related,adjacent,55.682735438501894,56.04220964749108,0.3594742089891838,0.3594742089891838
APD-JD9-23,exact_or_related,adjacent,75.5348004121592,75.45589595778307,-0.07890445437612925,0.07890445437612925
APD-JD9-24,exact_or_related,adjacent,64.96935779259759,64.93527273035836,-0.03408506223922814,0.03408506223922814
APD-JD9-25,exact_or_related,adjacent,68.8710766582189,68.65798465175563,-0.21309200646327042,0.21309200646327042
APD-JD9-26,exact_or_related,adjacent,54.882159894756704,55.038694612560285,0.15653471780358075,0.15653471780358075
APD-JD9-27,adjacent,divergent,63.53824050671245,63.59789374469579,0.059653237983340546,0.059653237983340546
APD-JD9-28,adjacent,divergent,76.97619903882224,76.78085614068561,-0.19534289813663008,0.19534289813663008
APD-JD9-29,exact_or_related,adjacent,86.8056740082171,86.92412620754251,0.11845219932541795,0.11845219932541795
APD-JD9-30,adjacent,divergent,73.26142473269911,73.03516309833952,-0.22626163435958802,0.22626163435958802
APD-JD9-31,adjacent,divergent,71.26929920930093,71.27368976411162,0.004390554810697722,0.004390554810697722
APD-JD9-32,adjacent,divergent,78.33493845529013,78.2701337580513,-0.0648046972388272,0.0648046972388272
APD-JD9-33,exact_or_related,adjacent,55.457467410395225,55.4920161836434,0.034548773248175735,0.034548773248175735
APD-JD9-34,divergent,exact_or_related,74.41011259560655,74.52067583878359,0.11056324317704025,0.11056324317704025
APD-JD9-35,adjacent,divergent,59.25803668769993,59.28345969044189,0.02542300274195952,0.02542300274195952
APD-JD9-36,exact_or_related,adjacent,68.90958671814488,69.28051426912441,0.37092755097953045,0.37092755097953045
APD-JD9-37,exact_or_related,adjacent,80.54312367132643,80.60651136622744,0.06338769490101015,0.06338769490101015
APD-JD9-38,exact_or_related,adjacent,77.01619214128006,76.99007425105238,-0.026117890227681073,0.026117890227681073
APD-JD9-39,exact_or_related,adjacent,64.92234252581477,64.88061525693607,-0.04172726887870226,0.04172726887870226
APD-JD9-40,exact_or_related,adjacent,75.8336224661078,75.7714654716986,-0.06215699440919309,0.06215699440919309
APD-JD9-41,divergent,exact_or_related,66.69055597747295,66.30117234100187,-0.38938363647108076,0.38938363647108076
APD-JD9-42,adjacent,divergent,81.05491844506471,81.02061312543154,-0.03430531963317662,0.03430531963317662
APD-JD9-43,adjacent,divergent,58.91734178849751,59.091847358531,0.17450557003348877,0.17450557003348877
APD-JD9-44,exact_or_related,adjacent,54.522932622497805,55.21535573111505,0.6924231086172412,0.6924231086172412
APD-JD9-45,exact_or_related,adjacent,68.37212213288169,68.28773936771404,-0.08438276516764631,0.08438276516764631
APD-JD9-46,exact_or_related,adjacent,74.58668459326883,74.55442804121775,-0.03225655205108069,0.03225655205108069
APD-JD9-47,exact_or_related,adjacent,62.86022564775337,62.89727236053677,0.03704671278340044,0.03704671278340044
APD-JD9-48,divergent,exact_or_related,80.68204112401467,80.54911280568862,-0.13292831832605145,0.13292831832605145
APD-JD9-49,divergent,exact_or_related,67.91845965614264,67.84087979096978,-0.07757986517286497,0.07757986517286497
APD-JD9-50,exact_or_related,adjacent,88.04398757319501,88.2015577161011,0.1575701429060956,0.1575701429060956
APD-JD9-51,divergent,exact_or_related,69.86623082806418,69.63630900605055,-0.22992182201362255,0.22992182201362255
APD-JD9-52,exact_or_related,adjacent,77.58878263434492,77.63793800628231,0.04915537193738828,0.04915537193738828
APD-JD9-53,adjacent,divergent,69.87514151880089,69.9094795129704,0.03433799416951899,0.03433799416951899
APD-JD9-54,divergent,exact_or_related,78.61112004286568,78.77680265855963,0.16568261569395304,0.16568261569395304
APD-JD9-55,adjacent,divergent,65.16575937863074,65.33397591990386,0.16821654127312513,0.16821654127312513
APD-JD9-56,adjacent,divergent,68.61978010946889,68.63230479017385,0.012524680704956381,0.012524680704956381
APD-JD9-57,adjacent,divergent,72.19570986358075,72.52647539210736,0.33076552852661223,0.33076552852661223
APD-JD9-58,exact_or_related,adjacent,83.01082754289345,82.8990028270589,-0.11182471583455822,0.11182471583455822
APD-JD9-59,adjacent,divergent,70.91169496115107,71.04873500191663,0.1370400407655552,0.1370400407655552
APD-JD9-60,adjacent,divergent,82.43864114759842,82.49012966850725,0.05148852090883338,0.05148852090883338
APD-JD9-61,adjacent,divergent,81.39990831002399,81.49588438325189,0.09597607322790225,0.09597607322790225
APD-JD9-62,adjacent,divergent,70.03261615303713,69.98751294114126,-0.04510321189586364,0.04510321189586364
APD-JD9-63,adjacent,divergent,84.5630316171348,84.46997927205258,-0.0930523450822136,0.0930523450822136
APD-JD9-64,exact_or_related,adjacent,65.66296686063386,65.85683261994697,0.19386575931311256,0.19386575931311256
APD-JD9-65,divergent,exact_or_related,56.94654428787208,56.9125473038331,-0.03399698403897844,0.03399698403897844
APD-JD9-66,adjacent,divergent,65.55792068089416,65.67834205170249,0.12042137080833015,0.12042137080833015
APD-JD9-67,exact_or_related,adjacent,62.807279199687834,62.79825366496625,-0.009025534721580186,0.009025534721580186
APD-JD9-68,adjacent,divergent,79.3675030491318,79.38556406132673,0.01806101219493428,0.01806101219493428
APD-JD9-69,exact_or_related,adjacent,88.04260753115204,88.06149967827193,0.018892147119885294,0.018892147119885294
APD-JD9-70,exact_or_related,adjacent,77.82772821217023,77.90830489575801,0.08057668358777903,0.08057668358777903
APD-JD9-71,exact_or_related,adjacent,65.11179552756718,65.13324066947968,0.021445141912494137,0.021445141912494137
APD-JD9-72,adjacent,divergent,73.42510292789598,73.36926315909011,-0.05583976880586761,0.05583976880586761
APD-JD9-73,exact_or_related,adjacent,54.972161365196754,55.41804876465019,0.4458873994534329,0.4458873994534329
APD-JD9-74,divergent,exact_or_related,78.75761068643892,78.90166422550054,0.14405353906161622,0.14405353906161622
APD-JD9-75,exact_or_related,adjacent,68.6239106921872,68.63542556514626,0.011514872959068612,0.011514872959068612
APD-JD9-76,divergent,exact_or_related,71.76280486193684,71.76628845909148,0.0034835971546414157,0.0034835971546414157
APD-JD9-77,exact_or_related,adjacent,68.04215615712738,67.8633104695974,-0.17884568752998575,0.17884568752998575
APD-JD9-78,divergent,exact_or_related,86.69307059541407,86.50204060054195,-0.19102999487212458,0.19102999487212458
APD-JD9-79,divergent,exact_or_related,83.00896932968443,82.83336958141008,-0.175599748274351,0.175599748274351
APD-JD9-80,adjacent,divergent,73.59480091206741,73.60552702402235,0.010726111954937778,0.010726111954937778
APD-JD9-81,exact_or_related,adjacent,72.6599284461071,72.77841939673631,0.11849095062920867,0.11849095062920867
APD-JD9-82,exact_or_related,adjacent,52.16353417548683,52.273774533203195,0.1102403577163642,0.1102403577163642
APD-JD9-83,exact_or_related,adjacent,71.81940068801124,71.77002375380171,-0.049376934209533374,0.049376934209533374
APD-JD9-84,exact_or_related,adjacent,72.6220416820853,72.5539042009853,-0.06813748109999551,0.06813748109999551
APD-JD9-85,adjacent,divergent,67.54707716398602,67.65077672361116,0.10369955962514155,0.10369955962514155
APD-JD9-86,exact_or_related,adjacent,69.20091323825918,69.28223150046512,0.08131826220594007,0.08131826220594007
APD-JD9-87,adjacent,divergent,72.21297423856987,72.215522605976,0.002548367406134844,0.002548367406134844
APD-JD9-88,divergent,exact_or_related,80.77989875666685,80.778405051575,-0.0014937050918462091,0.0014937050918462091
APD-JD9-89,divergent,exact_or_related,66.09076605858886,66.17894149039883,0.08817543180997234,0.08817543180997234
APD-JD9-90,exact_or_related,adjacent,84.7414265744469,84.75357451791103,0.01214794346412873,0.01214794346412873
APD-JD9-91,exact_or_related,adjacent,87.34274235378528,87.14399549340146,-0.19874686038382094,0.19874686038382094
APD-JD9-92,exact_or_related,adjacent,84.80938180598265,84.93269868508536,0.12331687910270261,0.12331687910270261
APD-JD9-93,divergent,exact_or_related,65.83658057436398,65.58193149026779,-0.2546490840961866,0.2546490840961866
APD-JD9-94,adjacent,divergent,84.97007326092522,84.97790846696769,0.00783520604247201,0.00783520604247201
APD-JD9-95,divergent,exact_or_related,62.414609862690305,62.505517465890094,0.09090760319978841,0.09090760319978841
APD-JD9-96,exact_or_related,adjacent,79.42682033694078,79.44887091136229,0.022050574421513147,0.022050574421513147
APD-JD9-97,divergent,exact_or_related,66.1080348908887,66.17427027970439,0.06623538881568436,0.06623538881568436
APD-JD9-98,divergent,exact_or_related,61.55147325642115,61.663688040263274,0.11221478384212702,0.11221478384212702
APD-JD9-99,exact_or_related,adjacent,63.354122303708316,63.24155944287512,-0.11256286083319367,0.11256286083319367
APD-JD9-100,exact_or_related,adjacent,79.50306548997348,79.58523581129734,0.08217032132385782,0.08217032132385782
SSD-JD10-01,adjacent,divergent,74.81363774003526,74.84051836356566,0.02688062353040266,0.02688062353040266
SSD-JD10-02,exact_or_related,adjacent,72.69255024157093,72.71745059050204,0.02490034893111215,0.02490034893111215
SSD-JD10-03,exact_or_related,adjacent,68.79046970278856,68.87576185685477,0.08529215406620949,0.08529215406620949
SSD-JD10-04,divergent,exact_or_related,66.93538193233397,66.86333527126719,-0.07204666106677848,0.07204666106677848
SSD-JD10-05,adjacent,divergent,66.16869357842675,66.22327718878039,0.054583610353631684,0.054583610353631684
SSD-JD10-06,adjacent,divergent,76.29361442213353,76.34133814046456,0.04772371833102795,0.04772371833102795
SSD-JD10-07,exact_or_related,adjacent,60.34082149979043,60.42642506486229,0.08560356507186384,0.08560356507186384
SSD-JD10-08,exact_or_related,adjacent,62.8215549059646,62.879910685830374,0.05835577986577789,0.05835577986577789
SSD-JD10-09,divergent,exact_or_related,74.87515051782663,74.78653615554262,-0.08861436228400521,0.08861436228400521
SSD-JD10-10,exact_or_related,adjacent,69.87150395207708,70.06266890553665,0.19116495345957674,0.19116495345957674
SSD-JD10-11,exact_or_related,adjacent,76.4987290970103,76.33140307979858,-0.16732601721172102,0.16732601721172102
SSD-JD10-12,divergent,exact_or_related,72.33421272115629,72.46944699629378,0.13523427513749198,0.13523427513749198
SSD-JD10-13,exact_or_related,adjacent,74.77455970390047,74.79765454011132,0.02309483621085917,0.02309483621085917
SSD-JD10-14,exact_or_related,adjacent,73.10252885257165,73.23938632015091,0.13685746757926154,0.13685746757926154
SSD-JD10-15,adjacent,divergent,82.16500821745754,82.26741207776583,0.10240386030828574,0.10240386030828574
SSD-JD10-16,exact_or_related,adjacent,68.62171072264691,68.56571306658658,-0.05599765606032747,0.05599765606032747
SSD-JD10-17,exact_or_related,adjacent,80.74553219204333,80.87571726192864,0.13018506988531442,0.13018506988531442
SSD-JD10-18,exact_or_related,adjacent,84.41108942367309,84.33666790746376,-0.07442151620932691,0.07442151620932691
SSD-JD10-19,exact_or_related,adjacent,66.99837245018036,66.51023441386498,-0.48813803631537667,0.48813803631537667
SSD-JD10-20,exact_or_related,adjacent,72.10913461774132,72.03081194267462,-0.07832267506670121,0.07832267506670121
SSD-JD10-21,exact_or_related,adjacent,72.2466490769428,72.34865458331662,0.10200550637381411,0.10200550637381411
SSD-JD10-22,divergent,exact_or_related,83.79339770919985,83.70331001471456,-0.09008769448529108,0.09008769448529108
SSD-JD10-23,adjacent,divergent,59.40944855717125,59.32550649784773,-0.08394205932352605,0.08394205932352605
SSD-JD10-24,exact_or_related,adjacent,64.65323448758572,64.58921955172492,-0.0640149358607971,0.0640149358607971
SSD-JD10-25,adjacent,divergent,82.42128266926349,82.42793488740006,0.00665221813656558,0.00665221813656558
SSD-JD10-26,adjacent,divergent,70.03801695079919,69.97610899946119,-0.06190795133800009,0.06190795133800009
SSD-JD10-27,exact_or_related,adjacent,79.9494896372307,79.88842880772566,-0.06106082950503833,0.06106082950503833
SSD-JD10-28,exact_or_related,adjacent,73.16385097111258,73.2621687177227,0.09831774661012105,0.09831774661012105
SSD-JD10-29,exact_or_related,adjacent,77.66428689434304,77.73335232652713,0.06906543218408956,0.06906543218408956
SSD-JD10-30,exact_or_related,adjacent,70.99458930913408,70.9418346480714,-0.052754661062678565,0.052754661062678565
SSD-JD10-31,adjacent,divergent,57.41889765719835,57.39538070054642,-0.023516956651931764,0.023516956651931764
SSD-JD10-32,divergent,exact_or_related,70.16298013439786,69.92653261090044,-0.23644752349741793,0.23644752349741793
SSD-JD10-33,exact_or_related,adjacent,66.29965605910343,66.2936488457408,-0.00600721336262211,0.00600721336262211
SSD-JD10-34,exact_or_related,adjacent,84.34366789656954,84.38226287780788,0.03859498123833305,0.03859498123833305
SSD-JD10-35,exact_or_related,adjacent,61.51396101461418,61.56220036288866,0.04823934827447829,0.04823934827447829
SSD-JD10-36,exact_or_related,adjacent,75.01822527982998,74.94222010719534,-0.07600517263463757,0.07600517263463757
SSD-JD10-37,exact_or_related,adjacent,75.12924230252123,75.24490978968723,0.11566748716599307,0.11566748716599307
SSD-JD10-38,exact_or_related,adjacent,70.71625340952417,70.70288273740722,-0.013370672116948867,0.013370672116948867
SSD-JD10-39,exact_or_related,adjacent,70.8034599706365,70.7966257936843,-0.006834176952196458,0.006834176952196458
SSD-JD10-40,adjacent,divergent,65.38558897052607,65.33364906441281,-0.051939906113261713,0.051939906113261713
SSD-JD10-41,exact_or_related,adjacent,89.45968362854994,89.46914879988891,0.009465171338973732,0.009465171338973732
SSD-JD10-42,exact_or_related,adjacent,59.14556567263041,59.09102693012762,-0.05453874250279256,0.05453874250279256
SSD-JD10-43,divergent,exact_or_related,59.431012483947114,59.580766425855956,0.14975394190884117,0.14975394190884117
SSD-JD10-44,adjacent,divergent,67.41251123333014,67.32155672267875,-0.09095451065138604,0.09095451065138604
SSD-JD10-45,exact_or_related,adjacent,68.1604045146044,68.13158022516325,-0.02882428944114679,0.02882428944114679
SSD-JD10-46,exact_or_related,adjacent,71.66195109376034,71.54823184477146,-0.11371924898887187,0.11371924898887187
SSD-JD10-47,exact_or_related,adjacent,72.31044646471129,72.32859243301019,0.01814596829889581,0.01814596829889581
SSD-JD10-48,exact_or_related,adjacent,75.015666866266,74.97743753201601,-0.03822933424999064,0.03822933424999064
SSD-JD10-49,exact_or_related,adjacent,78.54205172992003,78.66184880020819,0.11979707028815767,0.11979707028815767
SSD-JD10-50,adjacent,divergent,72.89094043953436,72.96416026464917,0.07321982511480485,0.07321982511480485
SSD-JD10-51,divergent,exact_or_related,75.36251033700287,75.36765481789118,0.00514448088830477,0.00514448088830477
SSD-JD10-52,exact_or_related,adjacent,81.04264077442504,81.08717827980134,0.044537505376297304,0.044537505376297304
SSD-JD10-53,adjacent,divergent,77.38226339982401,77.44396441388419,0.06170101406017636,0.06170101406017636
SSD-JD10-54,exact_or_related,adjacent,76.56493695501774,76.54744587563269,-0.0174910793850529,0.0174910793850529
SSD-JD10-55,exact_or_related,adjacent,74.535065725895,74.50925567099011,-0.02581005490488053,0.02581005490488053
SSD-JD10-56,exact_or_related,adjacent,68.03011947670934,67.6310057340238,-0.3991137426855431,0.3991137426855431
SSD-JD10-57,exact_or_related,adjacent,82.7232466735427,82.87935868913532,0.1561120155926119,0.1561120155926119
SSD-JD10-58,exact_or_related,adjacent,71.2921970993976,71.18814692817544,-0.10405017122215554,0.10405017122215554
SSD-JD10-59,divergent,exact_or_related,69.43432692489142,69.35968864792083,-0.07463827697058889,0.07463827697058889
SSD-JD10-60,exact_or_related,adjacent,73.88680399962588,73.98211087812652,0.09530687850063657,0.09530687850063657
SSD-JD10-61,adjacent,divergent,64.41031653646539,64.64082405035896,0.2305075138935706,0.2305075138935706
SSD-JD10-62,exact_or_related,adjacent,81.29720210784888,81.34949422877024,0.052292120921364926,0.052292120921364926
SSD-JD10-63,exact_or_related,adjacent,81.87970871720843,81.86906335100362,-0.01064536620481249,0.01064536620481249
SSD-JD10-64,exact_or_related,adjacent,69.33697123060125,69.71140588760291,0.37443465700165746,0.37443465700165746
SSD-JD10-65,divergent,exact_or_related,77.96341169409777,77.86153153969487,-0.10188015440290599,0.10188015440290599
SSD-JD10-66,adjacent,divergent,67.60559816317252,67.60525219233732,-0.00034597083519827265,0.00034597083519827265
SSD-JD10-67,divergent,exact_or_related,65.5085228496034,65.82450657906203,0.31598372945863673,0.31598372945863673
SSD-JD10-68,exact_or_related,adjacent,68.72672599400403,68.75289275075184,0.02616675674781277,0.02616675674781277
SSD-JD10-69,adjacent,divergent,69.35148226924517,69.29186744649826,-0.05961482274690866,0.05961482274690866
SSD-JD10-70,exact_or_related,adjacent,72.68473499940708,72.67835270807564,-0.006382291331448187,0.006382291331448187
SSD-JD10-71,exact_or_related,adjacent,71.12987598167254,70.75106337193353,-0.37881260973901476,0.37881260973901476
SSD-JD10-72,divergent,exact_or_related,68.27307862111289,68.54742293307471,0.2743443119618263,0.2743443119618263
SSD-JD10-73,exact_or_related,adjacent,54.88175170444286,54.86730471865848,-0.014446985784381638,0.014446985784381638
SSD-JD10-74,divergent,exact_or_related,79.7534276599271,79.67915374002287,-0.07427391990422905,0.07427391990422905
SSD-JD10-75,exact_or_related,adjacent,78.86606843484572,78.92272816624308,0.05665973139736025,0.05665973139736025
SSD-JD10-76,exact_or_related,adjacent,76.51228059206088,76.41124001565922,-0.1010405764016582,0.1010405764016582
SSD-JD10-77,adjacent,divergent,68.79964498674765,68.69982291922875,-0.09982206751890033,0.09982206751890033
SSD-JD10-78,exact_or_related,adjacent,65.02249335891281,65.2026280547538,0.18013469584099084,0.18013469584099084
SSD-JD10-79,exact_or_related,adjacent,57.14058913670267,57.17436966654125,0.033780529838580264,0.033780529838580264
SSD-JD10-80,exact_or_related,adjacent,85.86224281316603,85.59687104622607,-0.265371766939964,0.265371766939964
SSD-JD10-81,exact_or_related,adjacent,60.94433897119361,61.16320739425401,0.21886842306039966,0.21886842306039966
SSD-JD10-82,exact_or_related,adjacent,76.22257053583127,76.16716957401947,-0.055400961811798766,0.055400961811798766
SSD-JD10-83,exact_or_related,adjacent,79.13741563270501,79.15489184336914,0.01747621066412819,0.01747621066412819
SSD-JD10-84,adjacent,divergent,71.48437524916964,71.47981124436747,-0.004564004802176669,0.004564004802176669
SSD-JD10-85,exact_or_related,adjacent,77.34506565293272,77.46996223317626,0.12489658024354355,0.12489658024354355
SSD-JD10-86,exact_or_related,adjacent,60.20447067794701,60.22525218227077,0.020781504323764466,0.020781504323764466
SSD-JD10-87,exact_or_related,adjacent,66.35539235627637,66.55459206989912,0.1991997136227468,0.1991997136227468
SSD-JD10-88,adjacent,divergent,82.15832026909598,82.03482077791699,-0.12349949117898973,0.12349949117898973
SSD-JD10-89,exact_or_related,adjacent,66.11375648108888,65.90364874970797,-0.21010773138091565,0.21010773138091565
SSD-JD10-90,exact_or_related,adjacent,85.0542874869239,84.86102910765047,-0.1932583792734306,0.1932583792734306
SSD-JD10-91,exact_or_related,adjacent,73.364650027193,73.20501268077258,-0.1596373464204106,0.1596373464204106
SSD-JD10-92,exact_or_related,adjacent,68.9550923043341,68.25819634189605,-0.6968959624380489,0.6968959624380489
SSD-JD10-93,adjacent,divergent,62.41017652610712,62.31042831411858,-0.09974821198854045,0.09974821198854045
SSD-JD10-94,exact_or_related,adjacent,72.56814025791564,72.45442688625265,-0.11371337166299611,0.11371337166299611
SSD-JD10-95,exact_or_related,adjacent,57.00196277865427,57.20736620837728,0.20540342972301318,0.20540342972301318
SSD-JD10-96,divergent,exact_or_related,64.2385550893398,64.20391464177288,-0.034640447566914645,0.034640447566914645
SSD-JD10-97,adjacent,divergent,67.19134439156275,67.21400138557368,0.02265699401093002,0.02265699401093002
SSD-JD10-98,exact_or_related,adjacent,86.36096702951487,86.5521479709278,0.19118094141293795,0.19118094141293795
SSD-JD10-99,exact_or_related,adjacent,71.22853239110533,71.28048566931729,0.05195327821195406,0.05195327821195406
SSD-JD10-100,exact_or_related,adjacent,87.30981944034924,87.09202193648392,-0.21779750386532726,0.21779750386532726
DA-JD11-01,exact_or_related,adjacent,77.34497009755059,77.36980975990284,0.024839662352249547,0.024839662352249547
DA-JD11-02,exact_or_related,adjacent,77.28764747966609,77.25709088407297,-0.030556595593125735,0.030556595593125735
DA-JD11-03,exact_or_related,adjacent,66.98019583454482,67.0002031181481,0.020007283603277415,0.020007283603277415
DA-JD11-04,adjacent,divergent,81.11720940942931,81.21959192918429,0.10238251975498258,0.10238251975498258
DA-JD11-05,exact_or_related,adjacent,87.11270744469155,87.1770832180185,0.06437577332694389,0.06437577332694389
DA-JD11-06,exact_or_related,adjacent,56.702656707476315,56.734218470926926,0.031561763450611124,0.031561763450611124
DA-JD11-07,exact_or_related,adjacent,60.10774104371809,60.16237586572702,0.05463482200892855,0.05463482200892855
DA-JD11-08,divergent,exact_or_related,66.72067897141831,66.97750847197636,0.2568295005580552,0.2568295005580552
DA-JD11-09,adjacent,divergent,58.903652755153175,59.12819854435681,0.22454578920363844,0.22454578920363844
DA-JD11-10,exact_or_related,adjacent,72.59342944169056,72.53918249607034,-0.054246945620221254,0.054246945620221254
DA-JD11-11,exact_or_related,adjacent,70.2352587924556,70.1489249286144,-0.08633386384119035,0.08633386384119035
DA-JD11-12,exact_or_related,adjacent,63.97714645684239,63.96074384701358,-0.016402609828809034,0.016402609828809034
DA-JD11-13,divergent,exact_or_related,71.50217002325071,71.62309543619583,0.1209254129451125,0.1209254129451125
DA-JD11-14,adjacent,divergent,80.08829907514993,80.08395267705201,-0.004346398097922588,0.004346398097922588
DA-JD11-15,adjacent,divergent,67.58781074104965,67.31911622015197,-0.2686945208976823,0.2686945208976823
DA-JD11-16,divergent,exact_or_related,70.00272313485497,70.03381961964902,0.03109648479404825,0.03109648479404825
DA-JD11-17,exact_or_related,adjacent,74.28862156946875,74.10584037177392,-0.1827811976948226,0.1827811976948226
DA-JD11-18,divergent,exact_or_related,65.2173207225432,65.54015583362155,0.32283511107834784,0.32283511107834784
DA-JD11-19,exact_or_related,adjacent,59.30038578431375,59.1185835459949,-0.1818022383188449,0.1818022383188449
DA-JD11-20,exact_or_related,adjacent,67.5258667396861,67.48914101151182,-0.03672572817427522,0.03672572817427522
DA-JD11-21,adjacent,divergent,83.88509375786145,83.88551663246625,0.00042287460479428773,0.00042287460479428773
DA-JD11-22,adjacent,divergent,74.64332501318835,74.54965149738227,-0.09367351580607419,0.09367351580607419
DA-JD11-23,exact_or_related,adjacent,68.31672542735987,68.1660039043652,-0.15072152299467234,0.15072152299467234
DA-JD11-24,exact_or_related,adjacent,89.65477865162929,89.63323763692662,-0.02154101470266312,0.02154101470266312
DA-JD11-25,exact_or_related,adjacent,85.39257085242356,85.32496723285784,-0.06760361956571614,0.06760361956571614
DA-JD11-26,exact_or_related,adjacent,71.30978933515632,71.27491208611292,-0.03487724904340439,0.03487724904340439
DA-JD11-27,adjacent,divergent,81.91051799333762,81.78588154190159,-0.1246364514360323,0.1246364514360323
DA-JD11-28,adjacent,divergent,54.95612443361259,54.66301830662056,-0.2931061269920292,0.2931061269920292
DA-JD11-29,exact_or_related,adjacent,64.53906536437466,64.55281239882177,0.013747034447106898,0.013747034447106898
DA-JD11-30,adjacent,divergent,69.03401907142319,68.84702546012176,-0.18699361130143188,0.18699361130143188
DA-JD11-31,exact_or_related,adjacent,59.74192357229723,59.59598686638877,-0.1459367059084613,0.1459367059084613
DA-JD11-32,divergent,exact_or_related,64.81252670030685,64.57413942136928,-0.23838727893756584,0.23838727893756584
DA-JD11-33,exact_or_related,adjacent,67.56360601012877,67.50537855767801,-0.058227452450751116,0.058227452450751116
DA-JD11-34,exact_or_related,adjacent,77.34652125266854,77.25181352519594,-0.0947077274725956,0.0947077274725956
DA-JD11-35,divergent,exact_or_related,84.29449863520102,84.19935429574386,-0.09514433945716405,0.09514433945716405
DA-JD11-36,exact_or_related,adjacent,70.19657861953023,70.10603358923633,-0.09054503029389593,0.09054503029389593
DA-JD11-37,adjacent,divergent,78.85631247683844,78.85132841673288,-0.004984060105556409,0.004984060105556409
DA-JD11-38,exact_or_related,adjacent,72.95824283292659,73.01109506721468,0.052852234288096156,0.052852234288096156
DA-JD11-39,exact_or_related,adjacent,65.29899196522432,65.42330270380879,0.1243107385844695,0.1243107385844695
DA-JD11-40,adjacent,divergent,63.94196991937652,63.939018927931166,-0.002950991445352713,0.002950991445352713
DA-JD11-41,adjacent,divergent,72.8041674807295,72.95639785157198,0.15223037084247437,0.15223037084247437
DA-JD11-42,divergent,exact_or_related,63.92991841372278,63.948605510392824,0.018687096670042536,0.018687096670042536
DA-JD11-43,exact_or_related,adjacent,67.22683029012904,67.11827996772517,-0.10855032240387175,0.10855032240387175
DA-JD11-44,divergent,exact_or_related,82.69110545063938,82.7447632534837,0.053657802844313096,0.053657802844313096
DA-JD11-45,exact_or_related,adjacent,58.62865262044732,58.638094864112915,0.009442243665596095,0.009442243665596095
DA-JD11-46,exact_or_related,adjacent,62.32925433240439,62.27616772420867,-0.053086608195719975,0.053086608195719975
DA-JD11-47,exact_or_related,adjacent,76.78591384078463,76.77696289591847,-0.008950944866157329,0.008950944866157329
DA-JD11-48,exact_or_related,adjacent,88.33906283285329,88.26805681984474,-0.07100601300854237,0.07100601300854237
DA-JD11-49,exact_or_related,adjacent,77.21952194973008,77.16254635760023,-0.056975592129845154,0.056975592129845154
DA-JD11-50,exact_or_related,adjacent,77.10266634664869,77.13382230417314,0.03115595752444733,0.03115595752444733
DA-JD11-51,exact_or_related,adjacent,71.5182657662736,71.56324026478951,0.04497449851591284,0.04497449851591284
DA-JD11-52,exact_or_related,adjacent,73.6214346482762,73.45407384027638,-0.16736080799982744,0.16736080799982744
DA-JD11-53,exact_or_related,adjacent,77.12507842228378,77.18763922795863,0.06256080567484901,0.06256080567484901
DA-JD11-54,exact_or_related,adjacent,55.726616353849565,55.85319589018761,0.12657953633804198,0.12657953633804198
DA-JD11-55,adjacent,divergent,70.40859534825107,70.46704122654843,0.0584458782973627,0.0584458782973627
DA-JD11-56,divergent,exact_or_related,60.391294100977376,60.62792387046331,0.23662976948593695,0.23662976948593695
DA-JD11-57,adjacent,divergent,83.68223880478074,83.44927461048505,-0.2329641942956897,0.2329641942956897
DA-JD11-58,adjacent,divergent,73.47803818264941,73.55908590729277,0.08104772464335497,0.08104772464335497
DA-JD11-59,exact_or_related,adjacent,67.43539552716656,67.3941943801347,-0.04120114703185607,0.04120114703185607
DA-JD11-60,exact_or_related,adjacent,74.15843865395505,74.14662495615893,-0.011813697796114297,0.011813697796114297
DA-JD11-61,exact_or_related,adjacent,60.253192830306304,60.31615877111252,0.06296594080621531,0.06296594080621531
DA-JD11-62,exact_or_related,adjacent,78.01091390997559,78.08761186023993,0.07669795026434656,0.07669795026434656
DA-JD11-63,exact_or_related,adjacent,73.25676310872517,73.39297552189427,0.1362124131691047,0.1362124131691047
DA-JD11-64,divergent,exact_or_related,63.275118346907995,63.3261565496731,0.05103820276510618,0.05103820276510618
DA-JD11-65,exact_or_related,adjacent,86.9869181035947,87.10460342638483,0.11768532279012334,0.11768532279012334
DA-JD11-66,adjacent,divergent,79.95842527538741,79.97693188620009,0.018506610812679014,0.018506610812679014
DA-JD11-67,exact_or_related,adjacent,66.37526585268577,66.15555564245699,-0.2197102102287829,0.2197102102287829
DA-JD11-68,adjacent,divergent,74.07690048410446,74.00891386519424,-0.0679866189102114,0.0679866189102114
DA-JD11-69,adjacent,divergent,72.67652256744812,72.70148685687617,0.02496428942805551,0.02496428942805551
DA-JD11-70,exact_or_related,adjacent,70.78206691724047,70.72475938257924,-0.05730753466123417,0.05730753466123417
DA-JD11-71,exact_or_related,adjacent,76.40456113555044,76.43924677081498,0.034685635264537495,0.034685635264537495
DA-JD11-72,exact_or_related,adjacent,59.312918396450506,59.34960127091156,0.036682874461057224,0.036682874461057224
DA-JD11-73,exact_or_related,adjacent,83.88571024844548,83.84258293299328,-0.04312731545219606,0.04312731545219606
DA-JD11-74,divergent,exact_or_related,71.62380301352214,71.22690958971901,-0.396893423803121,0.396893423803121
DA-JD11-75,adjacent,divergent,63.08872341143602,63.27632210031617,0.18759868888015063,0.18759868888015063
DA-JD11-76,adjacent,divergent,75.71208910884133,75.89791183464123,0.185822725799909,0.185822725799909
DA-JD11-77,exact_or_related,adjacent,54.984817019854454,55.55305124471508,0.5682342248606247,0.5682342248606247
DA-JD11-78,divergent,exact_or_related,68.4498726694961,68.41975179973286,-0.03012086976323758,0.03012086976323758
DA-JD11-79,adjacent,divergent,52.07837982958069,52.208174278785485,0.12979444920479466,0.12979444920479466
DA-JD11-80,exact_or_related,adjacent,66.49715772559163,66.47576550340987,-0.021392222181759735,0.021392222181759735
DA-JD11-81,exact_or_related,adjacent,74.11148506362663,74.1347452199127,0.02326015628607081,0.02326015628607081
DA-JD11-82,exact_or_related,adjacent,71.38522375452375,71.77194863083932,0.3867248763155686,0.3867248763155686
DA-JD11-83,adjacent,divergent,88.7187880826967,88.56871383070505,-0.15007425199165425,0.15007425199165425
DA-JD11-84,exact_or_related,adjacent,77.48222827327045,77.36121678189701,-0.12101149137343725,0.12101149137343725
DA-JD11-85,exact_or_related,adjacent,58.73432232452393,58.770895894885435,0.03657357036150444,0.03657357036150444
DA-JD11-86,exact_or_related,adjacent,78.8506485022767,78.9331279868994,0.08247948462269505,0.08247948462269505
DA-JD11-87,divergent,exact_or_related,82.41529504520675,82.44992448080717,0.0346294356004222,0.0346294356004222
DA-JD11-88,divergent,exact_or_related,66.41321068561034,66.70060899956738,0.2873983139570413,0.2873983139570413
DA-JD11-89,exact_or_related,adjacent,63.72145297881097,63.75918292423437,0.03772994542340058,0.03772994542340058
DA-JD11-90,exact_or_related,adjacent,76.77592622023985,76.73158189064752,-0.044344329592334475,0.044344329592334475
DA-JD11-91,adjacent,divergent,67.4874052538792,67.39221384250587,-0.0951914113733352,0.0951914113733352
DA-JD11-92,exact_or_related,adjacent,80.97462887235797,81.01477027401728,0.04014140165931224,0.04014140165931224
DA-JD11-93,adjacent,divergent,73.58866826715902,73.55824078187132,-0.030427485287702893,0.030427485287702893
DA-JD11-94,exact_or_related,adjacent,68.95725165433207,69.30408456644747,0.3468329121154028,0.3468329121154028
DA-JD11-95,exact_or_related,adjacent,82.59968515170043,82.58457173248524,-0.015113419215182944,0.015113419215182944
DA-JD11-96,exact_or_related,adjacent,71.34056041362929,71.42861131575314,0.0880509021238538,0.0880509021238538
DA-JD11-97,exact_or_related,adjacent,65.91953619054337,65.9560715908448,0.036535400301431764,0.036535400301431764
DA-JD11-98,exact_or_related,adjacent,71.37482539605718,71.35978597456568,-0.015039421491493954,0.015039421491493954
DA-JD11-99,exact_or_related,adjacent,67.04957622620033,66.85253333586013,-0.1970428903401995,0.1970428903401995
DA-JD11-100,exact_or_related,adjacent,61.444377810791146,61.51308888906581,0.06871107827466716,0.06871107827466716
DS-JD12-01,exact_or_related,adjacent,71.23116559312204,71.18609763247089,-0.045067960651152816,0.045067960651152816
DS-JD12-02,exact_or_related,adjacent,57.72085905648656,57.533888382574666,-0.18697067391189393,0.18697067391189393
DS-JD12-03,exact_or_related,adjacent,84.11453370865837,84.10144037458312,-0.013093334075250596,0.013093334075250596
DS-JD12-04,divergent,exact_or_related,64.24120089916364,64.08972681984767,-0.15147407931597456,0.15147407931597456
DS-JD12-05,exact_or_related,adjacent,58.54511001687874,58.481097710936794,-0.06401230594194374,0.06401230594194374
DS-JD12-06,exact_or_related,adjacent,81.0533405274149,81.09252216969075,0.039181642275849526,0.039181642275849526
DS-JD12-07,exact_or_related,adjacent,66.9280686590118,66.9154581886058,-0.012610470406002605,0.012610470406002605
DS-JD12-08,exact_or_related,adjacent,65.06456174332578,65.00199682648454,-0.06256491684123944,0.06256491684123944
DS-JD12-09,exact_or_related,adjacent,53.575691195352455,53.482822561275036,-0.09286863407741919,0.09286863407741919
DS-JD12-10,divergent,exact_or_related,86.9879139489053,86.9644471433354,-0.02346680556989611,0.02346680556989611
DS-JD12-11,exact_or_related,adjacent,76.34148037436354,76.249673292184,-0.09180708217954248,0.09180708217954248
DS-JD12-12,exact_or_related,adjacent,64.74930019056609,64.84093128623456,0.09163109566847538,0.09163109566847538
DS-JD12-13,exact_or_related,adjacent,60.957635615523785,60.90085779163153,-0.056777823892254276,0.056777823892254276
DS-JD12-14,divergent,exact_or_related,72.42629046071254,72.43289247228903,0.006602011576489986,0.006602011576489986
DS-JD12-15,divergent,exact_or_related,74.3581908443104,74.52033277734081,0.16214193303041213,0.16214193303041213
DS-JD12-16,divergent,exact_or_related,68.83461453088324,68.84983502703945,0.015220496156203467,0.015220496156203467
DS-JD12-17,exact_or_related,adjacent,65.67875798102774,65.63678257657558,-0.04197540445215964,0.04197540445215964
DS-JD12-18,exact_or_related,adjacent,78.71861203992381,78.6784893577147,-0.04012268220911608,0.04012268220911608
DS-JD12-19,exact_or_related,adjacent,83.53948232337692,83.51983894292842,-0.01964338044849967,0.01964338044849967
DS-JD12-20,exact_or_related,adjacent,85.45710649603546,85.4481144010464,-0.008992094989068278,0.008992094989068278
DS-JD12-21,exact_or_related,adjacent,72.42438677055948,72.3037887632026,-0.12059800735687531,0.12059800735687531
DS-JD12-22,exact_or_related,adjacent,76.7836304852406,76.76497035804859,-0.018660127192006826,0.018660127192006826
DS-JD12-23,exact_or_related,adjacent,75.44530528086678,75.30877281650322,-0.1365324643635546,0.1365324643635546
DS-JD12-24,exact_or_related,adjacent,79.40094416688666,79.38798524471858,-0.012958922168081699,0.012958922168081699
DS-JD12-25,exact_or_related,adjacent,69.98194612694121,69.98528246071331,0.0033363337720970776,0.0033363337720970776
DS-JD12-26,exact_or_related,adjacent,71.46265850887784,71.51554958367353,0.05289107479569566,0.05289107479569566
DS-JD12-27,exact_or_related,adjacent,76.65525346403558,76.71138087219263,0.05612740815705308,0.05612740815705308
DS-JD12-28,exact_or_related,adjacent,68.81215633608359,68.03791592207168,-0.7742404140119135,0.7742404140119135
DS-JD12-29,exact_or_related,adjacent,72.98269254471735,73.02258881629207,0.03989627157471887,0.03989627157471887
DS-JD12-30,divergent,exact_or_related,59.97572471626264,60.012588048852884,0.03686333259024366,0.03686333259024366
DS-JD12-31,exact_or_related,adjacent,74.07351507034798,74.05208370681223,-0.021431363535754144,0.021431363535754144
DS-JD12-32,exact_or_related,adjacent,76.26056391127355,76.3263617548408,0.06579784356725327,0.06579784356725327
DS-JD12-33,exact_or_related,adjacent,58.32364553609034,58.19335958348247,-0.13028595260787057,0.13028595260787057
DS-JD12-34,exact_or_related,adjacent,66.54393781643567,66.58647165779836,0.04253384136268323,0.04253384136268323
DS-JD12-35,exact_or_related,adjacent,70.20164589577817,70.047793964254,-0.15385193152417287,0.15385193152417287
DS-JD12-36,exact_or_related,adjacent,69.09985389422563,69.58814723550185,0.4882933412762185,0.4882933412762185
DS-JD12-37,exact_or_related,adjacent,70.44838101310071,70.32763262690902,-0.1207483861916927,0.1207483861916927
DS-JD12-38,exact_or_related,adjacent,74.80661233711872,74.62079684569788,-0.18581549142083986,0.18581549142083986
DS-JD12-39,exact_or_related,adjacent,55.14383089209461,55.57550161041952,0.43167071832490933,0.43167071832490933
DS-JD12-40,exact_or_related,adjacent,77.95503658176632,77.99471936446696,0.03968278270063763,0.03968278270063763
DS-JD12-41,divergent,exact_or_related,74.5356680238792,74.57811423051228,0.04244620663308751,0.04244620663308751
DS-JD12-42,divergent,exact_or_related,70.42268887068464,70.59221379483893,0.16952492415428821,0.16952492415428821
DS-JD12-43,exact_or_related,adjacent,59.109414038461374,59.22189182536829,0.1124777869069149,0.1124777869069149
DS-JD12-44,exact_or_related,adjacent,76.06119743379466,76.07631904121584,0.015121607421178851,0.015121607421178851
DS-JD12-45,exact_or_related,adjacent,77.7380779179088,77.76987594914375,0.03179803123495617,0.03179803123495617
DS-JD12-46,exact_or_related,adjacent,83.80773311136869,83.85026658084968,0.04253346948098624,0.04253346948098624
DS-JD12-47,exact_or_related,adjacent,64.94866023417492,64.76221170286793,-0.18644853130699346,0.18644853130699346
DS-JD12-48,exact_or_related,adjacent,85.83412608490201,85.80877891507664,-0.025347169825366223,0.025347169825366223
DS-JD12-49,divergent,exact_or_related,74.73853271896489,74.68015290792192,-0.0583798110429683,0.0583798110429683
DS-JD12-50,exact_or_related,adjacent,66.71855529260723,66.7350073685328,0.016452075925570853,0.016452075925570853
DS-JD12-51,exact_or_related,adjacent,68.26920808592865,68.1069321612507,-0.1622759246779566,0.1622759246779566
DS-JD12-52,exact_or_related,adjacent,72.13941644193314,72.01154439527558,-0.1278720466575578,0.1278720466575578
DS-JD12-53,exact_or_related,adjacent,72.66565012852539,72.55504891649001,-0.11060121203537676,0.11060121203537676
DS-JD12-54,exact_or_related,adjacent,83.25813772303275,83.19403438540483,-0.06410333762791254,0.06410333762791254
DS-JD12-55,exact_or_related,adjacent,75.48317131795753,75.43529626462723,-0.0478750533303014,0.0478750533303014
DS-JD12-56,exact_or_related,adjacent,58.457401164795634,58.42038676784148,-0.03701439695415587,0.03701439695415587
DS-JD12-57,divergent,exact_or_related,70.4179583998228,70.36788842651157,-0.0500699733112242,0.0500699733112242
DS-JD12-58,exact_or_related,adjacent,81.0930872095501,81.0662953957459,-0.02679181380420914,0.02679181380420914
DS-JD12-59,exact_or_related,adjacent,56.899159825027304,56.90359110904341,0.004431284016106929,0.004431284016106929
DS-JD12-60,divergent,exact_or_related,79.62479283272219,79.56415456299864,-0.06063826972355457,0.06063826972355457
DS-JD12-61,exact_or_related,adjacent,75.97221414252265,75.86372817999285,-0.10848596252979803,0.10848596252979803
DS-JD12-62,exact_or_related,adjacent,57.55520159066171,57.54132788900642,-0.013873701655292336,0.013873701655292336
DS-JD12-63,exact_or_related,adjacent,64.43574198579364,64.53789399843309,0.10215201263945062,0.10215201263945062
DS-JD12-64,exact_or_related,adjacent,60.09103324856171,60.05582500912089,-0.035208239440819966,0.035208239440819966
DS-JD12-65,exact_or_related,adjacent,71.91482341124193,71.88755024820618,-0.02727316303574412,0.02727316303574412
DS-JD12-66,exact_or_related,adjacent,78.81844017445533,78.71480856465777,-0.10363160979756003,0.10363160979756003
DS-JD12-67,exact_or_related,adjacent,63.732874985446735,63.69209337545767,-0.0407816099890681,0.0407816099890681
DS-JD12-68,exact_or_related,adjacent,75.27534108606046,75.09207975362965,-0.183261332430817,0.183261332430817
DS-JD12-69,divergent,exact_or_related,67.66011106956535,67.75660293453237,0.096491864967021,0.096491864967021
DS-JD12-70,exact_or_related,adjacent,60.46972311845773,60.5245624053511,0.05483928689336892,0.05483928689336892
DS-JD12-71,exact_or_related,adjacent,70.49070133290414,70.90397891310229,0.4132775801981552,0.4132775801981552
DS-JD12-72,exact_or_related,adjacent,70.39975571772517,70.37239021110793,-0.027365506617243796,0.027365506617243796
DS-JD12-73,exact_or_related,adjacent,66.38729716472736,66.4120158514963,0.024718686768949283,0.024718686768949283
DS-JD12-74,exact_or_related,adjacent,74.37500230919078,74.43919599672154,0.06419368753076071,0.06419368753076071
DS-JD12-75,divergent,exact_or_related,59.13950595393262,59.23621981262677,0.09671385869415161,0.09671385869415161
DS-JD12-76,exact_or_related,adjacent,65.55615947642929,65.59749309509145,0.041333618662164895,0.041333618662164895
DS-JD12-77,exact_or_related,adjacent,73.65190776140139,73.6836434460031,0.03173568460171339,0.03173568460171339
DS-JD12-78,exact_or_related,adjacent,67.75147490622697,67.75853489003012,0.007059983803145542,0.007059983803145542
DS-JD12-79,exact_or_related,adjacent,71.90705385535337,71.67865072481865,-0.22840313053471561,0.22840313053471561
DS-JD12-80,exact_or_related,adjacent,89.3848377271836,89.39994824532019,0.01511051813659492,0.01511051813659492
DS-JD12-81,exact_or_related,adjacent,81.61612096595944,81.70642966435443,0.0903086983949919,0.0903086983949919
DS-JD12-82,divergent,exact_or_related,81.28375441409825,81.33226881881376,0.04851440471550461,0.04851440471550461
DS-JD12-83,exact_or_related,adjacent,81.47880481091532,81.57534846204683,0.09654365113151187,0.09654365113151187
DS-JD12-84,exact_or_related,adjacent,70.77828240152517,70.80914666230935,0.030864260784170483,0.030864260784170483
DS-JD12-85,exact_or_related,adjacent,61.32918197363095,61.22858988669512,-0.10059208693583344,0.10059208693583344
DS-JD12-86,exact_or_related,adjacent,75.7440374183911,75.7702656317497,0.02622821335859271,0.02622821335859271
DS-JD12-87,exact_or_related,adjacent,74.46086995487538,74.49085466290451,0.02998470802913289,0.02998470802913289
DS-JD12-88,exact_or_related,adjacent,61.310951010236906,61.30475934641837,-0.006191663818533755,0.006191663818533755
DS-JD12-89,exact_or_related,adjacent,75.85679142346164,75.72253357216253,-0.13425785129911105,0.13425785129911105
DS-JD12-90,exact_or_related,adjacent,76.52317576425709,76.543564158239,0.02038839398190362,0.02038839398190362
DS-JD12-91,exact_or_related,adjacent,65.33049935360843,65.19935361073647,-0.1311457428719649,0.1311457428719649
DS-JD12-92,exact_or_related,adjacent,71.61784396700747,71.42691073954505,-0.19093322746242336,0.19093322746242336
DS-JD12-93,exact_or_related,adjacent,66.00305445852817,66.21939179734622,0.21633733881805028,0.21633733881805028
DS-JD12-94,exact_or_related,adjacent,79.29437393006167,79.37785325678378,0.083479326722113,0.083479326722113
DS-JD12-95,exact_or_related,adjacent,65.3062341286454,65.25045069302494,-0.05578343562045518,0.05578343562045518
DS-JD12-96,exact_or_related,adjacent,67.36117828766098,67.2884636950657,-0.07271459259527546,0.07271459259527546
DS-JD12-97,exact_or_related,adjacent,76.74285335836358,76.7457959894936,0.0029426311300255747,0.0029426311300255747
DS-JD12-98,exact_or_related,adjacent,66.86539275482303,66.78582002690472,-0.07957272791831826,0.07957272791831826
DS-JD12-99,exact_or_related,adjacent,59.46066167911862,59.467721478990484,0.007059799871861117,0.007059799871861117
DS-JD12-100,exact_or_related,adjacent,81.72580329090061,81.77306062861255,0.047257337711940295,0.047257337711940295
BIA-JD13-01,exact_or_related,adjacent,75.12958027413528,75.0704259322671,-0.05915434186817947,0.05915434186817947
BIA-JD13-02,exact_or_related,adjacent,85.00705679704292,84.88549999587418,-0.12155680116873668,0.12155680116873668
BIA-JD13-03,exact_or_related,adjacent,64.33188169202285,64.29369794696979,-0.0381837450530611,0.0381837450530611
BIA-JD13-04,divergent,exact_or_related,71.23017187196537,71.15434076644173,-0.07583110552363337,0.07583110552363337
BIA-JD13-05,exact_or_related,adjacent,73.41486463198416,73.40531494105281,-0.009549690931351051,0.009549690931351051
BIA-JD13-06,divergent,exact_or_related,65.09731736018821,65.55394458355921,0.4566272233710009,0.4566272233710009
BIA-JD13-07,exact_or_related,adjacent,66.01577669576024,65.91896661929538,-0.0968100764648625,0.0968100764648625
BIA-JD13-08,divergent,exact_or_related,74.8856705425806,75.04366483246099,0.1579942898803921,0.1579942898803921
BIA-JD13-09,exact_or_related,adjacent,72.21923993895156,72.18462286703421,-0.03461707191735286,0.03461707191735286
BIA-JD13-10,exact_or_related,adjacent,82.33354558862857,82.49775987399761,0.1642142853690416,0.1642142853690416
BIA-JD13-11,adjacent,divergent,82.73665179743803,82.77054010831698,0.03388831087895028,0.03388831087895028
BIA-JD13-12,divergent,exact_or_related,61.97923871171142,62.10304764821087,0.1238089364994508,0.1238089364994508
BIA-JD13-13,adjacent,divergent,67.70516264500874,67.63613502759146,-0.06902761741727659,0.06902761741727659
BIA-JD13-14,exact_or_related,adjacent,73.26847834222472,73.28677607205829,0.018297729833562926,0.018297729833562926
BIA-JD13-15,divergent,exact_or_related,77.3800121095646,77.18666212446509,-0.19334998509951618,0.19334998509951618
BIA-JD13-16,adjacent,divergent,72.89648502513305,73.23015491308897,0.3336698879559208,0.3336698879559208
BIA-JD13-17,divergent,exact_or_related,78.93438548813384,78.86488752946637,-0.0694979586674691,0.0694979586674691
BIA-JD13-18,divergent,exact_or_related,70.83406072764669,70.92832091991922,0.0942601922725288,0.0942601922725288
BIA-JD13-19,exact_or_related,adjacent,61.15517024781246,61.21607041168641,0.060900163873952806,0.060900163873952806
BIA-JD13-20,exact_or_related,adjacent,64.43790996267161,64.40697520385967,-0.030934758811937968,0.030934758811937968
BIA-JD13-21,exact_or_related,adjacent,57.35675795914642,57.45338819419794,0.09663023505152069,0.09663023505152069
BIA-JD13-22,exact_or_related,adjacent,82.80943791079685,82.72160471003981,-0.08783320075703216,0.08783320075703216
BIA-JD13-23,exact_or_related,adjacent,59.82371186167876,59.865657845174,0.04194598349523915,0.04194598349523915
BIA-JD13-24,divergent,exact_or_related,86.34711766710649,86.22622612021063,-0.12089154689586223,0.12089154689586223
BIA-JD13-25,divergent,exact_or_related,65.58834394063904,65.4104103298393,-0.1779336107997409,0.1779336107997409
BIA-JD13-26,adjacent,divergent,67.57942470986475,67.5161455157917,-0.06327919407304705,0.06327919407304705
BIA-JD13-27,exact_or_related,adjacent,68.05535673683336,68.24496115857525,0.1896044217418904,0.1896044217418904
BIA-JD13-28,exact_or_related,adjacent,65.25588924999846,65.23795037344543,-0.017938876553031946,0.017938876553031946
BIA-JD13-29,exact_or_related,adjacent,72.36153337327896,72.28766318838731,-0.07387018489164632,0.07387018489164632
BIA-JD13-30,divergent,exact_or_related,75.23923304375539,75.33368920057663,0.09445615682123787,0.09445615682123787
BIA-JD13-31,divergent,exact_or_related,79.49002823761988,79.52019498574447,0.03016674812458575,0.03016674812458575
BIA-JD13-32,adjacent,divergent,62.70447616009219,62.621473438538935,-0.08300272155325672,0.08300272155325672
BIA-JD13-33,exact_or_related,adjacent,87.62687299965835,87.38354573904961,-0.2433272606087371,0.2433272606087371
BIA-JD13-34,exact_or_related,adjacent,85.19527827559743,84.98914652473259,-0.20613175086484148,0.20613175086484148
BIA-JD13-35,adjacent,divergent,74.73675209358122,74.80505282032163,0.06830072674041787,0.06830072674041787
BIA-JD13-36,exact_or_related,adjacent,79.0567921705543,79.0148619598253,-0.04193021072900649,0.04193021072900649
BIA-JD13-37,exact_or_related,adjacent,69.37703781653616,69.29574883223113,-0.08128898430503284,0.08128898430503284
BIA-JD13-38,exact_or_related,adjacent,70.66275468516287,71.23395784608859,0.5712031609257195,0.5712031609257195
BIA-JD13-39,exact_or_related,adjacent,60.507179925165225,60.49741865848326,-0.009761266681962866,0.009761266681962866
BIA-JD13-40,exact_or_related,adjacent,78.78309894795362,78.79724122957953,0.014142281625908026,0.014142281625908026
BIA-JD13-41,exact_or_related,adjacent,71.40104751734152,71.3281412218074,-0.07290629553412487,0.07290629553412487
BIA-JD13-42,exact_or_related,adjacent,77.91984310014668,77.94352882804195,0.023685727895269792,0.023685727895269792
BIA-JD13-43,exact_or_related,adjacent,75.21570593269902,75.11924815819889,-0.09645777450013782,0.09645777450013782
BIA-JD13-44,exact_or_related,adjacent,76.01874683459555,76.11131216359276,0.09256532899721037,0.09256532899721037
BIA-JD13-45,exact_or_related,adjacent,73.04125444722956,73.02488064362461,-0.016373803604949444,0.016373803604949444
BIA-JD13-46,divergent,exact_or_related,67.10463677406908,67.11100344474448,0.006366670675404862,0.006366670675404862
BIA-JD13-47,adjacent,divergent,73.66792344908757,73.58213612617679,-0.08578732291077529,0.08578732291077529
BIA-JD13-48,divergent,exact_or_related,85.36965294016514,85.27249101455348,-0.09716192561165826,0.09716192561165826
BIA-JD13-49,exact_or_related,adjacent,87.13923043491617,86.91525667442698,-0.22397376048918716,0.22397376048918716
BIA-JD13-50,exact_or_related,adjacent,70.87730869195047,70.89834598023158,0.02103728828110718,0.02103728828110718
BIA-JD13-51,exact_or_related,adjacent,74.56427938220315,74.72117520327805,0.1568958210748974,0.1568958210748974
BIA-JD13-52,exact_or_related,adjacent,71.45594146218681,71.41754041577444,-0.03840104641237474,0.03840104641237474
BIA-JD13-53,adjacent,divergent,82.79400987976149,82.81029796617624,0.016288086414746772,0.016288086414746772
BIA-JD13-54,exact_or_related,adjacent,71.84304548977411,71.75099322540312,-0.09205226437099157,0.09205226437099157
BIA-JD13-55,exact_or_related,adjacent,61.309836401977925,61.438083310317836,0.1282469083399107,0.1282469083399107
BIA-JD13-56,exact_or_related,adjacent,77.18689305901977,77.09950101701205,-0.08739204200772122,0.08739204200772122
BIA-JD13-57,exact_or_related,adjacent,69.32263883315044,69.27893854741811,-0.04370028573232787,0.04370028573232787
BIA-JD13-58,exact_or_related,adjacent,78.17072301585947,78.14062301144116,-0.030100004418301296,0.030100004418301296
BIA-JD13-59,exact_or_related,adjacent,78.9470432229192,78.98329693686973,0.03625371395052923,0.03625371395052923
BIA-JD13-60,adjacent,divergent,71.09640900963738,71.03520959035956,-0.061199419277826905,0.061199419277826905
BIA-JD13-61,adjacent,divergent,74.82989832451986,74.99057230812001,0.16067398360014806,0.16067398360014806
BIA-JD13-62,divergent,exact_or_related,77.07265149955636,77.32505237326066,0.2524008737043033,0.2524008737043033
BIA-JD13-63,exact_or_related,adjacent,64.92672480276609,64.91141809796024,-0.015306704805851723,0.015306704805851723
BIA-JD13-64,adjacent,divergent,86.13729699576484,85.99996699918265,-0.1373299965821957,0.1373299965821957
BIA-JD13-65,exact_or_related,adjacent,65.95320244826193,65.6600981567944,-0.2931042914675288,0.2931042914675288
BIA-JD13-66,adjacent,divergent,62.21083231792553,62.20948705780729,-0.0013452601182422086,0.0013452601182422086
BIA-JD13-67,adjacent,divergent,76.72383809220422,76.56249051871117,-0.16134757349304607,0.16134757349304607
BIA-JD13-68,adjacent,divergent,57.03542288645707,57.198570523115805,0.163147636658735,0.163147636658735
BIA-JD13-69,exact_or_related,adjacent,81.28687160468922,81.33179953185194,0.04492792716271765,0.04492792716271765
BIA-JD13-70,exact_or_related,adjacent,77.70066246157019,77.74595015389927,0.04528769232908303,0.04528769232908303
BIA-JD13-71,adjacent,divergent,68.64895754261606,68.69488046737017,0.04592292475410886,0.04592292475410886
BIA-JD13-72,exact_or_related,adjacent,72.89079937018275,72.93245017025251,0.04165080006976041,0.04165080006976041
BIA-JD13-73,exact_or_related,adjacent,79.70175323647406,79.80024314719334,0.09848991071928026,0.09848991071928026
BIA-JD13-74,adjacent,divergent,83.02658821553,83.00953015071049,-0.017058064819508445,0.017058064819508445
BIA-JD13-75,adjacent,divergent,80.35274327061448,80.28689570111834,-0.06584756949614246,0.06584756949614246
BIA-JD13-76,adjacent,divergent,67.96109976021253,68.06905458418981,0.10795482397728051,0.10795482397728051
BIA-JD13-77,exact_or_related,adjacent,76.35390802361997,76.27174577039429,-0.08216225322567539,0.08216225322567539
BIA-JD13-78,divergent,exact_or_related,87.97054963738954,87.72095736499128,-0.2495922723982602,0.2495922723982602
BIA-JD13-79,exact_or_related,adjacent,75.58193582068415,75.48327462117958,-0.0986611995045763,0.0986611995045763
BIA-JD13-80,divergent,exact_or_related,80.56671030766952,80.9256920818726,0.3589817742030732,0.3589817742030732
BIA-JD13-81,exact_or_related,adjacent,75.79796067196449,75.71879070796611,-0.07916996399838183,0.07916996399838183
BIA-JD13-82,exact_or_related,adjacent,69.95846327450587,69.89338627370554,-0.06507700080032919,0.06507700080032919
BIA-JD13-83,divergent,exact_or_related,76.08182931429883,75.99125616147941,-0.09057315281941669,0.09057315281941669
BIA-JD13-84,divergent,exact_or_related,74.59652099251214,74.55626795428886,-0.040253038223283966,0.040253038223283966
BIA-JD13-85,exact_or_related,adjacent,82.16944568911501,82.19642605470125,0.026980365586240396,0.026980365586240396
BIA-JD13-86,exact_or_related,adjacent,63.270151588193265,63.28378758919889,0.013636001005622234,0.013636001005622234
BIA-JD13-87,adjacent,divergent,65.91482899109701,65.91413036983047,-0.0006986212665367475,0.0006986212665367475
BIA-JD13-88,exact_or_related,adjacent,69.09059830722137,69.06813438377925,-0.02246392344211756,0.02246392344211756
BIA-JD13-89,exact_or_related,adjacent,82.39371495509384,82.47723100933119,0.08351605423735009,0.08351605423735009
BIA-JD13-90,exact_or_related,adjacent,70.07817362955167,69.95025656818966,-0.12791706136201242,0.12791706136201242
BIA-JD13-91,exact_or_related,adjacent,67.39769593198444,67.33342082508725,-0.06427510689719895,0.06427510689719895
BIA-JD13-92,exact_or_related,adjacent,60.95659455913757,61.08447678608213,0.12788222694455698,0.12788222694455698
BIA-JD13-93,exact_or_related,adjacent,62.410233152243165,62.39234944927712,-0.01788370296604569,0.01788370296604569
BIA-JD13-94,exact_or_related,adjacent,73.69270334050712,73.62572228708532,-0.06698105342179872,0.06698105342179872
BIA-JD13-95,exact_or_related,adjacent,77.66653034441595,77.56967443926214,-0.09685590515380227,0.09685590515380227
BIA-JD13-96,exact_or_related,adjacent,73.69437007930523,73.6130293682383,-0.08134071106692886,0.08134071106692886
BIA-JD13-97,adjacent,divergent,62.672225988553095,62.64433437613593,-0.027891612417164424,0.027891612417164424
BIA-JD13-98,exact_or_related,adjacent,88.288731698371,88.28405910715853,-0.0046725912124685465,0.0046725912124685465
BIA-JD13-99,exact_or_related,adjacent,75.47369701686029,75.62227313286324,0.14857611600295684,0.14857611600295684
BIA-JD13-100,exact_or_related,adjacent,57.843727171581946,57.83487977565613,-0.008847395925819512,0.008847395925819512
DEV-JD14-01,exact_or_related,adjacent,68.95167789770194,69.54675827743098,0.5950803797290405,0.5950803797290405
DEV-JD14-02,exact_or_related,adjacent,68.7909926438875,68.74565868654534,-0.04533395734216583,0.04533395734216583
DEV-JD14-03,exact_or_related,adjacent,63.22286580349842,63.28311077279912,0.06024496930069745,0.06024496930069745
DEV-JD14-04,exact_or_related,adjacent,78.05408701251666,78.10176809998032,0.0476810874636584,0.0476810874636584
DEV-JD14-05,exact_or_related,adjacent,71.19019229582304,71.33537931158189,0.14518701575885018,0.14518701575885018
DEV-JD14-06,exact_or_related,adjacent,60.28479630916115,60.28842422294923,0.0036279137880796952,0.0036279137880796952
DEV-JD14-07,divergent,exact_or_related,70.28265699938069,70.28215549250234,-0.0005015068783507104,0.0005015068783507104
DEV-JD14-08,adjacent,divergent,71.74091983920896,71.8205691141764,0.07964927496743712,0.07964927496743712
DEV-JD14-09,exact_or_related,adjacent,54.47037157956245,55.00386756127736,0.533495981714907,0.533495981714907
DEV-JD14-10,exact_or_related,adjacent,69.31978530127398,69.36288160763684,0.04309630636285533,0.04309630636285533
DEV-JD14-11,exact_or_related,adjacent,66.71041087969544,66.65462877335348,-0.05578210634196523,0.05578210634196523
DEV-JD14-12,exact_or_related,adjacent,68.31076655430293,68.52495471065141,0.21418815634848443,0.21418815634848443
DEV-JD14-13,exact_or_related,adjacent,65.67317941868265,65.67873821640387,0.005558797721221254,0.005558797721221254
DEV-JD14-14,divergent,exact_or_related,84.60170931214711,84.54958277107629,-0.0521265410708196,0.0521265410708196
DEV-JD14-15,exact_or_related,adjacent,64.70006457444639,64.79645378980837,0.09638921536198097,0.09638921536198097
DEV-JD14-16,divergent,exact_or_related,83.57754390722961,83.49926269565849,-0.07828121157112378,0.07828121157112378
DEV-JD14-17,exact_or_related,adjacent,86.53955093613482,86.41268260508902,-0.12686833104579875,0.12686833104579875
DEV-JD14-18,adjacent,divergent,84.16772423643168,84.05311673504151,-0.11460750139016795,0.11460750139016795
DEV-JD14-19,divergent,exact_or_related,71.50205391697452,71.59071013722301,0.08865622024849529,0.08865622024849529
DEV-JD14-20,exact_or_related,adjacent,68.5818237850139,68.83382178297394,0.2519979979600464,0.2519979979600464
DEV-JD14-21,exact_or_related,adjacent,70.32265240311204,70.28233427169009,-0.04031813142195517,0.04031813142195517
DEV-JD14-22,adjacent,divergent,67.04371680169754,67.01345674591856,-0.03026005577898161,0.03026005577898161
DEV-JD14-23,divergent,exact_or_related,86.6578524598008,86.69882665151584,0.040974191715051234,0.040974191715051234
DEV-JD14-24,exact_or_related,adjacent,67.55959533778041,67.37069995445252,-0.18889538332788902,0.18889538332788902
DEV-JD14-25,exact_or_related,adjacent,60.45393006702244,60.45421643094804,0.0002863639255963335,0.0002863639255963335
DEV-JD14-26,exact_or_related,adjacent,63.93537027517283,63.94188546208966,0.006515186916828952,0.006515186916828952
DEV-JD14-27,divergent,exact_or_related,86.3279580095563,86.29038357989863,-0.037574429657667,0.037574429657667
DEV-JD14-28,divergent,exact_or_related,68.83063512856539,68.79495693936514,-0.03567818920025445,0.03567818920025445
DEV-JD14-29,divergent,exact_or_related,78.04652971873709,77.67734502132137,-0.3691846974157187,0.3691846974157187
DEV-JD14-30,exact_or_related,adjacent,71.2933007765806,71.25963060863047,-0.033670167950120344,0.033670167950120344
DEV-JD14-31,exact_or_related,adjacent,83.4195389899233,83.4215781218529,0.0020391319296066968,0.0020391319296066968
DEV-JD14-32,exact_or_related,adjacent,76.74346180448683,76.7256400306121,-0.017821773874729274,0.017821773874729274
DEV-JD14-33,adjacent,divergent,57.37592815403239,57.58348488359195,0.20755672955956328,0.20755672955956328
DEV-JD14-34,exact_or_related,adjacent,64.85778402478515,64.78909979590165,-0.06868422888349812,0.06868422888349812
DEV-JD14-35,adjacent,divergent,77.01800618280487,76.8983961662153,-0.1196100165895615,0.1196100165895615
DEV-JD14-36,exact_or_related,adjacent,52.35101077782627,52.47290980772132,0.12189902989505441,0.12189902989505441
DEV-JD14-37,exact_or_related,adjacent,70.92275422378091,70.86266193125621,-0.0600922925247005,0.0600922925247005
DEV-JD14-38,exact_or_related,adjacent,77.3659021056913,77.29505554506481,-0.0708465606264923,0.0708465606264923
DEV-JD14-39,exact_or_related,adjacent,73.58082946963161,73.5606838188671,-0.020145650764504808,0.020145650764504808
DEV-JD14-40,exact_or_related,adjacent,78.66603980069554,78.81027232789614,0.1442325272006002,0.1442325272006002
DEV-JD14-41,divergent,exact_or_related,68.10504893172426,68.05151757935657,-0.053531352367684804,0.053531352367684804
DEV-JD14-42,exact_or_related,adjacent,62.356602415409704,62.52250631910209,0.1659039036923886,0.1659039036923886
DEV-JD14-43,adjacent,divergent,70.46726934414443,70.45901556353647,-0.00825378060795856,0.00825378060795856
DEV-JD14-44,divergent,exact_or_related,83.44709787287046,83.3326658518379,-0.11443202103255601,0.11443202103255601
DEV-JD14-45,exact_or_related,adjacent,75.08024107607646,75.13293610072537,0.05269502464891218,0.05269502464891218
DEV-JD14-46,exact_or_related,adjacent,78.40387832547748,78.5116099936281,0.10773166815062041,0.10773166815062041
DEV-JD14-47,adjacent,divergent,77.00962132414644,76.78986821372983,-0.2197531104166046,0.2197531104166046
DEV-JD14-48,exact_or_related,adjacent,54.1914554399338,54.474230379577946,0.282774939644149,0.282774939644149
DEV-JD14-49,divergent,exact_or_related,55.799688273638104,55.81604540407831,0.01635713044020548,0.01635713044020548
DEV-JD14-50,exact_or_related,adjacent,78.70054353714936,78.74592493879783,0.04538140164846993,0.04538140164846993
DEV-JD14-51,adjacent,divergent,64.79216433365903,64.93745250494722,0.14528817128818616,0.14528817128818616
DEV-JD14-52,exact_or_related,adjacent,60.116554203253656,60.24312721100548,0.12657300775182279,0.12657300775182279
DEV-JD14-53,exact_or_related,adjacent,64.35536900007962,64.53571802052537,0.18034902044574608,0.18034902044574608
DEV-JD14-54,exact_or_related,adjacent,62.832613331697296,62.77406763288143,-0.05854569881586258,0.05854569881586258
DEV-JD14-55,divergent,exact_or_related,58.04053236143391,58.11443557785604,0.07390321642213138,0.07390321642213138
DEV-JD14-56,divergent,exact_or_related,82.448145092865,82.4066821489686,-0.04146294389640559,0.04146294389640559
DEV-JD14-57,divergent,exact_or_related,61.87570660803079,61.71049255056737,-0.165214057463416,0.165214057463416
DEV-JD14-58,exact_or_related,adjacent,62.98399056264466,62.940302742168655,-0.04368782047600206,0.04368782047600206
DEV-JD14-59,adjacent,divergent,52.61950033062401,52.5309498579667,-0.08855047265731031,0.08855047265731031
DEV-JD14-60,exact_or_related,adjacent,83.76044961425998,83.7554531244364,-0.004996489823582806,0.004996489823582806
DEV-JD14-61,exact_or_related,adjacent,75.54038795861929,75.59671805482189,0.056330096202600544,0.056330096202600544
DEV-JD14-62,exact_or_related,adjacent,81.9853946862179,82.06826139058319,0.08286670436528709,0.08286670436528709
DEV-JD14-63,exact_or_related,adjacent,57.10093328571387,57.212412229177104,0.11147894346323284,0.11147894346323284
DEV-JD14-64,exact_or_related,adjacent,54.00919478068861,53.93765435312821,-0.07154042756040013,0.07154042756040013
DEV-JD14-65,exact_or_related,adjacent,70.7443098399017,70.53881831120556,-0.20549152869614318,0.20549152869614318
DEV-JD14-66,exact_or_related,adjacent,65.72648756983801,65.65041231237,-0.07607525746801969,0.07607525746801969
DEV-JD14-67,divergent,exact_or_related,84.26845979374279,84.17656501264612,-0.09189478109666993,0.09189478109666993
DEV-JD14-68,divergent,exact_or_related,65.88806878628047,65.96208435912229,0.07401557284181592,0.07401557284181592
DEV-JD14-69,adjacent,divergent,85.08332249444217,85.12425300418748,0.04093050974530854,0.04093050974530854
DEV-JD14-70,divergent,exact_or_related,72.8049485894467,72.4830721288252,-0.3218764606214961,0.3218764606214961
DEV-JD14-71,adjacent,divergent,86.365306112651,86.36236707791353,-0.0029390347374658177,0.0029390347374658177
DEV-JD14-72,exact_or_related,adjacent,76.51445318041829,76.37547781131855,-0.1389753690997395,0.1389753690997395
DEV-JD14-73,exact_or_related,adjacent,63.258435815152815,63.36300715948349,0.10457134433067239,0.10457134433067239
DEV-JD14-74,exact_or_related,adjacent,74.75498716538345,74.61945846148646,-0.13552870389699478,0.13552870389699478
DEV-JD14-75,exact_or_related,adjacent,60.85353916337111,60.8771668923823,0.023627729011188592,0.023627729011188592
DEV-JD14-76,adjacent,divergent,86.09179745327258,86.10901565132951,0.017218198056937695,0.017218198056937695
DEV-JD14-77,exact_or_related,adjacent,84.8560294955063,84.81806688164819,-0.03796261385811306,0.03796261385811306
DEV-JD14-78,exact_or_related,adjacent,66.00010303215304,66.15553032459053,0.1554272924374942,0.1554272924374942
DEV-JD14-79,exact_or_related,adjacent,79.86783272075563,79.87016769022169,0.0023349694660623754,0.0023349694660623754
DEV-JD14-80,exact_or_related,adjacent,74.15587274374943,74.14500807307691,-0.010864670672518173,0.010864670672518173
DEV-JD14-81,exact_or_related,adjacent,79.48744442488376,79.42061237692626,-0.06683204795750441,0.06683204795750441
DEV-JD14-82,exact_or_related,adjacent,79.64529361380185,79.70415544905406,0.0588618352522019,0.0588618352522019
DEV-JD14-83,divergent,exact_or_related,71.10177426813591,71.12226034677,0.02048607863409302,0.02048607863409302
DEV-JD14-84,adjacent,divergent,68.77336391518915,68.78407755796631,0.010713642777162136,0.010713642777162136
DEV-JD14-85,adjacent,divergent,83.43937337114633,83.43811834381448,-0.0012550273318510108,0.0012550273318510108
DEV-JD14-86,adjacent,divergent,70.14244440517894,70.14138784236539,-0.0010565628135452698,0.0010565628135452698
DEV-JD14-87,exact_or_related,adjacent,61.70573831496654,61.781378487671994,0.0756401727054552,0.0756401727054552
DEV-JD14-88,adjacent,divergent,69.06820082536808,69.04479158845785,-0.023409236910225673,0.023409236910225673
DEV-JD14-89,adjacent,divergent,68.73577936975437,68.5643867714321,-0.17139259832227083,0.17139259832227083
DEV-JD14-90,exact_or_related,adjacent,74.93477899598379,74.8856816804898,-0.0490973154939951,0.0490973154939951
DEV-JD14-91,exact_or_related,adjacent,82.25625830923214,82.1827424514348,-0.07351585779733227,0.07351585779733227
DEV-JD14-92,divergent,exact_or_related,85.7745574115694,85.67230404482291,-0.10225336674649554,0.10225336674649554
DEV-JD14-93,adjacent,divergent,68.5178427588608,68.61057797413744,0.09273521527664741,0.09273521527664741
DEV-JD14-94,adjacent,divergent,69.08975048669127,69.10515202645632,0.015401539765051098,0.015401539765051098
DEV-JD14-95,exact_or_related,adjacent,74.99155717931774,74.91083879518378,-0.08071838413395938,0.08071838413395938
DEV-JD14-96,exact_or_related,adjacent,83.04547154454683,83.06643988124851,0.020968336701685075,0.020968336701685075
DEV-JD14-97,adjacent,divergent,64.65868879872434,64.65847446352758,-0.0002143351967589524,0.0002143351967589524
DEV-JD14-98,exact_or_related,adjacent,73.74624901368406,73.57363829990979,-0.17261071377427584,0.17261071377427584
DEV-JD14-99,divergent,exact_or_related,82.00110234942932,82.01162781954223,0.01052547011290983,0.01052547011290983
DEV-JD14-100,exact_or_related,adjacent,86.95995296503266,86.76902639647565,-0.1909265685570034,0.1909265685570034
CE-JD15-01,exact_or_related,adjacent,75.69193433261515,75.54767448008795,-0.14425985252719897,0.14425985252719897
CE-JD15-02,divergent,exact_or_related,64.73309493525541,64.74771035728915,0.01461542203374222,0.01461542203374222
CE-JD15-03,divergent,exact_or_related,73.55146403103569,73.29878397640412,-0.2526800546315684,0.2526800546315684
CE-JD15-04,exact_or_related,adjacent,62.884890315655014,62.90704207211636,0.022151756461347816,0.022151756461347816
CE-JD15-05,divergent,exact_or_related,75.94336191033004,75.9019179804345,-0.0414439298955358,0.0414439298955358
CE-JD15-06,divergent,exact_or_related,60.61024276765091,60.632549869744466,0.022307102093556352,0.022307102093556352
CE-JD15-07,exact_or_related,adjacent,55.7846865972208,55.91512544316769,0.13043884594689104,0.13043884594689104
CE-JD15-08,exact_or_related,adjacent,69.58436294277448,69.49316803964103,-0.09119490313344158,0.09119490313344158
CE-JD15-09,exact_or_related,adjacent,64.4539897704576,64.50567413419846,0.05168436374086127,0.05168436374086127
CE-JD15-10,exact_or_related,adjacent,63.91926527667048,64.0348026561749,0.11553737950442411,0.11553737950442411
CE-JD15-11,exact_or_related,adjacent,84.60959682710802,84.5071806697217,-0.10241615738631538,0.10241615738631538
CE-JD15-12,adjacent,divergent,61.38174992306386,61.321969734816285,-0.05978018824757214,0.05978018824757214
CE-JD15-13,exact_or_related,adjacent,73.58749278021828,73.39567602937426,-0.19181675084402627,0.19181675084402627
CE-JD15-14,exact_or_related,adjacent,62.89326657484028,62.93779354199635,0.04452696715606663,0.04452696715606663
CE-JD15-15,exact_or_related,adjacent,65.78245186308942,65.78396909229237,0.0015172292029461687,0.0015172292029461687
CE-JD15-16,adjacent,divergent,76.78482634383268,76.85750177935196,0.07267543551928668,0.07267543551928668
CE-JD15-17,adjacent,divergent,77.323084652634,77.36151588652783,0.03843123389383152,0.03843123389383152
CE-JD15-18,exact_or_related,adjacent,63.50141428470401,63.42162366092692,-0.07979062377709312,0.07979062377709312
CE-JD15-19,exact_or_related,adjacent,73.34218058891533,73.27778961077267,-0.06439097814265438,0.06439097814265438
CE-JD15-20,adjacent,divergent,72.69738686724519,72.7181118274226,0.020724960177417984,0.020724960177417984
CE-JD15-21,exact_or_related,adjacent,73.96874329744018,73.65785312334238,-0.31089017409780695,0.31089017409780695
CE-JD15-22,exact_or_related,adjacent,63.7755380207531,63.733689014849816,-0.04184900590328766,0.04184900590328766
CE-JD15-23,divergent,exact_or_related,84.93547013114411,84.79936833585833,-0.13610179528578215,0.13610179528578215
CE-JD15-24,exact_or_related,adjacent,66.04810293738234,66.06658557554296,0.018482638160620013,0.018482638160620013
CE-JD15-25,divergent,exact_or_related,68.52331509001266,68.6041683473042,0.0808532572915368,0.0808532572915368
CE-JD15-26,divergent,exact_or_related,69.19121327069001,69.26439336948556,0.07318009879554666,0.07318009879554666
CE-JD15-27,adjacent,divergent,70.27377670319082,70.14877668219859,-0.12500002099223195,0.12500002099223195
CE-JD15-28,adjacent,divergent,80.16260044509906,80.12189527343506,-0.04070517166400123,0.04070517166400123
CE-JD15-29,exact_or_related,adjacent,82.51643403204137,82.56791347891092,0.05147944686954986,0.05147944686954986
CE-JD15-30,adjacent,divergent,72.80536709104162,73.00552059146311,0.20015350042149294,0.20015350042149294
CE-JD15-31,divergent,exact_or_related,74.18782246973092,74.1219509078628,-0.06587156186812138,0.06587156186812138
CE-JD15-32,adjacent,divergent,86.76120536221256,86.92100219154942,0.15979682933685524,0.15979682933685524
CE-JD15-33,adjacent,divergent,62.561147200166914,62.56468590095618,0.003538700789263771,0.003538700789263771
CE-JD15-34,adjacent,divergent,59.28404707131106,59.36582979066612,0.08178271935506132,0.08178271935506132
CE-JD15-35,exact_or_related,adjacent,67.80160897406344,67.77308923906769,-0.02851973499575422,0.02851973499575422
CE-JD15-36,adjacent,divergent,76.53296550481076,76.56859345763459,0.035627952823830356,0.035627952823830356
CE-JD15-37,exact_or_related,adjacent,84.62825328480385,84.45598673758455,-0.17226654721929435,0.17226654721929435
CE-JD15-38,exact_or_related,adjacent,82.1857090441006,82.12788305619667,-0.057825987903939335,0.057825987903939335
CE-JD15-39,exact_or_related,adjacent,84.22876875237667,84.23170663250983,0.00293788013316032,0.00293788013316032
CE-JD15-40,divergent,exact_or_related,84.57960679543055,84.7738147917269,0.1942079962963561,0.1942079962963561
CE-JD15-41,exact_or_related,adjacent,78.53076420930977,78.59411560121475,0.06335139190498751,0.06335139190498751
CE-JD15-42,exact_or_related,adjacent,85.43249888636117,85.25157789363158,-0.18092099272959672,0.18092099272959672
CE-JD15-43,adjacent,divergent,58.31099223694019,58.458836605795646,0.14784436885545915,0.14784436885545915
CE-JD15-44,exact_or_related,adjacent,73.41726869361551,73.4069928873651,-0.01027580625040514,0.01027580625040514
CE-JD15-45,adjacent,divergent,86.84778117798997,87.02455015234273,0.17676897435275407,0.17676897435275407
CE-JD15-46,exact_or_related,adjacent,56.246261215145765,56.30699899918954,0.0607377840437735,0.0607377840437735
CE-JD15-47,divergent,exact_or_related,72.15584472396361,72.03484720864674,-0.12099751531687275,0.12099751531687275
CE-JD15-48,divergent,exact_or_related,70.24822194589785,69.79119540441029,-0.45702654148756494,0.45702654148756494
CE-JD15-49,adjacent,divergent,74.60942408267137,74.5531326876391,-0.056291395032260994,0.056291395032260994
CE-JD15-50,exact_or_related,adjacent,82.00001525591674,82.08477101102216,0.08475575510541944,0.08475575510541944
CE-JD15-51,divergent,exact_or_related,75.4388394760389,75.43296114879277,-0.005878327246122694,0.005878327246122694
CE-JD15-52,exact_or_related,adjacent,74.9720792049511,74.80580450304487,-0.16627470190623228,0.16627470190623228
CE-JD15-53,adjacent,divergent,78.88003692642381,78.8121189114899,-0.06791801493390892,0.06791801493390892
CE-JD15-54,adjacent,divergent,68.95683849052418,69.12050639070456,0.16366790018038557,0.16366790018038557
CE-JD15-55,exact_or_related,adjacent,73.91661428931512,73.841154179534,-0.07546010978111894,0.07546010978111894
CE-JD15-56,adjacent,divergent,74.99551324788278,75.12810730903803,0.1325940611552454,0.1325940611552454
CE-JD15-57,adjacent,divergent,83.73301042284436,83.84260771534747,0.10959729250311057,0.10959729250311057
CE-JD15-58,adjacent,divergent,61.34415735067691,61.559880562069964,0.21572321139305473,0.21572321139305473
CE-JD15-59,exact_or_related,adjacent,64.12097667260704,64.13568692521852,0.01471025261147929,0.01471025261147929
CE-JD15-60,exact_or_related,adjacent,73.18803392022666,73.42319911665746,0.23516519643079903,0.23516519643079903
CE-JD15-61,exact_or_related,adjacent,74.60594728584164,74.45501497743282,-0.15093230840881233,0.15093230840881233
CE-JD15-62,exact_or_related,adjacent,68.54493826942168,68.46989661424192,-0.07504165517975991,0.07504165517975991
CE-JD15-63,exact_or_related,adjacent,72.42911645052415,72.44880550999085,0.019689059466699632,0.019689059466699632
CE-JD15-64,exact_or_related,adjacent,78.91276964105506,78.8915406826549,-0.02122895840015815,0.02122895840015815
CE-JD15-65,exact_or_related,adjacent,72.08917255229474,72.3030537577359,0.21388120544115452,0.21388120544115452
CE-JD15-66,divergent,exact_or_related,83.63282709886909,83.65929452815874,0.026467429289652955,0.026467429289652955
CE-JD15-67,exact_or_related,adjacent,60.58016636813014,60.59315968421531,0.012993316085164963,0.012993316085164963
CE-JD15-68,divergent,exact_or_related,73.15340302648735,73.00001745810864,-0.15338556837870954,0.15338556837870954
CE-JD15-69,adjacent,divergent,63.17414362055749,63.080923483347775,-0.09322013720971256,0.09322013720971256
CE-JD15-70,exact_or_related,adjacent,87.08715560266236,86.89403039188497,-0.19312521077739575,0.19312521077739575
CE-JD15-71,exact_or_related,adjacent,58.775508331249675,58.62689333328097,-0.14861499796870703,0.14861499796870703
CE-JD15-72,exact_or_related,adjacent,74.19726672388703,74.2388523974002,0.04158567351316833,0.04158567351316833
CE-JD15-73,divergent,exact_or_related,68.91714525659509,68.59799437121956,-0.31915088537553515,0.31915088537553515
CE-JD15-74,exact_or_related,adjacent,77.54639831128257,77.58311244070919,0.03671412942661334,0.03671412942661334
CE-JD15-75,adjacent,divergent,84.06629689798562,84.1100058045239,0.04370890653827075,0.04370890653827075
CE-JD15-76,divergent,exact_or_related,71.49911991886029,71.68769447287626,0.18857455401597178,0.18857455401597178
CE-JD15-77,exact_or_related,adjacent,80.61148280412,80.59710982796945,-0.014372976150553995,0.014372976150553995
CE-JD15-78,exact_or_related,adjacent,72.99769029670402,72.9996677633265,0.001977466622477664,0.001977466622477664
CE-JD15-79,adjacent,divergent,69.50629978808779,69.4474223445707,-0.058877443517090455,0.058877443517090455
CE-JD15-80,adjacent,divergent,65.79224625906515,65.52183784527307,-0.270408413792083,0.270408413792083
CE-JD15-81,exact_or_related,adjacent,67.02987383979153,66.97332297528457,-0.0565508645069599,0.0565508645069599
CE-JD15-82,divergent,exact_or_related,83.85524264410668,84.03195896500958,0.1767163209028979,0.1767163209028979
CE-JD15-83,exact_or_related,adjacent,69.60678651631187,69.47696860085561,-0.12981791545625754,0.12981791545625754
CE-JD15-84,exact_or_related,adjacent,55.2139841334874,55.17505050391526,-0.03893362957214208,0.03893362957214208
CE-JD15-85,exact_or_related,adjacent,55.468523298307225,55.46615445213423,-0.0023688461729989285,0.0023688461729989285
CE-JD15-86,divergent,exact_or_related,79.95635533557338,80.07238239306126,0.11602705748788367,0.11602705748788367
CE-JD15-87,adjacent,divergent,68.79898585915747,68.7036109367808,-0.09537492237666356,0.09537492237666356
CE-JD15-88,exact_or_related,adjacent,64.82733294534296,64.84609847567054,0.018765530327584656,0.018765530327584656
CE-JD15-89,exact_or_related,adjacent,75.21057773885663,75.07161499147405,-0.1389627473825783,0.1389627473825783
CE-JD15-90,exact_or_related,adjacent,73.12236862162615,73.17496970136567,0.05260107973951733,0.05260107973951733
CE-JD15-91,adjacent,divergent,77.83317575960695,77.84973030612716,0.01655454652021149,0.01655454652021149
CE-JD15-92,exact_or_related,adjacent,72.17163217662366,72.04749059407176,-0.12414158255189989,0.12414158255189989
CE-JD15-93,exact_or_related,adjacent,75.25695226886373,75.10501642250493,-0.1519358463587963,0.1519358463587963
CE-JD15-94,exact_or_related,adjacent,70.08955426332199,69.83629811373403,-0.25325614958795484,0.25325614958795484
CE-JD15-95,adjacent,divergent,71.97819252342117,72.06400264296478,0.08581011954360918,0.08581011954360918
CE-JD15-96,exact_or_related,adjacent,72.72298943412996,72.86226447815719,0.13927504402722946,0.13927504402722946
CE-JD15-97,exact_or_related,adjacent,78.09589153147037,78.20807090177131,0.11217937030093594,0.11217937030093594
CE-JD15-98,exact_or_related,adjacent,63.09062083255515,63.165552396119345,0.07493156356419206,0.07493156356419206
CE-JD15-99,adjacent,divergent,72.01217184965967,71.99853810294324,-0.013633746716422479,0.013633746716422479
CE-JD15-100,exact_or_related,adjacent,61.778361667388324,61.77788650789081,-0.0004751594975118678,0.0004751594975118678
SRE-JD16-01,exact_or_related,adjacent,70.63381257313324,70.43646947273871,-0.19734310039453362,0.19734310039453362
SRE-JD16-02,exact_or_related,adjacent,73.61391254120184,73.55669780206196,-0.057214739139880066,0.057214739139880066
SRE-JD16-03,divergent,exact_or_related,71.90274425528665,71.6374548233701,-0.26528943191654264,0.26528943191654264
SRE-JD16-04,exact_or_related,adjacent,80.01768904133394,80.04770288089247,0.030013839558534983,0.030013839558534983
SRE-JD16-05,adjacent,divergent,62.36983562663519,62.37082120516842,0.000985578533232001,0.000985578533232001
SRE-JD16-06,divergent,exact_or_related,88.66193243790454,88.81534071143095,0.1534082735264093,0.1534082735264093
SRE-JD16-07,exact_or_related,adjacent,57.32070390506687,57.38073842658703,0.060034521520158535,0.060034521520158535
SRE-JD16-08,exact_or_related,adjacent,75.87979881707189,75.881872153715,0.002073336643107382,0.002073336643107382
SRE-JD16-09,exact_or_related,adjacent,71.44567169877254,71.26094970082987,-0.18472199794267397,0.18472199794267397
SRE-JD16-10,divergent,exact_or_related,63.05580137534897,63.04030540644512,-0.015495968903849189,0.015495968903849189
SRE-JD16-11,exact_or_related,adjacent,66.53461880245419,66.40397592005382,-0.13064288240036603,0.13064288240036603
SRE-JD16-12,exact_or_related,adjacent,75.18321769006253,75.30431973481393,0.12110204475139597,0.12110204475139597
SRE-JD16-13,adjacent,divergent,53.422500841014745,53.51425931651473,0.0917584754999865,0.0917584754999865
SRE-JD16-14,divergent,exact_or_related,64.52781994512685,64.97409493169958,0.4462749865727318,0.4462749865727318
SRE-JD16-15,divergent,exact_or_related,70.35918951109417,70.48308963867966,0.12390012758548608,0.12390012758548608
SRE-JD16-16,exact_or_related,adjacent,78.55306647176116,78.5497571627315,-0.0033093090296603123,0.0033093090296603123
SRE-JD16-17,exact_or_related,adjacent,72.36733447364148,72.29789439899214,-0.06944007464933577,0.06944007464933577
SRE-JD16-18,exact_or_related,adjacent,62.68979920879971,62.50434932171376,-0.18544988708595156,0.18544988708595156
SRE-JD16-19,exact_or_related,adjacent,82.73741666745187,82.83287048283857,0.09545381538670483,0.09545381538670483
SRE-JD16-20,exact_or_related,adjacent,65.09023818154931,64.92071339324188,-0.16952478830742734,0.16952478830742734
SRE-JD16-21,exact_or_related,adjacent,67.36386538188727,67.40470068196583,0.0408353000785695,0.0408353000785695
SRE-JD16-22,adjacent,divergent,77.34823463220167,77.40863331373119,0.060398681529520104,0.060398681529520104
SRE-JD16-23,adjacent,divergent,75.08826999189017,75.04138687349001,-0.04688311840016013,0.04688311840016013
SRE-JD16-24,exact_or_related,adjacent,73.14632033579106,73.10104570884837,-0.04527462694268536,0.04527462694268536
SRE-JD16-25,exact_or_related,adjacent,86.01029888394183,86.17076637002964,0.16046748608781058,0.16046748608781058
SRE-JD16-26,exact_or_related,adjacent,58.2603739760042,58.266589261974715,0.006215285970512241,0.006215285970512241
SRE-JD16-27,adjacent,divergent,77.23668155073032,77.20051026774219,-0.036171282988135545,0.036171282988135545
SRE-JD16-28,adjacent,divergent,72.15362305906763,72.5035813313165,0.34995827224886966,0.34995827224886966
SRE-JD16-29,divergent,exact_or_related,77.39737727413005,77.40079374325452,0.0034164691244740197,0.0034164691244740197
SRE-JD16-30,exact_or_related,adjacent,74.23809341030335,74.26762065841389,0.029527248110539972,0.029527248110539972
SRE-JD16-31,adjacent,divergent,68.57861931801615,68.58085846720736,0.002239149191211709,0.002239149191211709
SRE-JD16-32,exact_or_related,adjacent,68.3875509736988,68.55816912326792,0.17061814956912258,0.17061814956912258
SRE-JD16-33,divergent,exact_or_related,87.1137032371755,86.95586279323479,-0.15784044394071373,0.15784044394071373
SRE-JD16-34,divergent,exact_or_related,78.4722220593909,78.12318737136101,-0.3490346880298887,0.3490346880298887
SRE-JD16-35,divergent,exact_or_related,75.53865888908142,75.61477627046908,0.076117381387661,0.076117381387661
SRE-JD16-36,exact_or_related,adjacent,74.7849152126253,74.68692588781754,-0.0979893248077559,0.0979893248077559
SRE-JD16-37,exact_or_related,adjacent,68.29366448588638,68.3727402915855,0.07907580569911943,0.07907580569911943
SRE-JD16-38,exact_or_related,adjacent,54.41722670784555,54.40874529528381,-0.00848141256174273,0.00848141256174273
SRE-JD16-39,divergent,exact_or_related,79.21859670196794,79.17515755360347,-0.04343914836447027,0.04343914836447027
SRE-JD16-40,exact_or_related,adjacent,59.83057925445972,59.83811708746162,0.007537833001897809,0.007537833001897809
SRE-JD16-41,exact_or_related,adjacent,67.8893215140765,68.19383781789698,0.3045163038204777,0.3045163038204777
SRE-JD16-42,divergent,exact_or_related,80.25197285417897,80.21160927341514,-0.04036358076383806,0.04036358076383806
SRE-JD16-43,exact_or_related,adjacent,77.2579800364458,77.12841528880742,-0.12956474763838344,0.12956474763838344
SRE-JD16-44,divergent,exact_or_related,64.44448365193196,64.32366061264578,-0.12082303928617932,0.12082303928617932
SRE-JD16-45,divergent,exact_or_related,65.13468302021506,65.3715387333966,0.23685571318154075,0.23685571318154075
SRE-JD16-46,exact_or_related,adjacent,68.83767407005459,68.77512320557584,-0.06255086447875158,0.06255086447875158
SRE-JD16-47,exact_or_related,adjacent,70.6141666151685,70.44242261422181,-0.1717440009466884,0.1717440009466884
SRE-JD16-48,exact_or_related,adjacent,64.55963284004896,64.56104219547228,0.0014093554233198802,0.0014093554233198802
SRE-JD16-49,exact_or_related,adjacent,69.52578182511647,69.46644978299993,-0.05933204211653731,0.05933204211653731
SRE-JD16-50,divergent,exact_or_related,70.79897968606697,70.91799906759863,0.11901938153165759,0.11901938153165759
SRE-JD16-51,adjacent,divergent,58.82330433757024,58.75098136370241,-0.07232297386783415,0.07232297386783415
SRE-JD16-52,adjacent,divergent,76.44803660431225,76.25227318416984,-0.19576342014241277,0.19576342014241277
SRE-JD16-53,exact_or_related,adjacent,65.8611845201118,65.89822814537006,0.037043625258249335,0.037043625258249335
SRE-JD16-54,exact_or_related,adjacent,75.46841137503971,75.50124481990888,0.03283344486916917,0.03283344486916917
SRE-JD16-55,divergent,exact_or_related,81.80330975597866,81.75145255695784,-0.05185719902081587,0.05185719902081587
SRE-JD16-56,exact_or_related,adjacent,61.257459161313896,61.30830212798117,0.05084296666727539,0.05084296666727539
SRE-JD16-57,exact_or_related,adjacent,80.2382452421226,80.22340434994871,-0.014840892173893394,0.014840892173893394
SRE-JD16-58,adjacent,divergent,80.36186517683191,80.35677648405655,-0.005088692775359505,0.005088692775359505
SRE-JD16-59,exact_or_related,adjacent,60.95674149943074,61.1150328485159,0.15829134908516096,0.15829134908516096
SRE-JD16-60,exact_or_related,adjacent,70.70463152304495,70.56363184583573,-0.1409996772092228,0.1409996772092228
SRE-JD16-61,divergent,exact_or_related,81.39934773010985,81.31613634348156,-0.08321138662829242,0.08321138662829242
SRE-JD16-62,exact_or_related,adjacent,62.25188985316272,62.265907673601276,0.014017820438553485,0.014017820438553485
SRE-JD16-63,exact_or_related,adjacent,60.64191354335251,60.70931381905242,0.06740027569991014,0.06740027569991014
SRE-JD16-64,divergent,exact_or_related,76.81813210076015,76.82294206226472,0.004809961504562921,0.004809961504562921
SRE-JD16-65,adjacent,divergent,65.46367354703939,65.4385090863899,-0.02516446064949207,0.02516446064949207
SRE-JD16-66,divergent,exact_or_related,65.57024871919421,65.43455893891505,-0.135689780279165,0.135689780279165
SRE-JD16-67,adjacent,divergent,69.39395811434773,69.33344645069157,-0.060511663656157566,0.060511663656157566
SRE-JD16-68,divergent,exact_or_related,81.94473299649827,82.2933629421631,0.3486299456648254,0.3486299456648254
SRE-JD16-69,exact_or_related,adjacent,76.71365811480811,76.76320937126644,0.04955125645832936,0.04955125645832936
SRE-JD16-70,exact_or_related,adjacent,76.57219028532079,76.69280990034335,0.12061961502256224,0.12061961502256224
SRE-JD16-71,exact_or_related,adjacent,62.20662188992524,62.180482206835585,-0.026139683089652976,0.026139683089652976
SRE-JD16-72,exact_or_related,adjacent,71.00788651329412,70.96748305415342,-0.04040345914070542,0.04040345914070542
SRE-JD16-73,adjacent,divergent,79.76059782826528,79.66976050481563,-0.09083732344964801,0.09083732344964801
SRE-JD16-74,exact_or_related,adjacent,78.97886883031187,78.98397127928966,0.005102448977794438,0.005102448977794438
SRE-JD16-75,adjacent,divergent,66.6713442886636,66.60197183966316,-0.06937244900043993,0.06937244900043993
SRE-JD16-76,exact_or_related,adjacent,64.1079791504403,64.00988306858991,-0.09809608185038599,0.09809608185038599
SRE-JD16-77,exact_or_related,adjacent,74.25849249176623,74.09937683493467,-0.1591156568315597,0.1591156568315597
SRE-JD16-78,exact_or_related,adjacent,78.10084631773735,78.17440489008784,0.07355857235049257,0.07355857235049257
SRE-JD16-79,adjacent,divergent,71.67158755164996,71.92882598651084,0.2572384348608807,0.2572384348608807
SRE-JD16-80,adjacent,divergent,72.0687616520209,72.3689109596076,0.30014930758670744,0.30014930758670744
SRE-JD16-81,exact_or_related,adjacent,80.75562130339516,80.83237338367418,0.07675208027902158,0.07675208027902158
SRE-JD16-82,adjacent,divergent,76.37015810497121,76.25542160746235,-0.11473649750885784,0.11473649750885784
SRE-JD16-83,adjacent,divergent,88.07437021161978,88.0386930792589,-0.035677132360874,0.035677132360874
SRE-JD16-84,exact_or_related,adjacent,84.7472420245667,84.70713091891653,-0.040111105650169065,0.040111105650169065
SRE-JD16-85,exact_or_related,adjacent,82.58023516071455,82.81088264236527,0.23064748165072047,0.23064748165072047
SRE-JD16-86,exact_or_related,adjacent,68.9070700139985,68.82742165965962,-0.07964835433888595,0.07964835433888595
SRE-JD16-87,divergent,exact_or_related,76.77551372570419,76.83242858248508,0.056914856780892364,0.056914856780892364
SRE-JD16-88,exact_or_related,adjacent,74.1847341744433,74.2598970664886,0.07516289204529869,0.07516289204529869
SRE-JD16-89,adjacent,divergent,69.9739410531345,69.75787000567593,-0.21607104745856986,0.21607104745856986
SRE-JD16-90,exact_or_related,adjacent,62.727870102495494,62.73829556345353,0.010425460958039423,0.010425460958039423
SRE-JD16-91,adjacent,divergent,68.25205063905433,68.18293498511761,-0.06911565393671992,0.06911565393671992
SRE-JD16-92,exact_or_related,adjacent,69.17342915294118,69.03819842155754,-0.1352307313836434,0.1352307313836434
SRE-JD16-93,exact_or_related,adjacent,86.96938819419219,87.37972488325087,0.41033668905868126,0.41033668905868126
SRE-JD16-94,exact_or_related,adjacent,75.52039538072013,75.57341922405526,0.053023843335125775,0.053023843335125775
SRE-JD16-95,exact_or_related,adjacent,76.111052007438,76.10870034635272,-0.0023516610852851727,0.0023516610852851727
SRE-JD16-96,adjacent,divergent,55.624338530627945,55.663847077632425,0.039508547004480477,0.039508547004480477
SRE-JD16-97,exact_or_related,adjacent,73.88470785825388,73.69929215922701,-0.18541569902686206,0.18541569902686206
SRE-JD16-98,exact_or_related,adjacent,61.71538535754671,61.37857643593415,-0.33680892161255827,0.33680892161255827
SRE-JD16-99,adjacent,divergent,72.50066461902233,72.54973178520426,0.049067166181927746,0.049067166181927746
SRE-JD16-100,adjacent,divergent,84.56617575212272,84.60689475314743,0.04071900102471204,0.04071900102471204
QA-JD17-01,divergent,exact_or_related,64.89573350045055,64.92886383521919,0.03313033476864291,0.03313033476864291
QA-JD17-02,adjacent,divergent,57.195803069808726,57.2189979639378,0.023194894129076715,0.023194894129076715
QA-JD17-03,exact_or_related,adjacent,74.25990640864292,74.24062844410902,-0.01927796453389874,0.01927796453389874
QA-JD17-04,exact_or_related,adjacent,70.23440042622356,69.92414608905979,-0.3102543371637694,0.3102543371637694
QA-JD17-05,exact_or_related,adjacent,62.63780208528797,62.5814298166548,-0.05637226863317579,0.05637226863317579
QA-JD17-06,exact_or_related,adjacent,67.47940384455909,67.49584566149606,0.01644181693697533,0.01644181693697533
QA-JD17-07,divergent,exact_or_related,58.28533180674911,58.166815008508294,-0.11851679824081884,0.11851679824081884
QA-JD17-08,adjacent,divergent,72.81163215046932,72.77112306687073,-0.040509083598593065,0.040509083598593065
QA-JD17-09,adjacent,divergent,77.04324923505439,76.82302524324399,-0.22022399181039987,0.22022399181039987
QA-JD17-10,adjacent,divergent,59.98048766749484,59.9304685097543,-0.05001915774054311,0.05001915774054311
QA-JD17-11,exact_or_related,adjacent,77.76036772886718,77.78908733047253,0.0287196016053457,0.0287196016053457
QA-JD17-12,exact_or_related,adjacent,78.49637213469386,78.50464215361306,0.008270018919205313,0.008270018919205313
QA-JD17-13,exact_or_related,adjacent,62.958064134500745,62.96620915404512,0.00814501954437219,0.00814501954437219
QA-JD17-14,exact_or_related,adjacent,72.65076405754489,72.79805683160424,0.14729277405935193,0.14729277405935193
QA-JD17-15,exact_or_related,adjacent,66.57407256402891,66.49841946198279,-0.07565310204611819,0.07565310204611819
QA-JD17-16,exact_or_related,adjacent,73.8051676886471,73.91096402033466,0.1057963316875572,0.1057963316875572
QA-JD17-17,exact_or_related,adjacent,66.01240801553676,65.98506153351245,-0.027346482024313445,0.027346482024313445
QA-JD17-18,exact_or_related,adjacent,74.0418856185226,73.9528141313528,-0.08907148716980373,0.08907148716980373
QA-JD17-19,exact_or_related,adjacent,86.49975129061562,86.49872137117863,-0.001029919436987825,0.001029919436987825
QA-JD17-20,adjacent,divergent,70.374135125302,70.31604156703406,-0.0580935582679416,0.0580935582679416
QA-JD17-21,exact_or_related,adjacent,69.5831431613737,69.48560641155939,-0.09753674981431004,0.09753674981431004
QA-JD17-22,exact_or_related,adjacent,73.31131953531705,73.22963785041922,-0.08168168489783056,0.08168168489783056
QA-JD17-23,adjacent,divergent,66.43008989087224,66.3649950591578,-0.06509483171443264,0.06509483171443264
QA-JD17-24,divergent,exact_or_related,75.5114498164175,75.04203836728529,-0.46941144913220967,0.46941144913220967
QA-JD17-25,exact_or_related,adjacent,71.32323929369002,71.35376442266538,0.030525128975355642,0.030525128975355642
QA-JD17-26,adjacent,divergent,87.9616701431026,87.97131719915087,0.009647056048279978,0.009647056048279978
QA-JD17-27,exact_or_related,adjacent,60.9315944837733,61.09602958257652,0.16443509880321727,0.16443509880321727
QA-JD17-28,adjacent,divergent,69.60770099260505,69.56599006997546,-0.04171092262959064,0.04171092262959064
QA-JD17-29,adjacent,divergent,75.96560038530967,76.00631836350973,0.04071797820006395,0.04071797820006395
QA-JD17-30,divergent,exact_or_related,70.27733652047026,70.37043381504074,0.09309729457048377,0.09309729457048377
QA-JD17-31,adjacent,divergent,74.67435950879232,74.6393623238171,-0.03499718497522508,0.03499718497522508
QA-JD17-32,exact_or_related,adjacent,73.36814170230271,73.36533616572733,-0.0028055365753800743,0.0028055365753800743
QA-JD17-33,exact_or_related,adjacent,80.49592965928076,80.4008239978982,-0.09510566138256138,0.09510566138256138
QA-JD17-34,exact_or_related,adjacent,81.63314849565622,81.78096601881192,0.14781752315570884,0.14781752315570884
QA-JD17-35,exact_or_related,adjacent,72.55014037310455,72.73309512850336,0.18295475539881068,0.18295475539881068
QA-JD17-36,adjacent,divergent,83.31402531416447,83.18561946038993,-0.12840585377453806,0.12840585377453806
QA-JD17-37,exact_or_related,adjacent,77.95378321229208,77.95115201576618,-0.0026311965258969394,0.0026311965258969394
QA-JD17-38,exact_or_related,adjacent,71.61685336726798,71.48050410270297,-0.13634926456501262,0.13634926456501262
QA-JD17-39,exact_or_related,adjacent,61.60750741578444,61.68383227765081,0.07632486186636811,0.07632486186636811
QA-JD17-40,adjacent,divergent,75.5392731678655,75.75447107856701,0.21519791070150518,0.21519791070150518
QA-JD17-41,exact_or_related,adjacent,58.73900887800497,58.71511298330904,-0.02389589469592579,0.02389589469592579
QA-JD17-42,exact_or_related,adjacent,83.5766437260133,83.54269897364432,-0.03394475236898131,0.03394475236898131
QA-JD17-43,adjacent,divergent,64.31069899267837,64.51489070710478,0.2041917144264147,0.2041917144264147
QA-JD17-44,adjacent,divergent,72.59995562204027,72.62762028389643,0.02766466185616423,0.02766466185616423
QA-JD17-45,adjacent,divergent,76.46306044500011,76.51881906549669,0.05575862049657587,0.05575862049657587
QA-JD17-46,exact_or_related,adjacent,65.85091197924268,65.84489367266629,-0.006018306576393684,0.006018306576393684
QA-JD17-47,exact_or_related,adjacent,73.30236721228314,73.37365797627416,0.07129076399101564,0.07129076399101564
QA-JD17-48,adjacent,divergent,78.85009378131736,78.79260078416176,-0.05749299715559175,0.05749299715559175
QA-JD17-49,exact_or_related,adjacent,73.17674594448648,73.10977578914174,-0.06697015534474815,0.06697015534474815
QA-JD17-50,divergent,exact_or_related,77.82617942661908,77.71587103188727,-0.11030839473180265,0.11030839473180265
QA-JD17-51,adjacent,divergent,68.96131716766764,68.87805873915187,-0.08325842851577647,0.08325842851577647
QA-JD17-52,exact_or_related,adjacent,74.00916647624919,73.61484295910718,-0.39432351714201275,0.39432351714201275
QA-JD17-53,exact_or_related,adjacent,78.15268046704317,78.1674532049133,0.014772737870131891,0.014772737870131891
QA-JD17-54,exact_or_related,adjacent,77.08448320050722,76.98272086299731,-0.1017623375099106,0.1017623375099106
QA-JD17-55,exact_or_related,adjacent,80.60470981406273,80.60218383392211,-0.0025259801406178894,0.0025259801406178894
QA-JD17-56,exact_or_related,adjacent,61.54091878933316,61.79369233612922,0.2527735467960568,0.2527735467960568
QA-JD17-57,exact_or_related,adjacent,74.34151654981832,74.1898092010481,-0.1517073487702163,0.1517073487702163
QA-JD17-58,divergent,exact_or_related,87.02588597582626,86.75394508696942,-0.27194088885683243,0.27194088885683243
QA-JD17-59,adjacent,divergent,77.24001393660882,77.31150572652714,0.07149178991832628,0.07149178991832628
QA-JD17-60,adjacent,divergent,76.88313694417536,76.91315117449138,0.030014230316012913,0.030014230316012913
QA-JD17-61,exact_or_related,adjacent,61.8162775326651,61.86927642239194,0.052998889726843856,0.052998889726843856
QA-JD17-62,exact_or_related,adjacent,71.06401773677555,70.98364308869166,-0.08037464808388961,0.08037464808388961
QA-JD17-63,exact_or_related,adjacent,68.73032429101,68.78050329931756,0.05017900830755195,0.05017900830755195
QA-JD17-64,exact_or_related,adjacent,80.37629135980501,80.3878916034792,0.011600243674195099,0.011600243674195099
QA-JD17-65,exact_or_related,adjacent,64.28382084466354,64.3865437667169,0.10272292205335987,0.10272292205335987
QA-JD17-66,exact_or_related,adjacent,75.55550382998744,75.44948216356154,-0.10602166642590305,0.10602166642590305
QA-JD17-67,divergent,exact_or_related,87.71762772640926,87.41523015163955,-0.30239757476971363,0.30239757476971363
QA-JD17-68,adjacent,divergent,63.121257158631536,63.07596391794276,-0.04529324068877827,0.04529324068877827
QA-JD17-69,exact_or_related,adjacent,77.65076652579752,77.5629848226551,-0.08778170314242573,0.08778170314242573
QA-JD17-70,exact_or_related,adjacent,77.90727142921172,77.80573851181697,-0.10153291739474923,0.10153291739474923
QA-JD17-71,exact_or_related,adjacent,83.21911222989779,83.34941493907041,0.130302709172625,0.130302709172625
QA-JD17-72,exact_or_related,adjacent,74.8758453164715,74.91847701448344,0.04263169801194522,0.04263169801194522
QA-JD17-73,exact_or_related,adjacent,67.45939942953103,67.40477718524745,-0.054622244283578425,0.054622244283578425
QA-JD17-74,exact_or_related,adjacent,82.68101424898109,82.65706172053703,-0.023952528444056043,0.023952528444056043
QA-JD17-75,adjacent,divergent,69.4896317480011,69.3439696791126,-0.1456620688884982,0.1456620688884982
QA-JD17-76,divergent,exact_or_related,64.8939092215479,65.08350623600117,0.1895970144532697,0.1895970144532697
QA-JD17-77,exact_or_related,adjacent,74.01034587963194,74.00247515545453,-0.007870724177408306,0.007870724177408306
QA-JD17-78,adjacent,divergent,65.51479742754522,65.57769984069931,0.06290241315409162,0.06290241315409162
QA-JD17-79,adjacent,divergent,63.19228033728402,63.187681777774884,-0.004598559509133793,0.004598559509133793
QA-JD17-80,exact_or_related,adjacent,77.64876522113572,77.63401059438408,-0.014754626751638966,0.014754626751638966
QA-JD17-81,adjacent,divergent,72.2439121825473,72.42247062838052,0.17855844583321812,0.17855844583321812
QA-JD17-82,adjacent,divergent,61.51688321980127,61.180535505970006,-0.33634771383126605,0.33634771383126605
QA-JD17-83,exact_or_related,adjacent,64.82025807284886,64.63557309127133,-0.18468498157753288,0.18468498157753288
QA-JD17-84,adjacent,divergent,80.96953086168044,80.80827410586399,-0.16125675581645282,0.16125675581645282
QA-JD17-85,exact_or_related,adjacent,86.61219783982206,86.73205655950314,0.11985871968107631,0.11985871968107631
QA-JD17-86,divergent,exact_or_related,75.64660111479583,75.39198796837326,-0.25461314642257094,0.25461314642257094
QA-JD17-87,exact_or_related,adjacent,79.9688638806288,80.00035676883411,0.03149288820530671,0.03149288820530671
QA-JD17-88,exact_or_related,adjacent,70.74966643282465,70.7135555518026,-0.036110881022054286,0.036110881022054286
QA-JD17-89,exact_or_related,adjacent,65.5521793146401,65.3412703011805,-0.21090901345959878,0.21090901345959878
QA-JD17-90,exact_or_related,adjacent,69.10327111773196,68.9354154008582,-0.16785571687375977,0.16785571687375977
QA-JD17-91,divergent,exact_or_related,84.57144727590546,84.6079306917877,0.036483415882244685,0.036483415882244685
QA-JD17-92,divergent,exact_or_related,66.67412578358015,66.68616141332305,0.012035629742896958,0.012035629742896958
QA-JD17-93,exact_or_related,adjacent,83.06146774431048,83.05181551701305,-0.009652227297422655,0.009652227297422655
QA-JD17-94,exact_or_related,adjacent,82.00465113760983,82.06528956627933,0.060638428669506084,0.060638428669506084
QA-JD17-95,adjacent,divergent,80.4460319687872,80.45814287881412,0.012110910026919441,0.012110910026919441
QA-JD17-96,exact_or_related,adjacent,77.63123657407142,77.65724114386195,0.026004569790529786,0.026004569790529786
QA-JD17-97,exact_or_related,adjacent,78.35407514803255,78.34612819810542,-0.007946949927131186,0.007946949927131186
QA-JD17-98,divergent,exact_or_related,61.09559907621248,61.19481326962593,0.09921419341345228,0.09921419341345228
QA-JD17-99,divergent,exact_or_related,60.69539163962809,60.86323131357284,0.16783967394474786,0.16783967394474786
QA-JD17-100,exact_or_related,adjacent,62.85413880800086,62.85673314479173,0.0025943367908709547,0.0025943367908709547
ST-JD18-01,exact_or_related,adjacent,81.06323283297901,81.16381233949372,0.10057950651470549,0.10057950651470549
ST-JD18-02,exact_or_related,adjacent,89.09428412678987,89.1054772007907,0.011193074000829029,0.011193074000829029
ST-JD18-03,divergent,exact_or_related,70.10229846672226,70.11595707979309,0.013658613070830938,0.013658613070830938
ST-JD18-04,exact_or_related,adjacent,68.87280560354895,68.85115750542393,-0.021648098125027104,0.021648098125027104
ST-JD18-05,divergent,exact_or_related,66.21308921853326,66.53304253285093,0.31995331431767227,0.31995331431767227
ST-JD18-06,adjacent,divergent,71.49300595068864,71.33939062420478,-0.1536153264838589,0.1536153264838589
ST-JD18-07,adjacent,divergent,67.48582802334865,67.32424920536118,-0.16157881798746132,0.16157881798746132
ST-JD18-08,exact_or_related,adjacent,65.01450582900844,65.16578736000048,0.151281530992037,0.151281530992037
ST-JD18-09,adjacent,divergent,74.08358213898107,74.09347761403583,0.00989547505476196,0.00989547505476196
ST-JD18-10,divergent,exact_or_related,66.29729525005222,66.63510666999855,0.337811419946334,0.337811419946334
ST-JD18-11,exact_or_related,adjacent,75.35863112381834,75.37628784874528,0.017656724926936818,0.017656724926936818
ST-JD18-12,exact_or_related,adjacent,67.98627470090429,67.83838138763578,-0.1478933132685114,0.1478933132685114
ST-JD18-13,exact_or_related,adjacent,71.28549495312947,71.23785820348598,-0.04763674964348752,0.04763674964348752
ST-JD18-14,exact_or_related,adjacent,54.09182532372377,54.708953143293996,0.6171278195702286,0.6171278195702286
ST-JD18-15,adjacent,divergent,68.51678413676746,68.4199142371677,-0.09686989959975278,0.09686989959975278
ST-JD18-16,adjacent,divergent,57.12738975233249,57.113128438482605,-0.014261313849885937,0.014261313849885937
ST-JD18-17,adjacent,divergent,75.26492960361678,75.48409065997754,0.2191610563607611,0.2191610563607611
ST-JD18-18,exact_or_related,adjacent,74.98576291209069,74.78293729426589,-0.20282561782480002,0.20282561782480002
ST-JD18-19,adjacent,divergent,63.61425040818049,63.76698279222211,0.15273238404162015,0.15273238404162015
ST-JD18-20,exact_or_related,adjacent,84.17847684235562,84.18701690851333,0.00854006615770686,0.00854006615770686
ST-JD18-21,exact_or_related,adjacent,72.8443055134685,72.83240305343035,-0.011902460038143658,0.011902460038143658
ST-JD18-22,exact_or_related,adjacent,76.09845719537698,76.05534948866465,-0.04310770671233399,0.04310770671233399
ST-JD18-23,exact_or_related,adjacent,82.71698784439867,82.67691919959907,-0.0400686447996037,0.0400686447996037
ST-JD18-24,exact_or_related,adjacent,68.12651400302606,68.22045333458166,0.09393933155560319,0.09393933155560319
ST-JD18-25,adjacent,divergent,71.57213669362464,71.64325221377223,0.07111552014758615,0.07111552014758615
ST-JD18-26,exact_or_related,adjacent,79.50579967189107,79.5739390582462,0.06813938635512784,0.06813938635512784
ST-JD18-27,exact_or_related,adjacent,75.03843303723089,74.8747735800006,-0.1636594572302812,0.1636594572302812
ST-JD18-28,exact_or_related,adjacent,66.80877632974283,66.76754561192753,-0.04123071781529575,0.04123071781529575
ST-JD18-29,adjacent,divergent,66.59588748131141,66.57376853041907,-0.02211895089233451,0.02211895089233451
ST-JD18-30,exact_or_related,adjacent,76.74496165172944,76.66893348267844,-0.07602816905099985,0.07602816905099985
ST-JD18-31,exact_or_related,adjacent,77.82586408551003,77.812536413255,-0.01332767225503062,0.01332767225503062
ST-JD18-32,exact_or_related,adjacent,75.94273935255862,76.0990964411423,0.15635708858367536,0.15635708858367536
ST-JD18-33,exact_or_related,adjacent,66.52423367143447,66.4587798432225,-0.06545382821197165,0.06545382821197165
ST-JD18-34,exact_or_related,adjacent,74.44189203869823,74.3989597623816,-0.04293227631663399,0.04293227631663399
ST-JD18-35,divergent,exact_or_related,77.998874217925,77.9637615695277,-0.03511264839730188,0.03511264839730188
ST-JD18-36,exact_or_related,adjacent,81.70785795115734,81.68832134389916,-0.019536607258174854,0.019536607258174854
ST-JD18-37,exact_or_related,adjacent,61.25063391372885,61.317518706183606,0.06688479245475776,0.06688479245475776
ST-JD18-38,exact_or_related,adjacent,70.44998150603573,70.44620416017321,-0.0037773458625167677,0.0037773458625167677
ST-JD18-39,exact_or_related,adjacent,66.90900110059982,66.72120776994181,-0.1877933306580104,0.1877933306580104
ST-JD18-40,exact_or_related,adjacent,75.00406586016531,74.9793659898102,-0.024699870355107123,0.024699870355107123
ST-JD18-41,exact_or_related,adjacent,79.57786545983306,79.5437372135332,-0.03412824629985778,0.03412824629985778
ST-JD18-42,exact_or_related,adjacent,74.62464539569149,74.59427053279587,-0.030374862895612864,0.030374862895612864
ST-JD18-43,exact_or_related,adjacent,63.3960488026389,63.36099363818008,-0.03505516445882506,0.03505516445882506
ST-JD18-44,exact_or_related,adjacent,66.95354189500948,66.94753098650651,-0.006010908502972256,0.006010908502972256
ST-JD18-45,adjacent,divergent,63.67254816820095,63.807594160097246,0.1350459918962983,0.1350459918962983
ST-JD18-46,exact_or_related,adjacent,60.16300640865471,60.21086072661716,0.04785431796245376,0.04785431796245376
ST-JD18-47,adjacent,divergent,81.25552461914498,81.15921869020103,-0.09630592894394852,0.09630592894394852
ST-JD18-48,exact_or_related,adjacent,72.89426575046718,72.85088763783524,-0.04337811263194169,0.04337811263194169
ST-JD18-49,adjacent,divergent,75.13006050010243,75.32421000904046,0.1941495089380254,0.1941495089380254
ST-JD18-50,exact_or_related,adjacent,78.64248230712792,78.61263756846509,-0.029844738662831105,0.029844738662831105
ST-JD18-51,exact_or_related,adjacent,75.2142076808696,75.22962430451109,0.015416623641485216,0.015416623641485216
ST-JD18-52,adjacent,divergent,73.20739021337451,73.21639586241884,0.009005649044325992,0.009005649044325992
ST-JD18-53,exact_or_related,adjacent,62.1987848333767,62.257368108109375,0.058583274732676216,0.058583274732676216
ST-JD18-54,exact_or_related,adjacent,67.01969281102902,67.45211849937138,0.43242568834236295,0.43242568834236295
ST-JD18-55,exact_or_related,adjacent,68.08064367749745,67.72773089575546,-0.3529127817419919,0.3529127817419919
ST-JD18-56,exact_or_related,adjacent,67.32611351604704,67.2551403468948,-0.07097316915223928,0.07097316915223928
ST-JD18-57,exact_or_related,adjacent,75.91926232374834,75.77000832462086,-0.14925399912748105,0.14925399912748105
ST-JD18-58,adjacent,divergent,79.718979312355,79.70585655730787,-0.013122755047135115,0.013122755047135115
ST-JD18-59,adjacent,divergent,76.13514311009766,76.23637037133238,0.10122726123472603,0.10122726123472603
ST-JD18-60,adjacent,divergent,86.60139125636746,86.79093219000946,0.1895409336419931,0.1895409336419931
ST-JD18-61,exact_or_related,adjacent,67.59365013115443,67.8564080057963,0.2627578746418635,0.2627578746418635
ST-JD18-62,exact_or_related,adjacent,55.47950464038946,55.54438976784193,0.06488512745247021,0.06488512745247021
ST-JD18-63,adjacent,divergent,76.59182620224468,76.65561977331528,0.06379357107060457,0.06379357107060457
ST-JD18-64,adjacent,divergent,63.495476604251394,63.51730683516154,0.021830230910147463,0.021830230910147463
ST-JD18-65,divergent,exact_or_related,75.90453468536256,75.94015380068787,0.035619115325303596,0.035619115325303596
ST-JD18-66,adjacent,divergent,76.43858074187777,76.52271997589025,0.08413923401248269,0.08413923401248269
ST-JD18-67,exact_or_related,adjacent,72.10717138495791,72.12085884609665,0.013687461138744084,0.013687461138744084
ST-JD18-68,exact_or_related,adjacent,76.85570977927497,76.75998535750666,-0.09572442176830975,0.09572442176830975
ST-JD18-69,exact_or_related,adjacent,65.25291019653741,65.42523516792885,0.17232497139143277,0.17232497139143277
ST-JD18-70,exact_or_related,adjacent,83.08431187354994,83.1044730860445,0.020161212494556935,0.020161212494556935
ST-JD18-71,exact_or_related,adjacent,73.84003947351219,73.86595168219647,0.02591220868427513,0.02591220868427513
ST-JD18-72,exact_or_related,adjacent,70.86506396939816,70.51452396849965,-0.3505400008985191,0.3505400008985191
ST-JD18-73,exact_or_related,adjacent,77.65134418176211,77.63992042474577,-0.011423757016345348,0.011423757016345348
ST-JD18-74,exact_or_related,adjacent,60.90236266447142,60.88788527667179,-0.014477387799630037,0.014477387799630037
ST-JD18-75,exact_or_related,adjacent,64.71668595856121,64.64513587521242,-0.07155008334879653,0.07155008334879653
ST-JD18-76,adjacent,divergent,63.78422087264263,63.79005999286155,0.005839120218922744,0.005839120218922744
ST-JD18-77,adjacent,divergent,61.62342158603532,61.6050940331741,-0.018327552861222784,0.018327552861222784
ST-JD18-78,exact_or_related,adjacent,76.62135884292579,76.59500659977067,-0.02635224315511664,0.02635224315511664
ST-JD18-79,adjacent,divergent,85.93614241293415,85.85950996249574,-0.07663245043841016,0.07663245043841016
ST-JD18-80,exact_or_related,adjacent,60.935250713793685,61.035587382225195,0.10033666843150968,0.10033666843150968
ST-JD18-81,exact_or_related,adjacent,80.80084697187823,80.98525023980153,0.18440326792330097,0.18440326792330097
ST-JD18-82,exact_or_related,adjacent,84.12142435027086,84.13483025843671,0.013405908165850633,0.013405908165850633
ST-JD18-83,exact_or_related,adjacent,73.824750611904,73.72487166930459,-0.09987894259940333,0.09987894259940333
ST-JD18-84,adjacent,divergent,75.22617797119187,75.3160667447492,0.08988877355731972,0.08988877355731972
ST-JD18-85,exact_or_related,adjacent,86.7677173582813,86.38906512277657,-0.37865223550473104,0.37865223550473104
ST-JD18-86,divergent,exact_or_related,80.64170064568071,80.9855898843915,0.343889238710787,0.343889238710787
ST-JD18-87,exact_or_related,adjacent,74.0226728906896,74.08842178777111,0.06574889708150522,0.06574889708150522
ST-JD18-88,exact_or_related,adjacent,80.65519253867878,80.69709942940564,0.04190689072686382,0.04190689072686382
ST-JD18-89,adjacent,divergent,69.7942410380255,69.85080998895356,0.05656895092805314,0.05656895092805314
ST-JD18-90,divergent,exact_or_related,67.41789956684448,67.47806488934339,0.060165322498903606,0.060165322498903606
ST-JD18-91,exact_or_related,adjacent,69.62798589545788,69.23565058498582,-0.39233531047206327,0.39233531047206327
ST-JD18-92,exact_or_related,adjacent,67.01595287725269,67.03728552823969,0.021332650987005763,0.021332650987005763
ST-JD18-93,exact_or_related,adjacent,69.76900220376298,69.9345452382903,0.16554303452731745,0.16554303452731745
ST-JD18-94,divergent,exact_or_related,70.49764792659428,70.62158425545087,0.1239363288565869,0.1239363288565869
ST-JD18-95,exact_or_related,adjacent,83.8455622501289,83.88580655467639,0.0402443045474854,0.0402443045474854
ST-JD18-96,divergent,exact_or_related,67.09165071033757,67.00009518056683,-0.09155552977074422,0.09155552977074422
ST-JD18-97,adjacent,divergent,62.722209189127916,62.76223956787494,0.04003037874702642,0.04003037874702642
ST-JD18-98,exact_or_related,adjacent,68.63165597294048,68.56732624105437,-0.06432973188610447,0.06432973188610447
ST-JD18-99,exact_or_related,adjacent,82.99357962871724,82.81103006139261,-0.18254956732462801,0.18254956732462801
ST-JD18-100,exact_or_related,adjacent,64.75522041528697,64.69462135127641,-0.060599064010560255,0.060599064010560255
AE-JD19-01,exact_or_related,adjacent,77.87219772875231,77.8326475999891,-0.03955012876321007,0.03955012876321007
AE-JD19-02,divergent,exact_or_related,76.85435597717832,76.82833533797364,-0.026020639204674012,0.026020639204674012
AE-JD19-03,exact_or_related,adjacent,73.39088354701883,73.37830166657606,-0.012581880442766646,0.012581880442766646
AE-JD19-04,exact_or_related,adjacent,79.3311533649875,79.38177324140936,0.050619876421862386,0.050619876421862386
AE-JD19-05,exact_or_related,adjacent,76.25706666984507,76.21029023884368,-0.046776431001390506,0.046776431001390506
AE-JD19-06,exact_or_related,adjacent,87.17603594077929,86.94111494654456,-0.23492099423472723,0.23492099423472723
AE-JD19-07,adjacent,divergent,61.07455552760725,61.16482533814879,0.09026981054153538,0.09026981054153538
AE-JD19-08,exact_or_related,adjacent,82.65362009342616,82.66986900899002,0.016248915563863875,0.016248915563863875
AE-JD19-09,divergent,exact_or_related,68.01604905228513,68.05547087068013,0.03942181839499881,0.03942181839499881
AE-JD19-10,exact_or_related,adjacent,74.72611623183556,74.60596145642424,-0.12015477541132213,0.12015477541132213
AE-JD19-11,exact_or_related,adjacent,78.61976062097077,78.60036695071875,-0.019393670252014772,0.019393670252014772
AE-JD19-12,exact_or_related,adjacent,71.58401010849602,71.59060755373179,0.006597445235769328,0.006597445235769328
AE-JD19-13,exact_or_related,adjacent,70.35784354835289,70.36701267422022,0.009169125867330763,0.009169125867330763
AE-JD19-14,adjacent,divergent,73.14779428953622,73.17560445901393,0.02781016947770354,0.02781016947770354
AE-JD19-15,exact_or_related,adjacent,87.31285890604636,87.06888474799916,-0.24397415804719458,0.24397415804719458
AE-JD19-16,exact_or_related,adjacent,76.80882122654602,76.81548677999312,0.006665553447106731,0.006665553447106731
AE-JD19-17,exact_or_related,adjacent,57.13778407194943,57.17511108683676,0.037327014887324594,0.037327014887324594
AE-JD19-18,exact_or_related,adjacent,80.52201435877437,80.64548837679031,0.1234740180159406,0.1234740180159406
AE-JD19-19,divergent,exact_or_related,86.56090798679033,86.46382518582337,-0.09708280096695887,0.09708280096695887
AE-JD19-20,adjacent,divergent,64.51688979667553,64.61578411600765,0.09889431933211768,0.09889431933211768
AE-JD19-21,divergent,exact_or_related,77.45347267382282,77.4599382672545,0.006465593431684624,0.006465593431684624
AE-JD19-22,divergent,exact_or_related,69.35272189852938,69.36335684666967,0.010634948140292977,0.010634948140292977
AE-JD19-23,divergent,exact_or_related,78.85666969111398,78.82693620732067,-0.02973348379330787,0.02973348379330787
AE-JD19-24,divergent,exact_or_related,65.58162163768739,65.5786998356332,-0.0029218020541890155,0.0029218020541890155
AE-JD19-25,adjacent,divergent,76.72503563300137,76.7077058725971,-0.017329760404265926,0.017329760404265926
AE-JD19-26,exact_or_related,adjacent,74.75371192600824,74.77113672368999,0.017424797681755422,0.017424797681755422
AE-JD19-27,exact_or_related,adjacent,61.77409326033804,61.76820296900353,-0.005890291334509357,0.005890291334509357
AE-JD19-28,exact_or_related,adjacent,76.2934128025521,76.23903439601646,-0.05437840653563342,0.05437840653563342
AE-JD19-29,adjacent,divergent,73.22698900729196,73.20835871387015,-0.018630293421807664,0.018630293421807664
AE-JD19-30,exact_or_related,adjacent,64.63103244595577,64.6245849899458,-0.0064474560099654354,0.0064474560099654354
AE-JD19-31,exact_or_related,adjacent,64.31487391327074,64.32624819827164,0.011374285000897544,0.011374285000897544
AE-JD19-32,adjacent,divergent,66.55120099549846,66.42847949806871,-0.12272149742975103,0.12272149742975103
AE-JD19-33,exact_or_related,adjacent,74.19974498334022,74.21186951933873,0.0121245359985096,0.0121245359985096
AE-JD19-34,exact_or_related,adjacent,53.6824809329812,53.641952049084665,-0.04052888389653475,0.04052888389653475
AE-JD19-35,exact_or_related,adjacent,73.06794704141602,73.02482094810742,-0.043126093308600844,0.043126093308600844
AE-JD19-36,adjacent,divergent,69.44095590162424,69.03033899342441,-0.41061690819982744,0.41061690819982744
AE-JD19-37,adjacent,divergent,60.23777483449712,60.20737938111147,-0.03039545338564409,0.03039545338564409
AE-JD19-38,exact_or_related,adjacent,66.5266437124661,66.77371610174205,0.24707238927595654,0.24707238927595654
AE-JD19-39,exact_or_related,adjacent,67.09922058138966,67.09367448087997,-0.005546100509690177,0.005546100509690177
AE-JD19-40,exact_or_related,adjacent,70.42464207178931,70.35732197335213,-0.0673200984371789,0.0673200984371789
AE-JD19-41,exact_or_related,adjacent,87.5880825584349,87.80303405503093,0.2149514965960293,0.2149514965960293
AE-JD19-42,adjacent,divergent,80.89135429162175,80.93110235681682,0.039748065195070126,0.039748065195070126
AE-JD19-43,exact_or_related,adjacent,63.26234825427462,63.389553765730284,0.1272055114556636,0.1272055114556636
AE-JD19-44,divergent,exact_or_related,69.39160462536789,69.11822536438942,-0.27337926097847287,0.27337926097847287
AE-JD19-45,exact_or_related,adjacent,82.19735846269198,82.34722023679215,0.14986177410017376,0.14986177410017376
AE-JD19-46,exact_or_related,adjacent,80.38800800190761,80.39672044869802,0.008712446790411832,0.008712446790411832
AE-JD19-47,exact_or_related,adjacent,75.05892874349583,74.91369244577815,-0.14523629771767332,0.14523629771767332
AE-JD19-48,adjacent,divergent,64.14036200195174,64.17790627167277,0.03754426972102465,0.03754426972102465
AE-JD19-49,exact_or_related,adjacent,64.80267612232976,64.93533908790393,0.1326629655741698,0.1326629655741698
AE-JD19-50,adjacent,divergent,73.53974560795761,73.36417801173353,-0.17556759622408435,0.17556759622408435
AE-JD19-51,exact_or_related,adjacent,61.07985093175013,61.132205168912556,0.05235423716242593,0.05235423716242593
AE-JD19-52,adjacent,divergent,77.87907359657551,77.92991170759761,0.05083811102210234,0.05083811102210234
AE-JD19-53,adjacent,divergent,62.88928195613324,62.95075162137171,0.06146966523846942,0.06146966523846942
AE-JD19-54,exact_or_related,adjacent,84.18694361265234,84.1340919053806,-0.05285170727174204,0.05285170727174204
AE-JD19-55,divergent,exact_or_related,77.35757977109272,77.4147680143408,0.0571882432480777,0.0571882432480777
AE-JD19-56,exact_or_related,adjacent,79.51105332617959,79.5942349590466,0.08318163286701008,0.08318163286701008
AE-JD19-57,exact_or_related,adjacent,60.517382232484536,60.55798235856245,0.04060012607791208,0.04060012607791208
AE-JD19-58,exact_or_related,adjacent,63.80699423688643,63.78387454344304,-0.023119693443391043,0.023119693443391043
AE-JD19-59,adjacent,divergent,68.91275333191469,69.03290262871855,0.12014929680385933,0.12014929680385933
AE-JD19-60,adjacent,divergent,67.21067478940718,67.13261773137965,-0.07805705802752527,0.07805705802752527
AE-JD19-61,exact_or_related,adjacent,73.56466616322938,73.59788115848589,0.03321499525651461,0.03321499525651461
AE-JD19-62,exact_or_related,adjacent,74.84575939556461,74.96171482765712,0.11595543209250536,0.11595543209250536
AE-JD19-63,adjacent,divergent,68.95474345882529,69.02888591197856,0.0741424531532715,0.0741424531532715
AE-JD19-64,adjacent,divergent,72.4604867656175,72.50722076061987,0.046733995002369966,0.046733995002369966
AE-JD19-65,adjacent,divergent,70.25501376967476,70.2077599076912,-0.04725386198356318,0.04725386198356318
AE-JD19-66,divergent,exact_or_related,74.04175885407469,74.0571544260641,0.015395571989415657,0.015395571989415657
AE-JD19-67,exact_or_related,adjacent,79.1470635229702,79.3358869828801,0.1888234599098979,0.1888234599098979
AE-JD19-68,exact_or_related,adjacent,68.2771173503537,68.28649341523149,0.009376064877784529,0.009376064877784529
AE-JD19-69,divergent,exact_or_related,64.26966334480413,64.2747108107661,0.005047465961965258,0.005047465961965258
AE-JD19-70,divergent,exact_or_related,88.01527665614944,88.14180644467142,0.12652978852197805,0.12652978852197805
AE-JD19-71,divergent,exact_or_related,76.58289818810682,76.59592136986456,0.013023181757731095,0.013023181757731095
AE-JD19-72,exact_or_related,adjacent,79.25773878122548,79.25844984347653,0.0007110622510424491,0.0007110622510424491
AE-JD19-73,exact_or_related,adjacent,86.44848053851013,86.11932051556164,-0.3291600229484857,0.3291600229484857
AE-JD19-74,exact_or_related,adjacent,79.84428051174689,79.82459440226113,-0.019686109485760994,0.019686109485760994
AE-JD19-75,adjacent,divergent,71.98052083998756,71.95095948705082,-0.029561352936738672,0.029561352936738672
AE-JD19-76,exact_or_related,adjacent,73.9926251274782,74.0965583673863,0.10393323990808767,0.10393323990808767
AE-JD19-77,adjacent,divergent,78.78967679950158,78.84602972104061,0.056352921539030376,0.056352921539030376
AE-JD19-78,exact_or_related,adjacent,69.77159756637775,69.76477701993414,-0.00682054644360619,0.00682054644360619
AE-JD19-79,exact_or_related,adjacent,69.79810848397311,69.51349599621575,-0.28461248775735726,0.28461248775735726
AE-JD19-80,exact_or_related,adjacent,54.613620205680476,55.174697568711345,0.5610773630308685,0.5610773630308685
AE-JD19-81,adjacent,divergent,61.57440452876356,61.54638231635216,-0.02802221241140046,0.02802221241140046
AE-JD19-82,adjacent,divergent,59.288920194406664,59.577030971363556,0.28811077695689136,0.28811077695689136
AE-JD19-83,exact_or_related,adjacent,66.40016256116762,66.4952316098549,0.09506904868727872,0.09506904868727872
AE-JD19-84,adjacent,divergent,76.60836151116061,76.44173728880683,-0.16662422235377505,0.16662422235377505
AE-JD19-85,exact_or_related,adjacent,85.12612801391687,85.20479110091615,0.07866308699928481,0.07866308699928481
AE-JD19-86,exact_or_related,adjacent,74.23470563482142,74.27801678396048,0.04331114913905765,0.04331114913905765
AE-JD19-87,exact_or_related,adjacent,82.03019424902088,82.10079249177778,0.07059824275690119,0.07059824275690119
AE-JD19-88,divergent,exact_or_related,65.55151259548549,65.81345029059602,0.26193769511053233,0.26193769511053233
AE-JD19-89,exact_or_related,adjacent,69.17722854470658,69.23469883671342,0.057470292006840396,0.057470292006840396
AE-JD19-90,adjacent,divergent,62.10010653407167,61.91458798914004,-0.18551854493163233,0.18551854493163233
AE-JD19-91,exact_or_related,adjacent,68.13845093300561,68.07976230843983,-0.05868862456578938,0.05868862456578938
AE-JD19-92,exact_or_related,adjacent,80.17382720036949,80.1592341011965,-0.014593099172984125,0.014593099172984125
AE-JD19-93,exact_or_related,adjacent,81.21918569084524,81.18582631678377,-0.03335937406146172,0.03335937406146172
AE-JD19-94,adjacent,divergent,69.3748592695336,69.41646692436792,0.041607654834322716,0.041607654834322716
AE-JD19-95,divergent,exact_or_related,82.65011781973881,82.62151360771472,-0.028604212024092135,0.028604212024092135
AE-JD19-96,exact_or_related,adjacent,77.16931306298426,77.17503543980351,0.00572237681925003,0.00572237681925003
AE-JD19-97,exact_or_related,adjacent,68.96852211553474,69.11948079418988,0.15095867865514379,0.15095867865514379
AE-JD19-98,divergent,exact_or_related,72.44281649833651,72.71803689056782,0.27522039223130434,0.27522039223130434
AE-JD19-99,exact_or_related,adjacent,77.18794122893492,77.15651416101902,-0.03142706791589944,0.03142706791589944
AE-JD19-100,exact_or_related,adjacent,85.76809145310389,85.54052313777593,-0.2275683153279573,0.2275683153279573
