Candidate_ID,orig_rel,cf_rel,pred_orig,pred_cf,diff,abs_diff
SE-JD1-01,divergent,exact_or_related,76.70923037267156,76.70525596440446,-0.003974408267097829,0.003974408267097829
SE-JD1-02,divergent,exact_or_related,74.80562356836157,74.80164916009447,-0.003974408267097829,0.003974408267097829
SE-JD1-03,exact_or_related,adjacent,81.0549829813205,81.05667517220114,0.0016921908806324382,0.0016921908806324382
SE-JD1-04,exact_or_related,adjacent,68.4544276210407,68.45611981192134,0.001692190880646649,0.001692190880646649
SE-JD1-05,adjacent,divergent,57.65905893318453,57.66134115057098,0.0022822173864511797,0.0022822173864511797
SE-JD1-06,adjacent,divergent,63.05891763786585,63.061199855252305,0.002282217386458285,0.002282217386458285
SE-JD1-07,divergent,exact_or_related,67.6064354355301,67.602461027263,-0.003974408267097829,0.003974408267097829
SE-JD1-08,exact_or_related,adjacent,59.60897326237921,59.61066545325985,0.0016921908806395436,0.0016921908806395436
SE-JD1-09,exact_or_related,adjacent,68.55258440716962,68.55427659805027,0.001692190880646649,0.001692190880646649
SE-JD1-10,exact_or_related,adjacent,71.20362837778156,71.2053205686622,0.001692190880646649,0.001692190880646649
SE-JD1-11,adjacent,divergent,77.8495692539385,77.85185147132495,0.0022822173864511797,0.0022822173864511797
SE-JD1-12,exact_or_related,adjacent,70.0561825044741,70.05787469535474,0.001692190880646649,0.001692190880646649
SE-JD1-13,exact_or_related,adjacent,75.56061760611577,75.56230979699642,0.001692190880646649,0.001692190880646649
SE-JD1-14,exact_or_related,adjacent,81.8541820970733,81.85587428795395,0.001692190880646649,0.001692190880646649
SE-JD1-15,exact_or_related,adjacent,80.25423979338038,80.25593198426103,0.001692190880646649,0.001692190880646649
SE-JD1-16,exact_or_related,adjacent,83.9513229979039,83.95301518878455,0.001692190880646649,0.001692190880646649
SE-JD1-17,exact_or_related,adjacent,75.50391064303275,75.5056028339134,0.001692190880646649,0.001692190880646649
SE-JD1-18,exact_or_related,adjacent,69.55279128947957,69.5544834803602,0.0016921908806324382,0.0016921908806324382
SE-JD1-19,exact_or_related,adjacent,64.04069435380406,64.0423865446847,0.001692190880646649,0.001692190880646649
SE-JD1-20,divergent,exact_or_related,66.05666849798456,66.05269408971748,-0.003974408267083618,0.003974408267083618
SE-JD1-21,exact_or_related,adjacent,75.20547224646077,75.20716443734142,0.001692190880646649,0.001692190880646649
SE-JD1-22,adjacent,divergent,82.20495511482142,82.20723733220787,0.0022822173864511797,0.0022822173864511797
SE-JD1-23,exact_or_related,adjacent,68.40189283602635,68.403585026907,0.001692190880646649,0.001692190880646649
SE-JD1-24,exact_or_related,adjacent,84.7526225524667,84.75431474334735,0.001692190880646649,0.001692190880646649
SE-JD1-25,exact_or_related,adjacent,60.30755252393152,60.309244714812166,0.001692190880646649,0.001692190880646649
SE-JD1-26,adjacent,divergent,75.75187468902531,75.75415690641177,0.0022822173864511797,0.0022822173864511797
SE-JD1-27,adjacent,divergent,79.2053238464296,79.20760606381603,0.002282217386436969,0.002282217386436969
SE-JD1-28,exact_or_related,adjacent,72.30760545240544,72.30929764328609,0.001692190880646649,0.001692190880646649
SE-JD1-29,exact_or_related,adjacent,66.3051671007492,66.30685929162985,0.001692190880646649,0.001692190880646649
SE-JD1-30,divergent,exact_or_related,61.76154113415289,61.7575667258858,-0.003974408267090723,0.003974408267090723
SE-JD1-31,exact_or_related,adjacent,66.00232991531901,66.00402210619964,0.0016921908806324382,0.0016921908806324382
SE-JD1-32,exact_or_related,adjacent,61.40752039470658,61.40921258558723,0.001692190880646649,0.001692190880646649
SE-JD1-33,divergent,exact_or_related,64.64246476710088,64.63849035883378,-0.003974408267097829,0.003974408267097829
SE-JD1-34,adjacent,divergent,69.25743463056436,69.2597168479508,0.002282217386436969,0.002282217386436969
SE-JD1-35,exact_or_related,adjacent,81.60015283652423,81.60184502740486,0.0016921908806324382,0.0016921908806324382
SE-JD1-36,adjacent,divergent,69.83905702611236,69.8413392434988,0.002282217386436969,0.002282217386436969
SE-JD1-37,exact_or_related,adjacent,73.00413585270304,73.00582804358369,0.001692190880646649,0.001692190880646649
SE-JD1-38,exact_or_related,adjacent,71.65246839949262,71.65416059037327,0.001692190880646649,0.001692190880646649
SE-JD1-39,exact_or_related,adjacent,72.25092331549627,72.25261550637691,0.001692190880646649,0.001692190880646649
SE-JD1-40,divergent,exact_or_related,67.35917406834396,67.35519966007686,-0.003974408267097829,0.003974408267097829
SE-JD1-41,adjacent,divergent,61.161661679179524,61.163943896565975,0.0022822173864511797,0.0022822173864511797
SE-JD1-42,exact_or_related,adjacent,73.6008717457504,73.60256393663104,0.001692190880646649,0.001692190880646649
SE-JD1-43,divergent,exact_or_related,60.86280994975975,60.85883554149266,-0.003974408267090723,0.003974408267090723
SE-JD1-44,exact_or_related,adjacent,75.00062506679912,75.00231725767975,0.0016921908806324382,0.0016921908806324382
SE-JD1-45,exact_or_related,adjacent,55.60718369870826,55.6088758895889,0.0016921908806395436,0.0016921908806395436
SE-JD1-46,exact_or_related,adjacent,80.5498180975628,80.55151028844345,0.001692190880646649,0.001692190880646649
SE-JD1-47,exact_or_related,adjacent,57.456928646644634,57.45862083752528,0.001692190880646649,0.001692190880646649
SE-JD1-48,exact_or_related,adjacent,74.50244345337988,74.50413564426053,0.001692190880646649,0.001692190880646649
SE-JD1-49,divergent,exact_or_related,65.80755316001579,65.8035787517487,-0.003974408267083618,0.003974408267083618
SE-JD1-50,exact_or_related,adjacent,71.25045307722621,71.25214526810686,0.001692190880646649,0.001692190880646649
SE-JD1-51,adjacent,divergent,76.0050477650595,76.00732998244594,0.002282217386436969,0.002282217386436969
SE-JD1-52,divergent,exact_or_related,87.6565466240769,87.6525722158098,-0.003974408267097829,0.003974408267097829
SE-JD1-53,exact_or_related,adjacent,57.50871496925414,57.51040716013479,0.001692190880646649,0.001692190880646649
SE-JD1-54,adjacent,divergent,65.75599118738788,65.75827340477433,0.0022822173864511797,0.0022822173864511797
SE-JD1-55,exact_or_related,adjacent,68.70473501171223,68.70642720259288,0.001692190880646649,0.001692190880646649
SE-JD1-56,adjacent,divergent,77.255363744933,77.25764596231946,0.0022822173864511797,0.0022822173864511797
SE-JD1-57,divergent,exact_or_related,86.10735699267262,86.10338258440554,-0.003974408267083618,0.003974408267083618
SE-JD1-58,exact_or_related,adjacent,68.35974294797799,68.36143513885864,0.001692190880646649,0.001692190880646649
SE-JD1-59,adjacent,divergent,87.20151641423699,87.20379863162344,0.0022822173864511797,0.0022822173864511797
SE-JD1-60,adjacent,divergent,75.50096493387117,75.50324715125761,0.002282217386436969,0.002282217386436969
SE-JD1-61,exact_or_related,adjacent,71.49994710234279,71.50163929322343,0.001692190880646649,0.001692190880646649
SE-JD1-62,divergent,exact_or_related,64.3082082642149,64.3042338559478,-0.003974408267097829,0.003974408267097829
SE-JD1-63,exact_or_related,adjacent,61.6569639917856,61.65865618266625,0.001692190880646649,0.001692190880646649
SE-JD1-64,exact_or_related,adjacent,68.30447361444067,68.3061658053213,0.0016921908806324382,0.0016921908806324382
SE-JD1-65,exact_or_related,adjacent,68.70666691792673,68.70835910880737,0.001692190880646649,0.001692190880646649
SE-JD1-66,exact_or_related,adjacent,66.00520538525825,66.0068975761389,0.001692190880646649,0.001692190880646649
SE-JD1-67,adjacent,divergent,86.40273189717055,86.405014114557,0.0022822173864511797,0.0022822173864511797
SE-JD1-68,adjacent,divergent,71.4588063778076,71.46108859519407,0.0022822173864653905,0.0022822173864653905
SE-JD1-69,exact_or_related,adjacent,76.60870094319391,76.61039313407456,0.001692190880646649,0.001692190880646649
SE-JD1-70,divergent,exact_or_related,85.45463825038604,85.45066384211894,-0.003974408267097829,0.003974408267097829
SE-JD1-71,adjacent,divergent,73.15232102122934,73.15460323861579,0.0022822173864511797,0.0022822173864511797
SE-JD1-72,exact_or_related,adjacent,75.75473886418443,75.75643105506506,0.0016921908806324382,0.0016921908806324382
SE-JD1-73,exact_or_related,adjacent,78.05233312600738,78.05402531688803,0.001692190880646649,0.001692190880646649
SE-JD1-74,adjacent,divergent,76.65380878890271,76.65609100628916,0.0022822173864511797,0.0022822173864511797
SE-JD1-75,exact_or_related,adjacent,60.35863541513545,60.36032760601609,0.0016921908806395436,0.0016921908806395436
SE-JD1-76,divergent,exact_or_related,65.79186516754638,65.78789075927928,-0.003974408267097829,0.003974408267097829
SE-JD1-77,exact_or_related,adjacent,78.75020029977557,78.75189249065622,0.001692190880646649,0.001692190880646649
SE-JD1-78,divergent,exact_or_related,78.95732965072688,78.95335524245978,-0.003974408267097829,0.003974408267097829
SE-JD1-79,exact_or_related,adjacent,58.25557022134414,58.25726241222479,0.001692190880646649,0.001692190880646649
SE-JD1-80,exact_or_related,adjacent,81.70248271807203,81.70417490895268,0.001692190880646649,0.001692190880646649
SE-JD1-81,exact_or_related,adjacent,89.05157596116872,89.05326815204937,0.001692190880646649,0.001692190880646649
SE-JD1-82,exact_or_related,adjacent,67.95450553332608,67.95619772420673,0.001692190880646649,0.001692190880646649
SE-JD1-83,exact_or_related,adjacent,75.60455229295638,75.60624448383703,0.001692190880646649,0.001692190880646649
SE-JD1-84,adjacent,divergent,83.54999642613168,83.55227864351812,0.002282217386436969,0.002282217386436969
SE-JD1-85,exact_or_related,adjacent,56.29311497988572,56.29480717076637,0.001692190880646649,0.001692190880646649
SE-JD1-86,exact_or_related,adjacent,76.20702944509058,76.20872163597122,0.0016921908806324382,0.0016921908806324382
SE-JD1-87,exact_or_related,adjacent,74.95101852502955,74.95271071591019,0.0016921908806324382,0.0016921908806324382
SE-JD1-88,exact_or_related,adjacent,78.29886242947353,78.30055462035418,0.001692190880646649,0.001692190880646649
SE-JD1-89,adjacent,divergent,76.40864263810337,76.41092485548982,0.0022822173864511797,0.0022822173864511797
SE-JD1-90,exact_or_related,adjacent,71.75212384134666,71.7538160322273,0.001692190880646649,0.001692190880646649
SE-JD1-91,exact_or_related,adjacent,69.70135666665368,69.70304885753433,0.001692190880646649,0.001692190880646649
SE-JD1-92,adjacent,divergent,61.558231895688905,61.56051411307535,0.0022822173864440742,0.0022822173864440742
SE-JD1-93,adjacent,divergent,70.2532836197113,70.25556583709775,0.0022822173864511797,0.0022822173864511797
SE-JD1-94,adjacent,divergent,88.80313344934412,88.80541566673057,0.0022822173864511797,0.0022822173864511797
SE-JD1-95,divergent,exact_or_related,64.79313708372375,64.78916267545665,-0.003974408267097829,0.003974408267097829
SE-JD1-96,exact_or_related,adjacent,63.605151450500294,63.60684364138094,0.001692190880646649,0.001692190880646649
SE-JD1-97,exact_or_related,adjacent,71.85357885682527,71.85527104770591,0.001692190880646649,0.001692190880646649
SE-JD1-98,exact_or_related,adjacent,74.40296415804508,74.40465634892573,0.001692190880646649,0.001692190880646649
SE-JD1-99,exact_or_related,adjacent,65.9891668720522,65.99085906293284,0.001692190880646649,0.001692190880646649
SE-JD1-100,exact_or_related,adjacent,72.40523913361643,72.40693132449708,0.001692190880646649,0.001692190880646649
WD-JD2-01,divergent,exact_or_related,62.60660462292125,62.602630214654155,-0.003974408267097829,0.003974408267097829
WD-JD2-02,divergent,exact_or_related,60.560956984527124,60.55698257626003,-0.003974408267090723,0.003974408267090723
WD-JD2-03,divergent,exact_or_related,84.95267886249299,84.9487044542259,-0.003974408267083618,0.003974408267083618
WD-JD2-04,exact_or_related,adjacent,73.00120088966385,73.0028930805445,0.001692190880646649,0.001692190880646649
WD-JD2-05,adjacent,divergent,66.30709626649251,66.30937848387894,0.002282217386436969,0.002282217386436969
WD-JD2-06,divergent,exact_or_related,70.85656471432405,70.85259030605697,-0.003974408267083618,0.003974408267083618
WD-JD2-07,exact_or_related,adjacent,84.54742618593517,84.54911837681581,0.001692190880646649,0.001692190880646649
WD-JD2-08,adjacent,divergent,75.55728765959644,75.55956987698289,0.0022822173864511797,0.0022822173864511797
WD-JD2-09,exact_or_related,adjacent,69.45083079784963,69.45252298873028,0.001692190880646649,0.001692190880646649
WD-JD2-10,divergent,exact_or_related,72.81207421488605,72.80809980661897,-0.003974408267083618,0.003974408267083618
WD-JD2-11,exact_or_related,adjacent,68.24941912409037,68.251111314971,0.0016921908806324382,0.0016921908806324382
WD-JD2-12,exact_or_related,adjacent,80.60254714711095,80.6042393379916,0.001692190880646649,0.001692190880646649
WD-JD2-13,exact_or_related,adjacent,64.23858218496274,64.24027437584338,0.001692190880646649,0.001692190880646649
WD-JD2-14,exact_or_related,adjacent,69.80457594503444,69.80626813591509,0.001692190880646649,0.001692190880646649
WD-JD2-15,adjacent,divergent,85.04804224531426,85.0503244627007,0.002282217386436969,0.002282217386436969
WD-JD2-16,divergent,exact_or_related,86.95401310073291,86.95003869246581,-0.003974408267097829,0.003974408267097829
WD-JD2-17,adjacent,divergent,90.30239725225664,90.30467946964309,0.0022822173864511797,0.0022822173864511797
WD-JD2-18,adjacent,divergent,59.40760159508599,59.40988381247244,0.0022822173864440742,0.0022822173864440742
WD-JD2-19,exact_or_related,adjacent,57.507186566028444,57.50887875690909,0.001692190880646649,0.001692190880646649
WD-JD2-20,exact_or_related,adjacent,71.10970715090261,71.11139934178325,0.001692190880646649,0.001692190880646649
WD-JD2-21,divergent,exact_or_related,70.20573913704361,70.20176472877652,-0.003974408267083618,0.003974408267083618
WD-JD2-22,exact_or_related,adjacent,72.95016098718884,72.95185317806948,0.001692190880646649,0.001692190880646649
WD-JD2-23,exact_or_related,adjacent,69.55245982542735,69.554152016308,0.001692190880646649,0.001692190880646649
WD-JD2-24,exact_or_related,adjacent,61.15453936632077,61.156231557201416,0.001692190880646649,0.001692190880646649
WD-JD2-25,adjacent,divergent,68.25316445997906,68.25544667736551,0.0022822173864511797,0.0022822173864511797
WD-JD2-26,exact_or_related,adjacent,71.65193042569133,71.65362261657198,0.001692190880646649,0.001692190880646649
WD-JD2-27,adjacent,divergent,78.54747718796442,78.54975940535085,0.002282217386436969,0.002282217386436969
WD-JD2-28,exact_or_related,adjacent,74.55596898055022,74.55766117143085,0.0016921908806324382,0.0016921908806324382
WD-JD2-29,adjacent,divergent,80.3513367788261,80.35361899621255,0.0022822173864511797,0.0022822173864511797
WD-JD2-30,exact_or_related,adjacent,67.95584760978393,67.95753980066458,0.001692190880646649,0.001692190880646649
WD-JD2-31,exact_or_related,adjacent,78.54905418733644,78.55074637821708,0.001692190880646649,0.001692190880646649
WD-JD2-32,exact_or_related,adjacent,78.99908645768504,79.00077864856569,0.001692190880646649,0.001692190880646649
WD-JD2-33,exact_or_related,adjacent,74.5515983134388,74.55329050431945,0.001692190880646649,0.001692190880646649
WD-JD2-34,exact_or_related,adjacent,84.64890137328436,84.650593564165,0.001692190880646649,0.001692190880646649
WD-JD2-35,exact_or_related,adjacent,77.80014589402333,77.80183808490396,0.0016921908806324382,0.0016921908806324382
WD-JD2-36,exact_or_related,adjacent,62.10605830439437,62.10775049527501,0.001692190880646649,0.001692190880646649
WD-JD2-37,exact_or_related,adjacent,74.6518550064905,74.65354719737115,0.001692190880646649,0.001692190880646649
WD-JD2-38,exact_or_related,adjacent,61.406009111581156,61.407701302461795,0.0016921908806395436,0.0016921908806395436
WD-JD2-39,exact_or_related,adjacent,70.50151341255996,70.5032056034406,0.001692190880646649,0.001692190880646649
WD-JD2-40,exact_or_related,adjacent,64.55326336300682,64.55495555388747,0.001692190880646649,0.001692190880646649
WD-JD2-41,exact_or_related,adjacent,61.75703964994608,61.75873184082673,0.001692190880646649,0.001692190880646649
WD-JD2-42,exact_or_related,adjacent,57.85686841192605,57.85856060280669,0.0016921908806395436,0.0016921908806395436
WD-JD2-43,adjacent,divergent,66.80642383581575,66.80870605320219,0.002282217386436969,0.002282217386436969
WD-JD2-44,exact_or_related,adjacent,71.00751776266877,71.00920995354942,0.001692190880646649,0.001692190880646649
WD-JD2-45,exact_or_related,adjacent,83.4481109117455,83.44980310262615,0.001692190880646649,0.001692190880646649
WD-JD2-46,exact_or_related,adjacent,54.45705888279803,54.45875107367867,0.0016921908806395436,0.0016921908806395436
WD-JD2-47,adjacent,divergent,52.560680321519605,52.56296253890605,0.0022822173864440742,0.0022822173864440742
WD-JD2-48,exact_or_related,adjacent,60.1058595723659,60.10755176324655,0.001692190880646649,0.001692190880646649
WD-JD2-49,adjacent,divergent,79.60449657996847,79.6067787973549,0.002282217386436969,0.002282217386436969
WD-JD2-50,exact_or_related,adjacent,67.55285469444004,67.55454688532069,0.001692190880646649,0.001692190880646649
WD-JD2-51,exact_or_related,adjacent,68.80187590466952,68.80356809555016,0.001692190880646649,0.001692190880646649
WD-JD2-52,exact_or_related,adjacent,58.504272793425734,58.50596498430638,0.001692190880646649,0.001692190880646649
WD-JD2-53,adjacent,divergent,78.25046236752128,78.25274458490772,0.002282217386436969,0.002282217386436969
WD-JD2-54,adjacent,divergent,65.55212334145304,65.55440555883949,0.0022822173864511797,0.0022822173864511797
WD-JD2-55,adjacent,divergent,85.6012756808752,85.60355789826166,0.0022822173864511797,0.0022822173864511797
WD-JD2-56,exact_or_related,adjacent,84.74865105710529,84.75034324798594,0.001692190880646649,0.001692190880646649
WD-JD2-57,adjacent,divergent,58.708403962235735,58.71068617962218,0.0022822173864440742,0.0022822173864440742
WD-JD2-58,exact_or_related,adjacent,75.74949710228836,75.75118929316898,0.0016921908806182273,0.0016921908806182273
WD-JD2-59,exact_or_related,adjacent,82.60137488038136,82.603067071262,0.001692190880646649,0.001692190880646649
WD-JD2-60,divergent,exact_or_related,68.80679835634946,68.80282394808236,-0.003974408267097829,0.003974408267097829
WD-JD2-61,exact_or_related,adjacent,64.00370350370599,64.00539569458664,0.001692190880646649,0.001692190880646649
WD-JD2-62,exact_or_related,adjacent,61.506982176170325,61.50867436705097,0.001692190880646649,0.001692190880646649
WD-JD2-63,exact_or_related,adjacent,79.09844645271161,79.10013864359226,0.001692190880646649,0.001692190880646649
WD-JD2-64,adjacent,divergent,68.36026026065443,68.36254247804088,0.0022822173864511797,0.0022822173864511797
WD-JD2-65,adjacent,divergent,65.65389254771193,65.65617476509837,0.002282217386436969,0.002282217386436969
WD-JD2-66,exact_or_related,adjacent,64.00387802637269,64.00557021725334,0.001692190880646649,0.001692190880646649
WD-JD2-67,divergent,exact_or_related,82.9584384728447,82.95446406457762,-0.003974408267083618,0.003974408267083618
WD-JD2-68,divergent,exact_or_related,88.40264526604986,88.39867085778278,-0.003974408267083618,0.003974408267083618
WD-JD2-69,adjacent,divergent,75.4068408042454,75.40912302163184,0.002282217386436969,0.002282217386436969
WD-JD2-70,adjacent,divergent,81.90463583448211,81.90691805186856,0.0022822173864511797,0.0022822173864511797
WD-JD2-71,exact_or_related,adjacent,81.25549932514318,81.25719151602382,0.001692190880646649,0.001692190880646649
WD-JD2-72,divergent,exact_or_related,87.30270500645403,87.29873059818695,-0.003974408267083618,0.003974408267083618
WD-JD2-73,exact_or_related,adjacent,82.04982089293635,82.051513083817,0.001692190880646649,0.001692190880646649
WD-JD2-74,exact_or_related,adjacent,68.55265022576873,68.55434241664938,0.001692190880646649,0.001692190880646649
WD-JD2-75,adjacent,divergent,58.10651450353683,58.10879672092327,0.0022822173864440742,0.0022822173864440742
WD-JD2-76,divergent,exact_or_related,75.70307727592478,75.69910286765769,-0.003974408267097829,0.003974408267097829
WD-JD2-77,exact_or_related,adjacent,66.10419255135623,66.10588474223688,0.001692190880646649,0.001692190880646649
WD-JD2-78,exact_or_related,adjacent,64.35470491082411,64.35639710170474,0.0016921908806324382,0.0016921908806324382
WD-JD2-79,adjacent,divergent,78.70301546950265,78.7052976868891,0.0022822173864511797,0.0022822173864511797
WD-JD2-80,exact_or_related,adjacent,52.29505541874937,52.29674760963002,0.001692190880646649,0.001692190880646649
WD-JD2-81,exact_or_related,adjacent,76.00401112848354,76.00570331936419,0.001692190880646649,0.001692190880646649
WD-JD2-82,exact_or_related,adjacent,70.70037246800933,70.70206465888998,0.001692190880646649,0.001692190880646649
WD-JD2-83,divergent,exact_or_related,74.45848651731863,74.45451210905155,-0.003974408267083618,0.003974408267083618
WD-JD2-84,divergent,exact_or_related,69.15716183792951,69.15318742966241,-0.003974408267097829,0.003974408267097829
WD-JD2-85,adjacent,divergent,76.05112736660124,76.05340958398769,0.0022822173864511797,0.0022822173864511797
WD-JD2-86,adjacent,divergent,57.6085710839514,57.61085330133785,0.0022822173864511797,0.0022822173864511797
WD-JD2-87,divergent,exact_or_related,72.60527883411002,72.60130442584293,-0.003974408267097829,0.003974408267097829
WD-JD2-88,exact_or_related,adjacent,72.8009601335296,72.80265232441025,0.001692190880646649,0.001692190880646649
WD-JD2-89,exact_or_related,adjacent,61.453859383087895,61.45555157396854,0.001692190880646649,0.001692190880646649
WD-JD2-90,exact_or_related,adjacent,72.35125591144339,72.35294810232404,0.001692190880646649,0.001692190880646649
WD-JD2-91,adjacent,divergent,78.95088297435716,78.95316519174361,0.0022822173864511797,0.0022822173864511797
WD-JD2-92,adjacent,divergent,62.85738351678444,62.85966573417088,0.0022822173864440742,0.0022822173864440742
WD-JD2-93,divergent,exact_or_related,69.36086372680309,69.35688931853599,-0.003974408267097829,0.003974408267097829
WD-JD2-94,exact_or_related,adjacent,80.25226622066857,80.25395841154922,0.001692190880646649,0.001692190880646649
WD-JD2-95,divergent,exact_or_related,67.1411931972441,67.13721878897701,-0.003974408267097829,0.003974408267097829
WD-JD2-96,exact_or_related,adjacent,61.35574946265861,61.357441653539254,0.001692190880646649,0.001692190880646649
WD-JD2-97,divergent,exact_or_related,76.15503289989428,76.1510584916272,-0.003974408267083618,0.003974408267083618
WD-JD2-98,exact_or_related,adjacent,76.80553273527572,76.80722492615637,0.001692190880646649,0.001692190880646649
WD-JD2-99,exact_or_related,adjacent,59.75527267178436,59.75696486266501,0.001692190880646649,0.001692190880646649
WD-JD2-100,divergent,exact_or_related,83.65351578358162,83.64954137531453,-0.003974408267097829,0.003974408267097829
FSD-JD3-01,exact_or_related,adjacent,72.70290318424185,72.7045953751225,0.001692190880646649,0.001692190880646649
FSD-JD3-02,adjacent,divergent,74.40326914741757,74.40555136480403,0.0022822173864511797,0.0022822173864511797
FSD-JD3-03,adjacent,divergent,78.05490327096031,78.05718548834676,0.0022822173864511797,0.0022822173864511797
FSD-JD3-04,exact_or_related,adjacent,76.00112393738357,76.00281612826421,0.001692190880646649,0.001692190880646649
FSD-JD3-05,adjacent,divergent,78.05345890860833,78.05574112599479,0.0022822173864511797,0.0022822173864511797
FSD-JD3-06,divergent,exact_or_related,63.111777061358275,63.10780265309119,-0.003974408267083618,0.003974408267083618
FSD-JD3-07,adjacent,divergent,61.06151145008911,61.06379366747556,0.0022822173864511797,0.0022822173864511797
FSD-JD3-08,exact_or_related,adjacent,80.45248659598556,80.45417878686621,0.001692190880646649,0.001692190880646649
FSD-JD3-09,exact_or_related,adjacent,73.40411127309096,73.4058034639716,0.0016921908806324382,0.0016921908806324382
FSD-JD3-10,exact_or_related,adjacent,64.70636165356636,64.708053844447,0.0016921908806324382,0.0016921908806324382
FSD-JD3-11,exact_or_related,adjacent,63.10707161050636,63.108763801387006,0.001692190880646649,0.001692190880646649
FSD-JD3-12,divergent,exact_or_related,76.4098847869955,76.40591037872842,-0.003974408267083618,0.003974408267083618
FSD-JD3-13,exact_or_related,adjacent,67.70299636167469,67.70468855255534,0.001692190880646649,0.001692190880646649
FSD-JD3-14,adjacent,divergent,80.4549559524156,80.45723816980205,0.0022822173864511797,0.0022822173864511797
FSD-JD3-15,divergent,exact_or_related,73.39120028381193,73.38722587554484,-0.003974408267083618,0.003974408267083618
FSD-JD3-16,exact_or_related,adjacent,71.74994039438386,71.7516325852645,0.001692190880646649,0.001692190880646649
FSD-JD3-17,divergent,exact_or_related,69.46097615525626,69.45700174698916,-0.003974408267097829,0.003974408267097829
FSD-JD3-18,exact_or_related,adjacent,58.70802530817288,58.709717499053525,0.001692190880646649,0.001692190880646649
FSD-JD3-19,adjacent,divergent,67.30718852601832,67.30947074340477,0.0022822173864511797,0.0022822173864511797
FSD-JD3-20,exact_or_related,adjacent,72.65582898631918,72.65752117719981,0.0016921908806324382,0.0016921908806324382
FSD-JD3-21,exact_or_related,adjacent,63.05786072753556,63.05955291841621,0.001692190880646649,0.001692190880646649
FSD-JD3-22,exact_or_related,adjacent,76.65042425725967,76.65211644814032,0.001692190880646649,0.001692190880646649
FSD-JD3-23,adjacent,divergent,84.15321029628906,84.15549251367551,0.0022822173864511797,0.0022822173864511797
FSD-JD3-24,exact_or_related,adjacent,75.1506806508897,75.15237284177034,0.001692190880646649,0.001692190880646649
FSD-JD3-25,exact_or_related,adjacent,68.25357797846542,68.25527016934606,0.001692190880646649,0.001692190880646649
FSD-JD3-26,exact_or_related,adjacent,81.04745980059663,81.04915199147727,0.001692190880646649,0.001692190880646649
FSD-JD3-27,exact_or_related,adjacent,52.15978898167111,52.16148117255176,0.001692190880646649,0.001692190880646649
FSD-JD3-28,exact_or_related,adjacent,89.5515349340716,89.55322712495224,0.001692190880646649,0.001692190880646649
FSD-JD3-29,exact_or_related,adjacent,79.95355944354927,79.95525163442991,0.001692190880646649,0.001692190880646649
FSD-JD3-30,exact_or_related,adjacent,71.85575140592651,71.85744359680716,0.001692190880646649,0.001692190880646649
FSD-JD3-31,exact_or_related,adjacent,58.50786717800644,58.50955936888709,0.001692190880646649,0.001692190880646649
FSD-JD3-32,adjacent,divergent,80.55211510197901,80.55439731936545,0.002282217386436969,0.002282217386436969
FSD-JD3-33,exact_or_related,adjacent,69.08709541988696,69.08878761076761,0.001692190880646649,0.001692190880646649
FSD-JD3-34,exact_or_related,adjacent,66.50315257802944,66.50484476891009,0.001692190880646649,0.001692190880646649
FSD-JD3-35,exact_or_related,adjacent,76.0010346856724,76.00272687655304,0.001692190880646649,0.001692190880646649
FSD-JD3-36,exact_or_related,adjacent,68.35139407591979,68.35308626680042,0.0016921908806324382,0.0016921908806324382
FSD-JD3-37,exact_or_related,adjacent,76.85708564536048,76.85877783624113,0.001692190880646649,0.001692190880646649
FSD-JD3-38,exact_or_related,adjacent,58.607971051964796,58.609663242845436,0.0016921908806395436,0.0016921908806395436
FSD-JD3-39,divergent,exact_or_related,71.55772858436245,71.55375417609537,-0.003974408267083618,0.003974408267083618
FSD-JD3-40,exact_or_related,adjacent,63.45665524531657,63.458347436197215,0.001692190880646649,0.001692190880646649
FSD-JD3-41,exact_or_related,adjacent,70.80293220995303,70.80462440083367,0.001692190880646649,0.001692190880646649
FSD-JD3-42,adjacent,divergent,74.35164104093973,74.35392325832618,0.0022822173864511797,0.0022822173864511797
FSD-JD3-43,adjacent,divergent,60.15990234670378,60.162184564090225,0.0022822173864440742,0.0022822173864440742
FSD-JD3-44,divergent,exact_or_related,63.01103485507925,63.00706044681216,-0.003974408267090723,0.003974408267090723
FSD-JD3-45,adjacent,divergent,71.40913307686786,71.41141529425431,0.0022822173864511797,0.0022822173864511797
FSD-JD3-46,exact_or_related,adjacent,68.50135786709642,68.50305005797706,0.001692190880646649,0.001692190880646649
FSD-JD3-47,divergent,exact_or_related,68.51089433616077,68.50691992789369,-0.003974408267083618,0.003974408267083618
FSD-JD3-48,adjacent,divergent,69.45606368265524,69.45834590004169,0.0022822173864511797,0.0022822173864511797
FSD-JD3-49,exact_or_related,adjacent,70.65572245398727,70.65741464486791,0.001692190880646649,0.001692190880646649
FSD-JD3-50,exact_or_related,adjacent,79.05143989697781,79.05313208785846,0.001692190880646649,0.001692190880646649
FSD-JD3-51,divergent,exact_or_related,86.20201691039166,86.19804250212457,-0.003974408267097829,0.003974408267097829
FSD-JD3-52,divergent,exact_or_related,64.55689921892072,64.55292481065364,-0.003974408267083618,0.003974408267083618
FSD-JD3-53,divergent,exact_or_related,74.25583208184972,74.25185767358263,-0.003974408267083618,0.003974408267083618
FSD-JD3-54,exact_or_related,adjacent,71.20293564830278,71.20462783918343,0.001692190880646649,0.001692190880646649
FSD-JD3-55,exact_or_related,adjacent,87.19992141330862,87.20161360418925,0.0016921908806324382,0.0016921908806324382
FSD-JD3-56,exact_or_related,adjacent,76.50064038578803,76.50233257666868,0.001692190880646649,0.001692190880646649
FSD-JD3-57,exact_or_related,adjacent,74.651136591306,74.65282878218663,0.0016921908806324382,0.0016921908806324382
FSD-JD3-58,exact_or_related,adjacent,61.40730145539317,61.408993646273814,0.001692190880646649,0.001692190880646649
FSD-JD3-59,exact_or_related,adjacent,73.25712687461208,73.25881906549273,0.001692190880646649,0.001692190880646649
FSD-JD3-60,divergent,exact_or_related,75.91425837894583,75.91028397067873,-0.003974408267097829,0.003974408267097829
FSD-JD3-61,exact_or_related,adjacent,74.50664518111314,74.50833737199379,0.001692190880646649,0.001692190880646649
FSD-JD3-62,exact_or_related,adjacent,80.60020845522274,80.60190064610339,0.001692190880646649,0.001692190880646649
FSD-JD3-63,divergent,exact_or_related,84.15147916609104,84.14750475782395,-0.003974408267083618,0.003974408267083618
FSD-JD3-64,divergent,exact_or_related,66.76020837320173,66.75623396493464,-0.003974408267097829,0.003974408267097829
FSD-JD3-65,exact_or_related,adjacent,73.25711811117063,73.25881030205127,0.001692190880646649,0.001692190880646649
FSD-JD3-66,divergent,exact_or_related,66.76305254124127,66.75907813297418,-0.003974408267083618,0.003974408267083618
FSD-JD3-67,exact_or_related,adjacent,76.00826857940896,76.00996077028961,0.001692190880646649,0.001692190880646649
FSD-JD3-68,exact_or_related,adjacent,69.8872238350998,69.88891602598045,0.001692190880646649,0.001692190880646649
FSD-JD3-69,exact_or_related,adjacent,79.30222647485304,79.30391866573368,0.0016921908806324382,0.0016921908806324382
FSD-JD3-70,adjacent,divergent,68.25733075366274,68.2596129710492,0.0022822173864511797,0.0022822173864511797
FSD-JD3-71,exact_or_related,adjacent,88.35164035699259,88.35333254787324,0.001692190880646649,0.001692190880646649
FSD-JD3-72,exact_or_related,adjacent,79.65048352755188,79.65217571843253,0.001692190880646649,0.001692190880646649
FSD-JD3-73,exact_or_related,adjacent,69.48780738368296,69.48949957456361,0.001692190880646649,0.001692190880646649
FSD-JD3-74,adjacent,divergent,64.70948383874929,64.71176605613574,0.0022822173864511797,0.0022822173864511797
FSD-JD3-75,exact_or_related,adjacent,86.59879685193211,86.60048904281275,0.001692190880646649,0.001692190880646649
FSD-JD3-76,exact_or_related,adjacent,77.1479851690261,77.14967735990675,0.001692190880646649,0.001692190880646649
FSD-JD3-77,exact_or_related,adjacent,76.90330267543403,76.90499486631468,0.001692190880646649,0.001692190880646649
FSD-JD3-78,exact_or_related,adjacent,66.45524590848072,66.45693809936137,0.001692190880646649,0.001692190880646649
FSD-JD3-79,exact_or_related,adjacent,67.05620199481409,67.05789418569474,0.001692190880646649,0.001692190880646649
FSD-JD3-80,adjacent,divergent,85.00046347747983,85.00274569486628,0.0022822173864511797,0.0022822173864511797
FSD-JD3-81,divergent,exact_or_related,70.31024984378743,70.30627543552033,-0.003974408267097829,0.003974408267097829
FSD-JD3-82,exact_or_related,adjacent,67.75755271139732,67.75924490227797,0.001692190880646649,0.001692190880646649
FSD-JD3-83,adjacent,divergent,75.25103388507944,75.25331610246589,0.0022822173864511797,0.0022822173864511797
FSD-JD3-84,exact_or_related,adjacent,60.207496433023024,60.20918862390367,0.001692190880646649,0.001692190880646649
FSD-JD3-85,adjacent,divergent,66.3570988608316,66.35938107821805,0.0022822173864511797,0.0022822173864511797
FSD-JD3-86,exact_or_related,adjacent,65.4050205931011,65.40671278398175,0.001692190880646649,0.001692190880646649
FSD-JD3-87,exact_or_related,adjacent,71.85379137796521,71.85548356884586,0.001692190880646649,0.001692190880646649
FSD-JD3-88,exact_or_related,adjacent,72.35680755061514,72.35849974149579,0.001692190880646649,0.001692190880646649
FSD-JD3-89,exact_or_related,adjacent,75.45947195734526,75.4611641482259,0.001692190880646649,0.001692190880646649
FSD-JD3-90,exact_or_related,adjacent,67.88833294122988,67.89002513211052,0.001692190880646649,0.001692190880646649
FSD-JD3-91,exact_or_related,adjacent,69.75278238095231,69.75447457183296,0.001692190880646649,0.001692190880646649
FSD-JD3-92,exact_or_related,adjacent,76.89914088465936,76.90083307553999,0.0016921908806324382,0.0016921908806324382
FSD-JD3-93,divergent,exact_or_related,83.40242773447623,83.39845332620914,-0.003974408267097829,0.003974408267097829
FSD-JD3-94,exact_or_related,adjacent,65.54135065010135,65.543042840982,0.001692190880646649,0.001692190880646649
FSD-JD3-95,exact_or_related,adjacent,76.30245705841519,76.30414924929583,0.001692190880646649,0.001692190880646649
FSD-JD3-96,adjacent,divergent,56.46035106253337,56.46263327991982,0.0022822173864511797,0.0022822173864511797
FSD-JD3-97,adjacent,divergent,56.859030563759504,56.86131278114595,0.0022822173864440742,0.0022822173864440742
FSD-JD3-98,exact_or_related,adjacent,73.10416718826787,73.10585937914851,0.001692190880646649,0.001692190880646649
FSD-JD3-99,divergent,exact_or_related,75.40829083156,75.4043164232929,-0.003974408267097829,0.003974408267097829
FSD-JD3-100,exact_or_related,adjacent,62.20676586559144,62.20845805647209,0.001692190880646649,0.001692190880646649
AD-JD4-01,exact_or_related,adjacent,64.30590020938352,64.30759240026417,0.001692190880646649,0.001692190880646649
AD-JD4-02,adjacent,divergent,83.65318663108393,83.65546884847036,0.002282217386436969,0.002282217386436969
AD-JD4-03,divergent,exact_or_related,77.31106023310882,77.30708582484174,-0.003974408267083618,0.003974408267083618
AD-JD4-04,exact_or_related,adjacent,80.90018055800768,80.90187274888832,0.001692190880646649,0.001692190880646649
AD-JD4-05,adjacent,divergent,79.40755241631949,79.40983463370594,0.0022822173864511797,0.0022822173864511797
AD-JD4-06,exact_or_related,adjacent,70.05325426122931,70.05494645210996,0.001692190880646649,0.001692190880646649
AD-JD4-07,adjacent,divergent,61.95709773479351,61.95937995217996,0.0022822173864511797,0.0022822173864511797
AD-JD4-08,exact_or_related,adjacent,58.292624544773325,58.294316735653965,0.0016921908806395436,0.0016921908806395436
AD-JD4-09,exact_or_related,adjacent,73.65064607738037,73.65233826826102,0.001692190880646649,0.001692190880646649
AD-JD4-10,exact_or_related,adjacent,66.30933785090009,66.31103004178074,0.001692190880646649,0.001692190880646649
AD-JD4-11,exact_or_related,adjacent,71.40555077275138,71.40724296363203,0.001692190880646649,0.001692190880646649
AD-JD4-12,adjacent,divergent,72.75295378078012,72.75523599816658,0.0022822173864653905,0.0022822173864653905
AD-JD4-13,exact_or_related,adjacent,69.80956456364929,69.81125675452994,0.001692190880646649,0.001692190880646649
AD-JD4-14,exact_or_related,adjacent,68.9548072603203,68.95649945120094,0.001692190880646649,0.001692190880646649
AD-JD4-15,exact_or_related,adjacent,69.50256556612477,69.50425775700542,0.001692190880646649,0.001692190880646649
AD-JD4-16,exact_or_related,adjacent,71.20575294789818,71.20744513877882,0.001692190880646649,0.001692190880646649
AD-JD4-17,exact_or_related,adjacent,81.40479485077279,81.40648704165343,0.001692190880646649,0.001692190880646649
AD-JD4-18,exact_or_related,adjacent,64.75536735092088,64.75705954180152,0.001692190880646649,0.001692190880646649
AD-JD4-19,exact_or_related,adjacent,69.05567518508101,69.05736737596165,0.0016921908806324382,0.0016921908806324382
AD-JD4-20,adjacent,divergent,54.04548811051344,54.04777032789989,0.0022822173864511797,0.0022822173864511797
AD-JD4-21,adjacent,divergent,69.0096757027716,69.01195792015805,0.0022822173864511797,0.0022822173864511797
AD-JD4-22,divergent,exact_or_related,71.007737006275,71.0037625980079,-0.003974408267097829,0.003974408267097829
AD-JD4-23,exact_or_related,adjacent,71.4507649438362,71.45245713471685,0.001692190880646649,0.001692190880646649
AD-JD4-24,exact_or_related,adjacent,70.35569207707351,70.35738426795416,0.001692190880646649,0.001692190880646649
AD-JD4-25,exact_or_related,adjacent,69.90616736790969,69.90785955879034,0.001692190880646649,0.001692190880646649
AD-JD4-26,exact_or_related,adjacent,66.60440927423429,66.60610146511493,0.001692190880646649,0.001692190880646649
AD-JD4-27,divergent,exact_or_related,75.75343390585296,75.74945949758587,-0.003974408267083618,0.003974408267083618
AD-JD4-28,exact_or_related,adjacent,52.095937278081365,52.09762946896201,0.001692190880646649,0.001692190880646649
AD-JD4-29,adjacent,divergent,84.95387537418223,84.95615759156868,0.0022822173864511797,0.0022822173864511797
AD-JD4-30,exact_or_related,adjacent,74.90595988042433,74.90765207130497,0.0016921908806324382,0.0016921908806324382
AD-JD4-31,exact_or_related,adjacent,70.80129509154911,70.80298728242974,0.0016921908806324382,0.0016921908806324382
AD-JD4-32,exact_or_related,adjacent,80.55048261314495,80.5521748040256,0.001692190880646649,0.001692190880646649
AD-JD4-33,divergent,exact_or_related,70.25954977503531,70.25557536676823,-0.003974408267083618,0.003974408267083618
AD-JD4-34,adjacent,divergent,89.45192697083729,89.45420918822374,0.0022822173864511797,0.0022822173864511797
AD-JD4-35,exact_or_related,adjacent,69.75958195839998,69.76127414928062,0.001692190880646649,0.001692190880646649
AD-JD4-36,adjacent,divergent,66.95825320404019,66.96053542142664,0.0022822173864511797,0.0022822173864511797
AD-JD4-37,adjacent,divergent,74.10294865831614,74.10523087570257,0.002282217386436969,0.002282217386436969
AD-JD4-38,divergent,exact_or_related,53.41273722390042,53.40876281563334,-0.003974408267083618,0.003974408267083618
AD-JD4-39,exact_or_related,adjacent,69.70145436717351,69.70314655805414,0.0016921908806324382,0.0016921908806324382
AD-JD4-40,adjacent,divergent,73.60600835605273,73.60829057343918,0.0022822173864511797,0.0022822173864511797
AD-JD4-41,divergent,exact_or_related,72.66189522325026,72.65792081498317,-0.003974408267083618,0.003974408267083618
AD-JD4-42,exact_or_related,adjacent,65.25834524669752,65.26003743757816,0.001692190880646649,0.001692190880646649
AD-JD4-43,exact_or_related,adjacent,76.30099405589534,76.30268624677599,0.001692190880646649,0.001692190880646649
AD-JD4-44,divergent,exact_or_related,85.75423734146158,85.75026293319449,-0.003974408267083618,0.003974408267083618
AD-JD4-45,exact_or_related,adjacent,62.40379163269637,62.405483823577015,0.001692190880646649,0.001692190880646649
AD-JD4-46,exact_or_related,adjacent,71.50973605299963,71.51142824388027,0.001692190880646649,0.001692190880646649
AD-JD4-47,divergent,exact_or_related,77.10423410691793,77.10025969865083,-0.003974408267097829,0.003974408267097829
AD-JD4-48,exact_or_related,adjacent,66.85312590163397,66.8548180925146,0.0016921908806324382,0.0016921908806324382
AD-JD4-49,exact_or_related,adjacent,67.40579754862104,67.40748973950168,0.001692190880646649,0.001692190880646649
AD-JD4-50,divergent,exact_or_related,80.35361236909245,80.34963796082536,-0.003974408267083618,0.003974408267083618
AD-JD4-51,divergent,exact_or_related,62.05924563230448,62.0552712240374,-0.003974408267083618,0.003974408267083618
AD-JD4-52,exact_or_related,adjacent,77.59995454669271,77.60164673757336,0.001692190880646649,0.001692190880646649
AD-JD4-53,exact_or_related,adjacent,68.4013081943614,68.40300038524204,0.0016921908806324382,0.0016921908806324382
AD-JD4-54,exact_or_related,adjacent,69.10328818010414,69.10498037098478,0.0016921908806324382,0.0016921908806324382
AD-JD4-55,exact_or_related,adjacent,75.20589680433886,75.20758899521951,0.001692190880646649,0.001692190880646649
AD-JD4-56,adjacent,divergent,75.80542557615796,75.80770779354441,0.0022822173864511797,0.0022822173864511797
AD-JD4-57,exact_or_related,adjacent,73.59963664192017,73.6013288328008,0.0016921908806324382,0.0016921908806324382
AD-JD4-58,adjacent,divergent,69.05510313773144,69.05738535511787,0.002282217386436969,0.002282217386436969
AD-JD4-59,divergent,exact_or_related,66.76163194933056,66.75765754106347,-0.003974408267097829,0.003974408267097829
AD-JD4-60,exact_or_related,adjacent,66.4031652523287,66.40485744320935,0.001692190880646649,0.001692190880646649
AD-JD4-61,exact_or_related,adjacent,67.45109709444633,67.45278928532697,0.001692190880646649,0.001692190880646649
AD-JD4-62,exact_or_related,adjacent,72.45826653521428,72.45995872609492,0.001692190880646649,0.001692190880646649
AD-JD4-63,exact_or_related,adjacent,61.60836342317363,61.610055614054275,0.001692190880646649,0.001692190880646649
AD-JD4-64,divergent,exact_or_related,58.662882971651094,58.658908563384,-0.003974408267090723,0.003974408267090723
AD-JD4-65,exact_or_related,adjacent,82.45137135008211,82.45306354096276,0.001692190880646649,0.001692190880646649
AD-JD4-66,exact_or_related,adjacent,85.79862696805793,85.80031915893858,0.001692190880646649,0.001692190880646649
AD-JD4-67,exact_or_related,adjacent,68.65978168155057,68.66147387243122,0.001692190880646649,0.001692190880646649
AD-JD4-68,adjacent,divergent,76.5591546750046,76.56143689239106,0.0022822173864511797,0.0022822173864511797
AD-JD4-69,exact_or_related,adjacent,72.20334292190806,72.2050351127887,0.001692190880646649,0.001692190880646649
AD-JD4-70,exact_or_related,adjacent,56.15730099527741,56.15899318615806,0.001692190880646649,0.001692190880646649
AD-JD4-71,exact_or_related,adjacent,73.0075180288754,73.00921021975604,0.001692190880646649,0.001692190880646649
AD-JD4-72,exact_or_related,adjacent,75.40130188795744,75.40299407883809,0.001692190880646649,0.001692190880646649
AD-JD4-73,divergent,exact_or_related,66.41127733497692,66.40730292670983,-0.003974408267083618,0.003974408267083618
AD-JD4-74,adjacent,divergent,74.10224166457265,74.1045238819591,0.0022822173864511797,0.0022822173864511797
AD-JD4-75,exact_or_related,adjacent,76.65061609596141,76.65230828684206,0.001692190880646649,0.001692190880646649
AD-JD4-76,exact_or_related,adjacent,75.60367973592243,75.60537192680307,0.001692190880646649,0.001692190880646649
AD-JD4-77,adjacent,divergent,83.7497049071239,83.75198712451034,0.002282217386436969,0.002282217386436969
AD-JD4-78,exact_or_related,adjacent,78.09866557941842,78.10035777029906,0.0016921908806324382,0.0016921908806324382
AD-JD4-79,exact_or_related,adjacent,71.55170337635528,71.55339556723592,0.001692190880646649,0.001692190880646649
AD-JD4-80,divergent,exact_or_related,81.95638320619481,81.95240879792773,-0.003974408267083618,0.003974408267083618
AD-JD4-81,divergent,exact_or_related,65.09201321047321,65.08803880220611,-0.003974408267097829,0.003974408267097829
AD-JD4-82,exact_or_related,adjacent,84.75411894538912,84.75581113626977,0.001692190880646649,0.001692190880646649
AD-JD4-83,exact_or_related,adjacent,70.45886404864049,70.46055623952114,0.001692190880646649,0.001692190880646649
AD-JD4-84,adjacent,divergent,57.34629876349336,57.34858098087981,0.0022822173864511797,0.0022822173864511797
AD-JD4-85,adjacent,divergent,68.40737991957985,68.4096621369663,0.0022822173864511797,0.0022822173864511797
AD-JD4-86,exact_or_related,adjacent,69.30370947029591,69.30540166117656,0.001692190880646649,0.001692190880646649
AD-JD4-87,divergent,exact_or_related,75.80958415308308,75.805609744816,-0.003974408267083618,0.003974408267083618
AD-JD4-88,adjacent,divergent,63.60485804451071,63.607140261897165,0.0022822173864511797,0.0022822173864511797
AD-JD4-89,exact_or_related,adjacent,79.09892329654855,79.1006154874292,0.001692190880646649,0.001692190880646649
AD-JD4-90,exact_or_related,adjacent,58.35626372722312,58.35795591810377,0.001692190880646649,0.001692190880646649
AD-JD4-91,exact_or_related,adjacent,78.40531000946663,78.40700220034728,0.001692190880646649,0.001692190880646649
AD-JD4-92,divergent,exact_or_related,69.80621040811064,69.80223599984355,-0.003974408267097829,0.003974408267097829
AD-JD4-93,exact_or_related,adjacent,71.40114515893708,71.40283734981773,0.001692190880646649,0.001692190880646649
AD-JD4-94,exact_or_related,adjacent,77.30330491803352,77.30499710891416,0.001692190880646649,0.001692190880646649
AD-JD4-95,exact_or_related,adjacent,78.55124028118819,78.55293247206882,0.0016921908806324382,0.0016921908806324382
AD-JD4-96,divergent,exact_or_related,79.30336443278928,79.29939002452218,-0.003974408267097829,0.003974408267097829
AD-JD4-97,exact_or_related,adjacent,64.904062834115,64.90575502499563,0.0016921908806324382,0.0016921908806324382
AD-JD4-98,exact_or_related,adjacent,67.90664496667515,67.90833715755579,0.001692190880646649,0.001692190880646649
AD-JD4-99,exact_or_related,adjacent,70.10225588567836,70.103948076559,0.001692190880646649,0.001692190880646649
AD-JD4-100,exact_or_related,adjacent,71.30213201852426,71.30382420940491,0.001692190880646649,0.001692190880646649
FE-JD5-01,adjacent,divergent,84.75107497575344,84.7533571931399,0.0022822173864653905,0.0022822173864653905
FE-JD5-02,exact_or_related,adjacent,83.75386928329688,83.75556147417753,0.001692190880646649,0.001692190880646649
FE-JD5-03,exact_or_related,adjacent,74.55100582568261,74.55269801656326,0.001692190880646649,0.001692190880646649
FE-JD5-04,exact_or_related,adjacent,81.29888502352412,81.30057721440475,0.0016921908806324382,0.0016921908806324382
FE-JD5-05,adjacent,divergent,67.70315413793877,67.70543635532522,0.0022822173864511797,0.0022822173864511797
FE-JD5-06,exact_or_related,adjacent,83.89948005934964,83.90117225023029,0.001692190880646649,0.001692190880646649
FE-JD5-07,adjacent,divergent,76.84911491679756,76.85139713418401,0.0022822173864511797,0.0022822173864511797
FE-JD5-08,exact_or_related,adjacent,75.05183786618703,75.05353005706768,0.001692190880646649,0.001692190880646649
FE-JD5-09,exact_or_related,adjacent,74.9020599023213,74.90375209320193,0.0016921908806324382,0.0016921908806324382
FE-JD5-10,divergent,exact_or_related,67.10577904398917,67.10180463572209,-0.003974408267083618,0.003974408267083618
FE-JD5-11,exact_or_related,adjacent,62.55659574927334,62.55828794015399,0.001692190880646649,0.001692190880646649
FE-JD5-12,exact_or_related,adjacent,60.75600636979948,60.757698560680126,0.001692190880646649,0.001692190880646649
FE-JD5-13,exact_or_related,adjacent,69.90756198550558,69.90925417638623,0.001692190880646649,0.001692190880646649
FE-JD5-14,exact_or_related,adjacent,75.9585470191833,75.96023921006395,0.001692190880646649,0.001692190880646649
FE-JD5-15,exact_or_related,adjacent,83.35048532886006,83.3521775197407,0.001692190880646649,0.001692190880646649
FE-JD5-16,adjacent,divergent,78.50093516139883,78.50321737878528,0.0022822173864511797,0.0022822173864511797
FE-JD5-17,exact_or_related,adjacent,63.20724324154917,63.20893543242982,0.001692190880646649,0.001692190880646649
FE-JD5-18,exact_or_related,adjacent,79.1978562614232,79.19954845230384,0.001692190880646649,0.001692190880646649
FE-JD5-19,exact_or_related,adjacent,79.29877849119221,79.30047068207286,0.001692190880646649,0.001692190880646649
FE-JD5-20,adjacent,divergent,79.49873032102496,79.50101253841142,0.0022822173864511797,0.0022822173864511797
FE-JD5-21,exact_or_related,adjacent,75.1030036830785,75.10469587395914,0.001692190880646649,0.001692190880646649
FE-JD5-22,exact_or_related,adjacent,82.45198136281998,82.45367355370063,0.001692190880646649,0.001692190880646649
FE-JD5-23,divergent,exact_or_related,53.29806314224316,53.29408873397607,-0.003974408267090723,0.003974408267090723
FE-JD5-24,adjacent,divergent,57.00867466143135,57.010956878817794,0.0022822173864440742,0.0022822173864440742
FE-JD5-25,adjacent,divergent,62.056423909414,62.05870612680045,0.0022822173864511797,0.0022822173864511797
FE-JD5-26,adjacent,divergent,83.15297329592866,83.1552555133151,0.002282217386436969,0.002282217386436969
FE-JD5-27,exact_or_related,adjacent,71.30368712668962,71.30537931757027,0.001692190880646649,0.001692190880646649
FE-JD5-28,exact_or_related,adjacent,80.60418385873226,80.6058760496129,0.001692190880646649,0.001692190880646649
FE-JD5-29,exact_or_related,adjacent,66.40596830067123,66.40766049155188,0.001692190880646649,0.001692190880646649
FE-JD5-30,divergent,exact_or_related,65.71028655968745,65.70631215142035,-0.003974408267097829,0.003974408267097829
FE-JD5-31,exact_or_related,adjacent,68.0518477349289,68.05353992580955,0.001692190880646649,0.001692190880646649
FE-JD5-32,exact_or_related,adjacent,65.60469983716031,65.60639202804094,0.0016921908806324382,0.0016921908806324382
FE-JD5-33,exact_or_related,adjacent,75.5007143546686,75.50240654554925,0.001692190880646649,0.001692190880646649
FE-JD5-34,adjacent,divergent,77.05003016902532,77.05231238641177,0.0022822173864511797,0.0022822173864511797
FE-JD5-35,adjacent,divergent,75.05379198511001,75.05607420249646,0.0022822173864511797,0.0022822173864511797
FE-JD5-36,exact_or_related,adjacent,68.90067448167207,68.90236667255272,0.001692190880646649,0.001692190880646649
FE-JD5-37,exact_or_related,adjacent,63.453873611938285,63.45556580281893,0.001692190880646649,0.001692190880646649
FE-JD5-38,adjacent,divergent,75.09979598347604,75.10207820086248,0.002282217386436969,0.002282217386436969
FE-JD5-39,exact_or_related,adjacent,86.94965518967744,86.95134738055809,0.001692190880646649,0.001692190880646649
FE-JD5-40,exact_or_related,adjacent,85.0986145547468,85.10030674562744,0.0016921908806324382,0.0016921908806324382
FE-JD5-41,exact_or_related,adjacent,79.94964206694588,79.95133425782653,0.001692190880646649,0.001692190880646649
FE-JD5-42,exact_or_related,adjacent,76.1489180333933,76.15061022427395,0.001692190880646649,0.001692190880646649
FE-JD5-43,exact_or_related,adjacent,65.09047583356428,65.09216802444493,0.001692190880646649,0.001692190880646649
FE-JD5-44,exact_or_related,adjacent,78.94781906330303,78.94951125418368,0.001692190880646649,0.001692190880646649
FE-JD5-45,exact_or_related,adjacent,73.34742802099557,73.34912021187621,0.001692190880646649,0.001692190880646649
FE-JD5-46,exact_or_related,adjacent,67.00312250319217,67.00481469407282,0.001692190880646649,0.001692190880646649
FE-JD5-47,exact_or_related,adjacent,85.94940606137367,85.95109825225431,0.001692190880646649,0.001692190880646649
FE-JD5-48,exact_or_related,adjacent,71.34995693006869,71.35164912094933,0.001692190880646649,0.001692190880646649
FE-JD5-49,divergent,exact_or_related,86.1508784030585,86.1469039947914,-0.003974408267097829,0.003974408267097829
FE-JD5-50,exact_or_related,adjacent,59.35741845510993,59.359110645990576,0.001692190880646649,0.001692190880646649
FE-JD5-51,exact_or_related,adjacent,75.90527965988139,75.90697185076203,0.001692190880646649,0.001692190880646649
FE-JD5-52,adjacent,divergent,80.352084024161,80.35436624154745,0.0022822173864511797,0.0022822173864511797
FE-JD5-53,exact_or_related,adjacent,67.50183242263292,67.50352461351355,0.0016921908806324382,0.0016921908806324382
FE-JD5-54,exact_or_related,adjacent,72.50606526349726,72.50775745437791,0.001692190880646649,0.001692190880646649
FE-JD5-55,exact_or_related,adjacent,80.14729241267435,80.148984603555,0.001692190880646649,0.001692190880646649
FE-JD5-56,exact_or_related,adjacent,74.0996284252046,74.10132061608525,0.001692190880646649,0.001692190880646649
FE-JD5-57,exact_or_related,adjacent,63.704672934010624,63.70636512489127,0.001692190880646649,0.001692190880646649
FE-JD5-58,exact_or_related,adjacent,74.3500244532348,74.35171664411544,0.001692190880646649,0.001692190880646649
FE-JD5-59,exact_or_related,adjacent,83.40223222507855,83.4039244159592,0.001692190880646649,0.001692190880646649
FE-JD5-60,exact_or_related,adjacent,57.15546349411951,57.157155685000156,0.001692190880646649,0.001692190880646649
FE-JD5-61,exact_or_related,adjacent,64.10620172191456,64.10789391279519,0.0016921908806324382,0.0016921908806324382
FE-JD5-62,adjacent,divergent,79.99962797118188,80.00191018856832,0.002282217386436969,0.002282217386436969
FE-JD5-63,exact_or_related,adjacent,71.7022546631312,71.70394685401185,0.001692190880646649,0.001692190880646649
FE-JD5-64,exact_or_related,adjacent,73.55840444706669,73.56009663794734,0.001692190880646649,0.001692190880646649
FE-JD5-65,exact_or_related,adjacent,76.40701797213968,76.40871016302033,0.001692190880646649,0.001692190880646649
FE-JD5-66,exact_or_related,adjacent,80.5990660746685,80.60075826554915,0.001692190880646649,0.001692190880646649
FE-JD5-67,adjacent,divergent,85.90067200922162,85.90295422660806,0.002282217386436969,0.002282217386436969
FE-JD5-68,exact_or_related,adjacent,53.70809180478854,53.70978399566918,0.0016921908806395436,0.0016921908806395436
FE-JD5-69,exact_or_related,adjacent,60.491179201367814,60.49287139224846,0.001692190880646649,0.001692190880646649
FE-JD5-70,exact_or_related,adjacent,68.2065429053128,68.20823509619345,0.001692190880646649,0.001692190880646649
FE-JD5-71,adjacent,divergent,68.70488636980286,68.70716858718932,0.0022822173864511797,0.0022822173864511797
FE-JD5-72,exact_or_related,adjacent,62.00461266670976,62.0063048575904,0.0016921908806395436,0.0016921908806395436
FE-JD5-73,exact_or_related,adjacent,65.85204148504624,65.85373367592689,0.001692190880646649,0.001692190880646649
FE-JD5-74,adjacent,divergent,61.50742327131852,61.50970548870497,0.0022822173864440742,0.0022822173864440742
FE-JD5-75,exact_or_related,adjacent,78.10508471401378,78.10677690489443,0.001692190880646649,0.001692190880646649
FE-JD5-76,exact_or_related,adjacent,66.80488446402845,66.8065766549091,0.001692190880646649,0.001692190880646649
FE-JD5-77,exact_or_related,adjacent,81.80058693984205,81.8022791307227,0.001692190880646649,0.001692190880646649
FE-JD5-78,divergent,exact_or_related,77.00220800563551,76.99823359736841,-0.003974408267097829,0.003974408267097829
FE-JD5-79,exact_or_related,adjacent,79.15459518955866,79.15628738043931,0.001692190880646649,0.001692190880646649
FE-JD5-80,exact_or_related,adjacent,70.00196547600554,70.00365766688618,0.001692190880646649,0.001692190880646649
FE-JD5-81,exact_or_related,adjacent,81.25209720926773,81.25378940014836,0.0016921908806324382,0.0016921908806324382
FE-JD5-82,exact_or_related,adjacent,72.00716706769269,72.00885925857334,0.001692190880646649,0.001692190880646649
FE-JD5-83,adjacent,divergent,74.45467632671,74.45695854409644,0.002282217386436969,0.002282217386436969
FE-JD5-84,adjacent,divergent,73.25030400420579,73.25258622159222,0.002282217386436969,0.002282217386436969
FE-JD5-85,adjacent,divergent,66.70705192179243,66.70933413917888,0.0022822173864511797,0.0022822173864511797
FE-JD5-86,exact_or_related,adjacent,72.58583384098418,72.58752603186481,0.0016921908806324382,0.0016921908806324382
FE-JD5-87,divergent,exact_or_related,76.65527550441284,76.65130109614576,-0.003974408267083618,0.003974408267083618
FE-JD5-88,exact_or_related,adjacent,60.990657755083994,60.99234994596464,0.001692190880646649,0.001692190880646649
FE-JD5-89,exact_or_related,adjacent,76.64855827342924,76.65025046430989,0.001692190880646649,0.001692190880646649
FE-JD5-90,exact_or_related,adjacent,61.658870027470215,61.660562218350854,0.0016921908806395436,0.0016921908806395436
FE-JD5-91,exact_or_related,adjacent,81.45173291969891,81.45342511057954,0.0016921908806324382,0.0016921908806324382
FE-JD5-92,exact_or_related,adjacent,75.30724245063395,75.3089346415146,0.001692190880646649,0.001692190880646649
FE-JD5-93,exact_or_related,adjacent,73.7542800369128,73.75597222779345,0.001692190880646649,0.001692190880646649
FE-JD5-94,exact_or_related,adjacent,60.70609011693773,60.70778230781837,0.0016921908806395436,0.0016921908806395436
FE-JD5-95,divergent,exact_or_related,72.45252667865003,72.44855227038295,-0.003974408267083618,0.003974408267083618
FE-JD5-96,adjacent,divergent,81.8540679237048,81.85635014109126,0.0022822173864511797,0.0022822173864511797
FE-JD5-97,adjacent,divergent,85.69949280800085,85.7017750253873,0.0022822173864511797,0.0022822173864511797
FE-JD5-98,exact_or_related,adjacent,71.50476406523714,71.50645625611779,0.001692190880646649,0.001692190880646649
FE-JD5-99,adjacent,divergent,56.896072259788355,56.898354477174806,0.0022822173864511797,0.0022822173864511797
FE-JD5-100,exact_or_related,adjacent,65.55355907861018,65.55525126949082,0.001692190880646649,0.001692190880646649
RD-JD6-01,divergent,exact_or_related,55.895721984947706,55.89174757668061,-0.003974408267097829,0.003974408267097829
RD-JD6-02,adjacent,divergent,71.90303380815084,71.90531602553727,0.002282217386436969,0.002282217386436969
RD-JD6-03,divergent,exact_or_related,68.15887881980804,68.15490441154094,-0.003974408267097829,0.003974408267097829
RD-JD6-04,exact_or_related,adjacent,78.24653751871018,78.24822970959083,0.001692190880646649,0.001692190880646649
RD-JD6-05,divergent,exact_or_related,59.45967251215209,59.455698103885,-0.003974408267090723,0.003974408267090723
RD-JD6-06,exact_or_related,adjacent,79.69607618794849,79.69776837882914,0.001692190880646649,0.001692190880646649
RD-JD6-07,divergent,exact_or_related,66.31050039094161,66.30652598267451,-0.003974408267097829,0.003974408267097829
RD-JD6-08,exact_or_related,adjacent,75.15504090748621,75.15673309836686,0.001692190880646649,0.001692190880646649
RD-JD6-09,adjacent,divergent,62.50711856092462,62.50940077831106,0.0022822173864440742,0.0022822173864440742
RD-JD6-10,adjacent,divergent,73.30147817775605,73.3037603951425,0.0022822173864511797,0.0022822173864511797
RD-JD6-11,adjacent,divergent,75.15715993068277,75.15944214806922,0.0022822173864511797,0.0022822173864511797
RD-JD6-12,exact_or_related,adjacent,80.80265128690192,80.80434347778257,0.001692190880646649,0.001692190880646649
RD-JD6-13,exact_or_related,adjacent,77.44719291938769,77.44888511026834,0.001692190880646649,0.001692190880646649
RD-JD6-14,exact_or_related,adjacent,67.25443199005059,67.25612418093124,0.001692190880646649,0.001692190880646649
RD-JD6-15,exact_or_related,adjacent,72.80567650573705,72.8073686966177,0.001692190880646649,0.001692190880646649
RD-JD6-16,exact_or_related,adjacent,83.69966620636147,83.70135839724212,0.001692190880646649,0.001692190880646649
RD-JD6-17,divergent,exact_or_related,65.0068192228638,65.00284481459671,-0.003974408267083618,0.003974408267083618
RD-JD6-18,exact_or_related,adjacent,74.80037260061475,74.8020647914954,0.001692190880646649,0.001692190880646649
RD-JD6-19,divergent,exact_or_related,77.50432720186028,77.50035279359318,-0.003974408267097829,0.003974408267097829
RD-JD6-20,adjacent,divergent,68.1048106865947,68.10709290398115,0.0022822173864511797,0.0022822173864511797
RD-JD6-21,divergent,exact_or_related,70.35448739354325,70.35051298527615,-0.003974408267097829,0.003974408267097829
RD-JD6-22,adjacent,divergent,81.30275760959724,81.30503982698369,0.0022822173864511797,0.0022822173864511797
RD-JD6-23,adjacent,divergent,72.50325100580815,72.5055332231946,0.0022822173864511797,0.0022822173864511797
RD-JD6-24,exact_or_related,adjacent,68.14979526253609,68.15148745341672,0.0016921908806324382,0.0016921908806324382
RD-JD6-25,exact_or_related,adjacent,78.1484083437605,78.15010053464113,0.0016921908806324382,0.0016921908806324382
RD-JD6-26,exact_or_related,adjacent,78.69829691643963,78.69998910732028,0.001692190880646649,0.001692190880646649
RD-JD6-27,exact_or_related,adjacent,75.75317144135033,75.75486363223098,0.001692190880646649,0.001692190880646649
RD-JD6-28,exact_or_related,adjacent,70.50102005324136,70.50271224412201,0.001692190880646649,0.001692190880646649
RD-JD6-29,exact_or_related,adjacent,57.291524029220454,57.293216220101094,0.0016921908806395436,0.0016921908806395436
RD-JD6-30,exact_or_related,adjacent,72.84924120647278,72.85093339735342,0.0016921908806324382,0.0016921908806324382
RD-JD6-31,exact_or_related,adjacent,68.0020695263282,68.00376171720885,0.001692190880646649,0.001692190880646649
RD-JD6-32,exact_or_related,adjacent,64.98919753757104,64.99088972845168,0.0016921908806324382,0.0016921908806324382
RD-JD6-33,exact_or_related,adjacent,72.11025491782188,72.11194710870252,0.001692190880646649,0.001692190880646649
RD-JD6-34,exact_or_related,adjacent,60.50716545183588,60.50885764271653,0.001692190880646649,0.001692190880646649
RD-JD6-35,exact_or_related,adjacent,74.45065092154351,74.45234311242416,0.001692190880646649,0.001692190880646649
RD-JD6-36,adjacent,divergent,68.05757612648509,68.05985834387153,0.002282217386436969,0.002282217386436969
RD-JD6-37,exact_or_related,adjacent,82.49959588954584,82.50128808042649,0.001692190880646649,0.001692190880646649
RD-JD6-38,exact_or_related,adjacent,81.40548695431329,81.40717914519394,0.001692190880646649,0.001692190880646649
RD-JD6-39,exact_or_related,adjacent,75.39924253372253,75.40093472460318,0.001692190880646649,0.001692190880646649
RD-JD6-40,exact_or_related,adjacent,64.45425766190263,64.45594985278328,0.001692190880646649,0.001692190880646649
RD-JD6-41,adjacent,divergent,71.30704903740912,71.30933125479557,0.0022822173864511797,0.0022822173864511797
RD-JD6-42,exact_or_related,adjacent,86.30100226528322,86.30269445616385,0.0016921908806324382,0.0016921908806324382
RD-JD6-43,exact_or_related,adjacent,73.75226603989569,73.75395823077633,0.001692190880646649,0.001692190880646649
RD-JD6-44,divergent,exact_or_related,61.50947136777664,61.50549695950955,-0.003974408267090723,0.003974408267090723
RD-JD6-45,exact_or_related,adjacent,66.05448148411077,66.05617367499141,0.001692190880646649,0.001692190880646649
RD-JD6-46,exact_or_related,adjacent,70.80283420781223,70.80452639869287,0.001692190880646649,0.001692190880646649
RD-JD6-47,exact_or_related,adjacent,79.75341211719338,79.75510430807402,0.001692190880646649,0.001692190880646649
RD-JD6-48,exact_or_related,adjacent,78.29704625932813,78.29873845020877,0.001692190880646649,0.001692190880646649
RD-JD6-49,exact_or_related,adjacent,63.10488745513997,63.10657964602062,0.001692190880646649,0.001692190880646649
RD-JD6-50,divergent,exact_or_related,64.55925046875579,64.55527606048871,-0.003974408267083618,0.003974408267083618
RD-JD6-51,divergent,exact_or_related,65.91044703512186,65.90647262685478,-0.003974408267083618,0.003974408267083618
RD-JD6-52,exact_or_related,adjacent,82.09958053219934,82.10127272307999,0.001692190880646649,0.001692190880646649
RD-JD6-53,exact_or_related,adjacent,73.05086519499463,73.05255738587528,0.001692190880646649,0.001692190880646649
RD-JD6-54,adjacent,divergent,82.55192878308448,82.55421100047091,0.002282217386436969,0.002282217386436969
RD-JD6-55,divergent,exact_or_related,79.05979778548236,79.05582337721528,-0.003974408267083618,0.003974408267083618
RD-JD6-56,exact_or_related,adjacent,72.00170182629779,72.00339401717844,0.001692190880646649,0.001692190880646649
RD-JD6-57,divergent,exact_or_related,75.1041939037527,75.10021949548562,-0.003974408267083618,0.003974408267083618
RD-JD6-58,exact_or_related,adjacent,82.05148487978444,82.05317707066507,0.0016921908806324382,0.0016921908806324382
RD-JD6-59,exact_or_related,adjacent,80.94664098111734,80.94833317199799,0.001692190880646649,0.001692190880646649
RD-JD6-60,divergent,exact_or_related,85.45424619310285,85.45027178483575,-0.003974408267097829,0.003974408267097829
RD-JD6-61,adjacent,divergent,67.60504920776518,67.60733142515161,0.002282217386436969,0.002282217386436969
RD-JD6-62,exact_or_related,adjacent,69.75762764020858,69.75931983108921,0.0016921908806324382,0.0016921908806324382
RD-JD6-63,adjacent,divergent,70.45847426436268,70.46075648174913,0.0022822173864511797,0.0022822173864511797
RD-JD6-64,adjacent,divergent,83.35254271152466,83.35482492891111,0.0022822173864511797,0.0022822173864511797
RD-JD6-65,exact_or_related,adjacent,76.20231752935037,76.204009720231,0.0016921908806324382,0.0016921908806324382
RD-JD6-66,exact_or_related,adjacent,63.50429657103313,63.50598876191378,0.001692190880646649,0.001692190880646649
RD-JD6-67,exact_or_related,adjacent,86.04966109434007,86.05135328522071,0.001692190880646649,0.001692190880646649
RD-JD6-68,exact_or_related,adjacent,70.1490504308398,70.15074262172044,0.001692190880646649,0.001692190880646649
RD-JD6-69,exact_or_related,adjacent,74.60213415466842,74.60382634554907,0.001692190880646649,0.001692190880646649
RD-JD6-70,adjacent,divergent,80.95457469782482,80.95685691521126,0.002282217386436969,0.002282217386436969
RD-JD6-71,exact_or_related,adjacent,67.69925690030692,67.70094909118757,0.001692190880646649,0.001692190880646649
RD-JD6-72,exact_or_related,adjacent,62.35520125354239,62.35689344442304,0.001692190880646649,0.001692190880646649
RD-JD6-73,exact_or_related,adjacent,81.20009143677723,81.20178362765786,0.0016921908806324382,0.0016921908806324382
RD-JD6-74,divergent,exact_or_related,80.15833209961721,80.15435769135011,-0.003974408267097829,0.003974408267097829
RD-JD6-75,exact_or_related,adjacent,58.3045864227895,58.30627861367014,0.0016921908806395436,0.0016921908806395436
RD-JD6-76,exact_or_related,adjacent,58.193869572228934,58.19556176310957,0.0016921908806395436,0.0016921908806395436
RD-JD6-77,divergent,exact_or_related,72.85677516941449,72.85280076114739,-0.003974408267097829,0.003974408267097829
RD-JD6-78,adjacent,divergent,65.90459915952015,65.90688137690661,0.0022822173864653905,0.0022822173864653905
RD-JD6-79,exact_or_related,adjacent,62.30404083368924,62.30573302456989,0.001692190880646649,0.001692190880646649
RD-JD6-80,adjacent,divergent,62.505747247533755,62.5080294649202,0.0022822173864440742,0.0022822173864440742
RD-JD6-81,exact_or_related,adjacent,70.09857520900698,70.10026739988761,0.0016921908806324382,0.0016921908806324382
RD-JD6-82,divergent,exact_or_related,79.10360532592351,79.09963091765643,-0.003974408267083618,0.003974408267083618
RD-JD6-83,exact_or_related,adjacent,74.10565791429327,74.10735010517391,0.0016921908806324382,0.0016921908806324382
RD-JD6-84,exact_or_related,adjacent,72.75486176481415,72.7565539556948,0.001692190880646649,0.001692190880646649
RD-JD6-85,exact_or_related,adjacent,69.45437323242396,69.45606542330461,0.001692190880646649,0.001692190880646649
RD-JD6-86,exact_or_related,adjacent,72.5509998497061,72.55269204058675,0.001692190880646649,0.001692190880646649
RD-JD6-87,adjacent,divergent,76.05907324433701,76.06135546172345,0.002282217386436969,0.002282217386436969
RD-JD6-88,exact_or_related,adjacent,66.05583160449586,66.05752379537651,0.001692190880646649,0.001692190880646649
RD-JD6-89,divergent,exact_or_related,68.85304534287022,68.84907093460313,-0.003974408267083618,0.003974408267083618
RD-JD6-90,adjacent,divergent,64.95608588955558,64.95836810694203,0.0022822173864511797,0.0022822173864511797
RD-JD6-91,exact_or_related,adjacent,70.05763967995213,70.05933187083276,0.0016921908806324382,0.0016921908806324382
RD-JD6-92,exact_or_related,adjacent,75.09932962241659,75.10102181329722,0.0016921908806324382,0.0016921908806324382
RD-JD6-93,exact_or_related,adjacent,68.30319114735507,68.30488333823571,0.001692190880646649,0.001692190880646649
RD-JD6-94,adjacent,divergent,82.30320000452055,82.30548222190698,0.002282217386436969,0.002282217386436969
RD-JD6-95,exact_or_related,adjacent,67.80290575004234,67.80459794092299,0.001692190880646649,0.001692190880646649
RD-JD6-96,exact_or_related,adjacent,78.15357719481192,78.15526938569256,0.001692190880646649,0.001692190880646649
RD-JD6-97,adjacent,divergent,74.40845906446896,74.4107412818554,0.002282217386436969,0.002282217386436969
RD-JD6-98,exact_or_related,adjacent,71.55183143820372,71.55352362908437,0.001692190880646649,0.001692190880646649
RD-JD6-99,divergent,exact_or_related,82.30779291905424,82.30381851078715,-0.003974408267083618,0.003974408267083618
RD-JD6-100,exact_or_related,adjacent,72.59935631687836,72.601048507759,0.001692190880646649,0.001692190880646649
UID-JD7-01,adjacent,divergent,64.30734850777108,64.30963072515755,0.0022822173864653905,0.0022822173864653905
UID-JD7-02,exact_or_related,adjacent,73.05645555215382,73.05814774303447,0.001692190880646649,0.001692190880646649
UID-JD7-03,exact_or_related,adjacent,73.00422877191382,73.00592096279446,0.001692190880646649,0.001692190880646649
UID-JD7-04,adjacent,divergent,63.95706785972876,63.959350077115204,0.0022822173864440742,0.0022822173864440742
UID-JD7-05,exact_or_related,adjacent,64.75190103008984,64.75359322097049,0.001692190880646649,0.001692190880646649
UID-JD7-06,adjacent,divergent,76.79993612469411,76.80221834208056,0.0022822173864511797,0.0022822173864511797
UID-JD7-07,exact_or_related,adjacent,72.05057986668527,72.05227205756592,0.001692190880646649,0.001692190880646649
UID-JD7-08,exact_or_related,adjacent,71.55835761678138,71.56004980766203,0.001692190880646649,0.001692190880646649
UID-JD7-09,exact_or_related,adjacent,83.24717354916177,83.24886574004242,0.001692190880646649,0.001692190880646649
UID-JD7-10,adjacent,divergent,78.75210837629807,78.75439059368452,0.0022822173864511797,0.0022822173864511797
UID-JD7-11,exact_or_related,adjacent,66.4045412543543,66.40623344523495,0.001692190880646649,0.001692190880646649
UID-JD7-12,exact_or_related,adjacent,76.09863801666538,76.10033020754602,0.001692190880646649,0.001692190880646649
UID-JD7-13,exact_or_related,adjacent,65.85681932317053,65.85851151405116,0.0016921908806324382,0.0016921908806324382
UID-JD7-14,divergent,exact_or_related,82.75594501529196,82.75197060702486,-0.003974408267097829,0.003974408267097829
UID-JD7-15,exact_or_related,adjacent,59.307051831658534,59.30874402253918,0.001692190880646649,0.001692190880646649
UID-JD7-16,exact_or_related,adjacent,65.53741318409266,65.5391053749733,0.001692190880646649,0.001692190880646649
UID-JD7-17,adjacent,divergent,79.49810961937216,79.50039183675861,0.0022822173864511797,0.0022822173864511797
UID-JD7-18,exact_or_related,adjacent,80.05258155635018,80.05427374723082,0.001692190880646649,0.001692190880646649
UID-JD7-19,exact_or_related,adjacent,86.39969764094269,86.40138983182334,0.001692190880646649,0.001692190880646649
UID-JD7-20,exact_or_related,adjacent,86.30111749268593,86.30280968356658,0.001692190880646649,0.001692190880646649
UID-JD7-21,exact_or_related,adjacent,65.43789344123168,65.43958563211233,0.001692190880646649,0.001692190880646649
UID-JD7-22,exact_or_related,adjacent,83.65312208676217,83.65481427764281,0.001692190880646649,0.001692190880646649
UID-JD7-23,divergent,exact_or_related,72.45439011937648,72.4504157111094,-0.003974408267083618,0.003974408267083618
UID-JD7-24,exact_or_related,adjacent,62.40561035515513,62.40730254603578,0.001692190880646649,0.001692190880646649
UID-JD7-25,adjacent,divergent,70.65172869838814,70.65401091577459,0.0022822173864511797,0.0022822173864511797
UID-JD7-26,exact_or_related,adjacent,64.00230896667419,64.00400115755482,0.0016921908806324382,0.0016921908806324382
UID-JD7-27,exact_or_related,adjacent,78.95215241712387,78.95384460800452,0.001692190880646649,0.001692190880646649
UID-JD7-28,exact_or_related,adjacent,64.60428115512586,64.60597334600651,0.001692190880646649,0.001692190880646649
UID-JD7-29,exact_or_related,adjacent,69.30439447048026,69.3060866613609,0.0016921908806324382,0.0016921908806324382
UID-JD7-30,exact_or_related,adjacent,84.54835202684224,84.55004421772288,0.001692190880646649,0.001692190880646649
UID-JD7-31,adjacent,divergent,65.85277727585517,65.85505949324163,0.0022822173864511797,0.0022822173864511797
UID-JD7-32,exact_or_related,adjacent,60.89252806956672,60.89422026044736,0.0016921908806395436,0.0016921908806395436
UID-JD7-33,exact_or_related,adjacent,77.04849915389684,77.05019134477749,0.001692190880646649,0.001692190880646649
UID-JD7-34,exact_or_related,adjacent,78.49854401880071,78.50023620968135,0.0016921908806324382,0.0016921908806324382
UID-JD7-35,exact_or_related,adjacent,74.75787188883211,74.75956407971276,0.001692190880646649,0.001692190880646649
UID-JD7-36,exact_or_related,adjacent,70.30688789731114,70.30858008819179,0.001692190880646649,0.001692190880646649
UID-JD7-37,exact_or_related,adjacent,64.65457737460386,64.65626956548451,0.001692190880646649,0.001692190880646649
UID-JD7-38,exact_or_related,adjacent,76.85671739990498,76.85840959078563,0.001692190880646649,0.001692190880646649
UID-JD7-39,exact_or_related,adjacent,67.65228029911911,67.65397248999976,0.001692190880646649,0.001692190880646649
UID-JD7-40,exact_or_related,adjacent,79.29955639947669,79.30124859035733,0.001692190880646649,0.001692190880646649
UID-JD7-41,adjacent,divergent,88.19933819823873,88.20162041562519,0.0022822173864511797,0.0022822173864511797
UID-JD7-42,adjacent,divergent,64.55391235115752,64.55619456854397,0.0022822173864511797,0.0022822173864511797
UID-JD7-43,divergent,exact_or_related,80.8048635173003,80.8008891090332,-0.003974408267097829,0.003974408267097829
UID-JD7-44,exact_or_related,adjacent,78.40050021859147,78.40219240947212,0.001692190880646649,0.001692190880646649
UID-JD7-45,exact_or_related,adjacent,71.3995731526299,71.40126534351054,0.001692190880646649,0.001692190880646649
UID-JD7-46,exact_or_related,adjacent,62.00377699486405,62.005469185744694,0.001692190880646649,0.001692190880646649
UID-JD7-47,exact_or_related,adjacent,66.30104624484738,66.30273843572803,0.001692190880646649,0.001692190880646649
UID-JD7-48,exact_or_related,adjacent,70.19894294949302,70.20063514037366,0.001692190880646649,0.001692190880646649
UID-JD7-49,exact_or_related,adjacent,67.40394979817587,67.4056419890565,0.0016921908806324382,0.0016921908806324382
UID-JD7-50,exact_or_related,adjacent,75.95075396054088,75.95244615142151,0.0016921908806324382,0.0016921908806324382
UID-JD7-51,adjacent,divergent,70.36032084463689,70.36260306202333,0.002282217386436969,0.002282217386436969
UID-JD7-52,adjacent,divergent,70.85718086620047,70.85946308358692,0.0022822173864511797,0.0022822173864511797
UID-JD7-53,exact_or_related,adjacent,51.495045386494546,51.49673757737519,0.001692190880646649,0.001692190880646649
UID-JD7-54,exact_or_related,adjacent,83.40068241990046,83.4023746107811,0.0016921908806324382,0.0016921908806324382
UID-JD7-55,adjacent,divergent,74.56060446790801,74.56288668529446,0.0022822173864511797,0.0022822173864511797
UID-JD7-56,exact_or_related,adjacent,87.64903783627335,87.650730027154,0.001692190880646649,0.001692190880646649
UID-JD7-57,exact_or_related,adjacent,67.0554545516432,67.05714674252384,0.001692190880646649,0.001692190880646649
UID-JD7-58,exact_or_related,adjacent,66.45300021636731,66.45469240724796,0.001692190880646649,0.001692190880646649
UID-JD7-59,adjacent,divergent,84.95057524067872,84.95285745806515,0.002282217386436969,0.002282217386436969
UID-JD7-60,adjacent,divergent,77.9995939772435,78.00187619462994,0.002282217386436969,0.002282217386436969
UID-JD7-61,adjacent,divergent,66.10811882808513,66.11040104547156,0.002282217386436969,0.002282217386436969
UID-JD7-62,exact_or_related,adjacent,62.05828698945463,62.059979180335276,0.001692190880646649,0.001692190880646649
UID-JD7-63,adjacent,divergent,65.23857573113506,65.24085794852151,0.0022822173864511797,0.0022822173864511797
UID-JD7-64,adjacent,divergent,78.84989777992338,78.85217999730983,0.0022822173864511797,0.0022822173864511797
UID-JD7-65,adjacent,divergent,65.10675820617845,65.1090404235649,0.0022822173864511797,0.0022822173864511797
UID-JD7-66,adjacent,divergent,57.406675382810604,57.408957600197056,0.0022822173864511797,0.0022822173864511797
UID-JD7-67,exact_or_related,adjacent,68.45368731745869,68.45537950833933,0.001692190880646649,0.001692190880646649
UID-JD7-68,exact_or_related,adjacent,80.25374427642078,80.25543646730142,0.001692190880646649,0.001692190880646649
UID-JD7-69,exact_or_related,adjacent,78.90015971314783,78.90185190402846,0.0016921908806324382,0.0016921908806324382
UID-JD7-70,divergent,exact_or_related,67.35655126544988,67.35257685718278,-0.003974408267097829,0.003974408267097829
UID-JD7-71,adjacent,divergent,74.05186883189438,74.05415104928083,0.0022822173864511797,0.0022822173864511797
UID-JD7-72,exact_or_related,adjacent,72.60901302709509,72.61070521797573,0.001692190880646649,0.001692190880646649
UID-JD7-73,exact_or_related,adjacent,64.00259494355785,64.0042871344385,0.001692190880646649,0.001692190880646649
UID-JD7-74,exact_or_related,adjacent,73.10578767391821,73.10747986479885,0.0016921908806324382,0.0016921908806324382
UID-JD7-75,divergent,exact_or_related,76.35196259033191,76.34798818206482,-0.003974408267083618,0.003974408267083618
UID-JD7-76,divergent,exact_or_related,60.70953122892764,60.70555682066054,-0.003974408267097829,0.003974408267097829
UID-JD7-77,exact_or_related,adjacent,78.24733417094748,78.24902636182811,0.0016921908806324382,0.0016921908806324382
UID-JD7-78,exact_or_related,adjacent,77.6483112228116,77.65000341369225,0.001692190880646649,0.001692190880646649
UID-JD7-79,exact_or_related,adjacent,62.754626572185636,62.75631876306628,0.001692190880646649,0.001692190880646649
UID-JD7-80,adjacent,divergent,83.45578406592989,83.45806628331634,0.0022822173864511797,0.0022822173864511797
UID-JD7-81,adjacent,divergent,59.55818527435021,59.56046749173665,0.0022822173864440742,0.0022822173864440742
UID-JD7-82,adjacent,divergent,77.15755572383617,77.15983794122263,0.0022822173864653905,0.0022822173864653905
UID-JD7-83,divergent,exact_or_related,79.55506042966586,79.55108602139877,-0.003974408267083618,0.003974408267083618
UID-JD7-84,adjacent,divergent,84.8027480094456,84.80503022683205,0.0022822173864511797,0.0022822173864511797
UID-JD7-85,divergent,exact_or_related,68.00685536166489,68.0028809533978,-0.003974408267083618,0.003974408267083618
UID-JD7-86,adjacent,divergent,62.69268996791047,62.694972185296926,0.002282217386458285,0.002282217386458285
UID-JD7-87,exact_or_related,adjacent,75.89882418499685,75.90051637587749,0.0016921908806324382,0.0016921908806324382
UID-JD7-88,exact_or_related,adjacent,61.45580504299952,61.45749723388017,0.001692190880646649,0.001692190880646649
UID-JD7-89,adjacent,divergent,69.25352537845228,69.25580759583872,0.002282217386436969,0.002282217386436969
UID-JD7-90,exact_or_related,adjacent,85.2482046690981,85.24989685997875,0.001692190880646649,0.001692190880646649
UID-JD7-91,adjacent,divergent,70.20283926977467,70.20512148716111,0.002282217386436969,0.002282217386436969
UID-JD7-92,exact_or_related,adjacent,87.49899508852971,87.50068727941036,0.001692190880646649,0.001692190880646649
UID-JD7-93,adjacent,divergent,52.8613205022246,52.86360271961105,0.0022822173864511797,0.0022822173864511797
UID-JD7-94,exact_or_related,adjacent,77.0982816462509,77.09997383713154,0.001692190880646649,0.001692190880646649
UID-JD7-95,exact_or_related,adjacent,64.55307009638729,64.55476228726793,0.001692190880646649,0.001692190880646649
UID-JD7-96,exact_or_related,adjacent,68.10000095497027,68.1016931458509,0.0016921908806324382,0.0016921908806324382
UID-JD7-97,exact_or_related,adjacent,74.80319785008636,74.804890040967,0.0016921908806324382,0.0016921908806324382
UID-JD7-98,exact_or_related,adjacent,63.50429066342725,63.505982854307895,0.001692190880646649,0.001692190880646649
UID-JD7-99,exact_or_related,adjacent,64.05628353056744,64.05797572144809,0.001692190880646649,0.001692190880646649
UID-JD7-100,exact_or_related,adjacent,59.156273457857,59.157965648737644,0.001692190880646649,0.001692190880646649
BE-JD8-01,adjacent,divergent,76.45233451140437,76.45461672879082,0.0022822173864511797,0.0022822173864511797
BE-JD8-02,exact_or_related,adjacent,61.256535917938585,61.258228108819225,0.0016921908806395436,0.0016921908806395436
BE-JD8-03,exact_or_related,adjacent,61.90638955141414,61.90808174229478,0.001692190880646649,0.001692190880646649
BE-JD8-04,exact_or_related,adjacent,60.30597939132753,60.30767158220817,0.0016921908806395436,0.0016921908806395436
BE-JD8-05,exact_or_related,adjacent,76.8521685672249,76.85386075810554,0.001692190880646649,0.001692190880646649
BE-JD8-06,exact_or_related,adjacent,66.45295314172105,66.4546453326017,0.001692190880646649,0.001692190880646649
BE-JD8-07,exact_or_related,adjacent,57.59337597331793,57.59506816419858,0.001692190880646649,0.001692190880646649
BE-JD8-08,exact_or_related,adjacent,57.6082236034057,57.60991579428634,0.0016921908806395436,0.0016921908806395436
BE-JD8-09,adjacent,divergent,74.75140750252561,74.75368971991205,0.002282217386436969,0.002282217386436969
BE-JD8-10,divergent,exact_or_related,73.05564694441398,73.05167253614688,-0.003974408267097829,0.003974408267097829
BE-JD8-11,adjacent,divergent,67.35751092875779,67.35979314614424,0.0022822173864511797,0.0022822173864511797
BE-JD8-12,adjacent,divergent,67.2569067667398,67.25918898412625,0.0022822173864511797,0.0022822173864511797
BE-JD8-13,adjacent,divergent,66.55341426778986,66.55569648517631,0.0022822173864511797,0.0022822173864511797
BE-JD8-14,divergent,exact_or_related,75.1111529163032,75.1071785080361,-0.003974408267097829,0.003974408267097829
BE-JD8-15,divergent,exact_or_related,82.50840884938505,82.50443444111795,-0.003974408267097829,0.003974408267097829
BE-JD8-16,exact_or_related,adjacent,75.30123550190476,75.3029276927854,0.001692190880646649,0.001692190880646649
BE-JD8-17,exact_or_related,adjacent,77.6551154777834,77.65680766866404,0.001692190880646649,0.001692190880646649
BE-JD8-18,exact_or_related,adjacent,89.90079147935603,89.90248367023668,0.001692190880646649,0.001692190880646649
BE-JD8-19,exact_or_related,adjacent,74.40744872842639,74.40914091930702,0.0016921908806324382,0.0016921908806324382
BE-JD8-20,exact_or_related,adjacent,71.20224117627342,71.20393336715406,0.001692190880646649,0.001692190880646649
BE-JD8-21,adjacent,divergent,62.9580171116702,62.960299329056646,0.0022822173864440742,0.0022822173864440742
BE-JD8-22,exact_or_related,adjacent,85.15204827789256,85.15374046877321,0.001692190880646649,0.001692190880646649
BE-JD8-23,exact_or_related,adjacent,66.20499231224987,66.20668450313052,0.001692190880646649,0.001692190880646649
BE-JD8-24,exact_or_related,adjacent,76.84927098692968,76.85096317781033,0.001692190880646649,0.001692190880646649
BE-JD8-25,adjacent,divergent,79.00324262097556,79.005524838362,0.0022822173864511797,0.0022822173864511797
BE-JD8-26,adjacent,divergent,64.75842107061578,64.76070328800223,0.0022822173864511797,0.0022822173864511797
BE-JD8-27,adjacent,divergent,77.30088052375385,77.3031627411403,0.0022822173864511797,0.0022822173864511797
BE-JD8-28,exact_or_related,adjacent,69.86115433570144,69.86284652658209,0.001692190880646649,0.001692190880646649
BE-JD8-29,adjacent,divergent,71.86100281552929,71.86328503291574,0.0022822173864511797,0.0022822173864511797
BE-JD8-30,exact_or_related,adjacent,64.6546536731713,64.65634586405193,0.0016921908806324382,0.0016921908806324382
BE-JD8-31,exact_or_related,adjacent,70.30278628481913,70.30447847569978,0.001692190880646649,0.001692190880646649
BE-JD8-32,exact_or_related,adjacent,62.056015102969155,62.0577072938498,0.001692190880646649,0.001692190880646649
BE-JD8-33,exact_or_related,adjacent,83.75313082462431,83.75482301550495,0.001692190880646649,0.001692190880646649
BE-JD8-34,exact_or_related,adjacent,65.00561310106048,65.00730529194112,0.001692190880646649,0.001692190880646649
BE-JD8-35,exact_or_related,adjacent,61.85729419556579,61.85898638644644,0.001692190880646649,0.001692190880646649
BE-JD8-36,divergent,exact_or_related,83.75474255140628,83.75076814313918,-0.003974408267097829,0.003974408267097829
BE-JD8-37,exact_or_related,adjacent,64.65672556213218,64.65841775301283,0.001692190880646649,0.001692190880646649
BE-JD8-38,exact_or_related,adjacent,74.60146056291323,74.60315275379388,0.001692190880646649,0.001692190880646649
BE-JD8-39,exact_or_related,adjacent,66.65950256503734,66.66119475591799,0.001692190880646649,0.001692190880646649
BE-JD8-40,adjacent,divergent,71.20476211025871,71.20704432764515,0.002282217386436969,0.002282217386436969
BE-JD8-41,adjacent,divergent,73.55203308565713,73.55431530304358,0.0022822173864511797,0.0022822173864511797
BE-JD8-42,exact_or_related,adjacent,76.65002799574351,76.65172018662416,0.001692190880646649,0.001692190880646649
BE-JD8-43,exact_or_related,adjacent,83.30391718848644,83.30560937936708,0.001692190880646649,0.001692190880646649
BE-JD8-44,adjacent,divergent,83.6523301021849,83.65461231957136,0.0022822173864511797,0.0022822173864511797
BE-JD8-45,exact_or_related,adjacent,64.2070556840315,64.20874787491215,0.001692190880646649,0.001692190880646649
BE-JD8-46,exact_or_related,adjacent,63.308270298415046,63.30996248929569,0.001692190880646649,0.001692190880646649
BE-JD8-47,exact_or_related,adjacent,68.15683937142698,68.15853156230763,0.001692190880646649,0.001692190880646649
BE-JD8-48,exact_or_related,adjacent,73.10421262604973,73.10590481693038,0.001692190880646649,0.001692190880646649
BE-JD8-49,exact_or_related,adjacent,68.80817562406106,68.8098678149417,0.0016921908806324382,0.0016921908806324382
BE-JD8-50,divergent,exact_or_related,66.3064283281142,66.30245391984711,-0.003974408267083618,0.003974408267083618
BE-JD8-51,exact_or_related,adjacent,76.14902479897555,76.15071698985618,0.0016921908806324382,0.0016921908806324382
BE-JD8-52,adjacent,divergent,89.1015180514754,89.10380026886185,0.0022822173864511797,0.0022822173864511797
BE-JD8-53,adjacent,divergent,81.85119947655767,81.8534816939441,0.002282217386436969,0.002282217386436969
BE-JD8-54,exact_or_related,adjacent,69.90814234531841,69.90983453619906,0.001692190880646649,0.001692190880646649
BE-JD8-55,divergent,exact_or_related,70.60803227737085,70.60405786910376,-0.003974408267097829,0.003974408267097829
BE-JD8-56,adjacent,divergent,73.80226120512887,73.80454342251531,0.002282217386436969,0.002282217386436969
BE-JD8-57,adjacent,divergent,70.20756442864446,70.20984664603091,0.0022822173864511797,0.0022822173864511797
BE-JD8-58,exact_or_related,adjacent,67.60328335219417,67.60497554307481,0.001692190880646649,0.001692190880646649
BE-JD8-59,exact_or_related,adjacent,66.15500545947997,66.15669765036061,0.001692190880646649,0.001692190880646649
BE-JD8-60,adjacent,divergent,71.8624336201189,71.86471583750534,0.002282217386436969,0.002282217386436969
BE-JD8-61,exact_or_related,adjacent,76.05705635858524,76.05874854946589,0.001692190880646649,0.001692190880646649
BE-JD8-62,exact_or_related,adjacent,70.90811830691968,70.90981049780031,0.0016921908806324382,0.0016921908806324382
BE-JD8-63,exact_or_related,adjacent,71.30314170246908,71.30483389334972,0.001692190880646649,0.001692190880646649
BE-JD8-64,exact_or_related,adjacent,64.9054973081054,64.90718949898603,0.0016921908806324382,0.0016921908806324382
BE-JD8-65,divergent,exact_or_related,80.66026321731412,80.65628880904703,-0.003974408267097829,0.003974408267097829
BE-JD8-66,adjacent,divergent,71.10578310298355,71.10806532037,0.0022822173864511797,0.0022822173864511797
BE-JD8-67,adjacent,divergent,84.10075755584478,84.10303977323123,0.0022822173864511797,0.0022822173864511797
BE-JD8-68,adjacent,divergent,69.6582585591449,69.66054077653135,0.0022822173864511797,0.0022822173864511797
BE-JD8-69,exact_or_related,adjacent,76.3998245278305,76.40151671871115,0.001692190880646649,0.001692190880646649
BE-JD8-70,adjacent,divergent,62.156533075249,62.15881529263544,0.002282217386436969,0.002282217386436969
BE-JD8-71,exact_or_related,adjacent,61.55860263439293,61.56029482527358,0.001692190880646649,0.001692190880646649
BE-JD8-72,exact_or_related,adjacent,66.98945026187621,66.99114245275686,0.001692190880646649,0.001692190880646649
BE-JD8-73,adjacent,divergent,68.80639455235776,68.8086767697442,0.002282217386436969,0.002282217386436969
BE-JD8-74,exact_or_related,adjacent,74.65591195905768,74.65760414993832,0.001692190880646649,0.001692190880646649
BE-JD8-75,adjacent,divergent,77.55033298805928,77.55261520544572,0.002282217386436969,0.002282217386436969
BE-JD8-76,adjacent,divergent,67.3611439029434,67.36342612032983,0.002282217386436969,0.002282217386436969
BE-JD8-77,divergent,exact_or_related,63.14392844253403,63.139954034266935,-0.003974408267097829,0.003974408267097829
BE-JD8-78,exact_or_related,adjacent,76.24953716807958,76.25122935896023,0.001692190880646649,0.001692190880646649
BE-JD8-79,adjacent,divergent,77.156424802999,77.15870702038545,0.0022822173864511797,0.0022822173864511797
BE-JD8-80,exact_or_related,adjacent,77.2482152720337,77.24990746291435,0.001692190880646649,0.001692190880646649
BE-JD8-81,exact_or_related,adjacent,89.30231812239724,89.30401031327787,0.0016921908806324382,0.0016921908806324382
BE-JD8-82,exact_or_related,adjacent,71.25599048646475,71.2576826773454,0.001692190880646649,0.001692190880646649
BE-JD8-83,divergent,exact_or_related,78.95245624650289,78.94848183823581,-0.003974408267083618,0.003974408267083618
BE-JD8-84,exact_or_related,adjacent,76.5580870627475,76.55977925362815,0.001692190880646649,0.001692190880646649
BE-JD8-85,exact_or_related,adjacent,63.45806700623361,63.45975919711426,0.001692190880646649,0.001692190880646649
BE-JD8-86,exact_or_related,adjacent,72.8506438912168,72.85233608209745,0.001692190880646649,0.001692190880646649
BE-JD8-87,exact_or_related,adjacent,85.1983949034185,85.20008709429915,0.001692190880646649,0.001692190880646649
BE-JD8-88,exact_or_related,adjacent,64.64050804657134,64.64220023745199,0.001692190880646649,0.001692190880646649
BE-JD8-89,exact_or_related,adjacent,66.70366229473201,66.70535448561266,0.001692190880646649,0.001692190880646649
BE-JD8-90,exact_or_related,adjacent,67.0084323037269,67.01012449460755,0.001692190880646649,0.001692190880646649
BE-JD8-91,adjacent,divergent,68.65454521009869,68.65682742748514,0.0022822173864511797,0.0022822173864511797
BE-JD8-92,exact_or_related,adjacent,73.15677479007581,73.15846698095646,0.001692190880646649,0.001692190880646649
BE-JD8-93,exact_or_related,adjacent,77.90392097470924,77.90561316558988,0.001692190880646649,0.001692190880646649
BE-JD8-94,exact_or_related,adjacent,62.40635790211101,62.40805009299165,0.0016921908806395436,0.0016921908806395436
BE-JD8-95,exact_or_related,adjacent,82.50093227945467,82.50262447033532,0.001692190880646649,0.001692190880646649
BE-JD8-96,exact_or_related,adjacent,72.55140140309888,72.55309359397953,0.001692190880646649,0.001692190880646649
BE-JD8-97,exact_or_related,adjacent,66.20349813621289,66.20519032709353,0.001692190880646649,0.001692190880646649
BE-JD8-98,adjacent,divergent,63.40796349671076,63.41024571409721,0.0022822173864511797,0.0022822173864511797
BE-JD8-99,divergent,exact_or_related,68.64129368202686,68.63731927375977,-0.003974408267083618,0.003974408267083618
BE-JD8-100,divergent,exact_or_related,67.81320471550997,67.80923030724288,-0.003974408267083618,0.003974408267083618
APD-JD9-01,divergent,exact_or_related,72.50367904346533,72.49970463519824,-0.003974408267083618,0.003974408267083618
APD-JD9-02,exact_or_related,adjacent,79.24887190611027,79.25056409699091,0.001692190880646649,0.001692190880646649
APD-JD9-03,adjacent,divergent,65.45555924406946,65.45784146145591,0.0022822173864511797,0.0022822173864511797
APD-JD9-04,exact_or_related,adjacent,71.20297221885825,71.2046644097389,0.001692190880646649,0.001692190880646649
APD-JD9-05,divergent,exact_or_related,76.51095198976661,76.5069775814995,-0.0039744082671120395,0.0039744082671120395
APD-JD9-06,exact_or_related,adjacent,70.80429516668505,70.8059873575657,0.001692190880646649,0.001692190880646649
APD-JD9-07,exact_or_related,adjacent,72.15260189506219,72.15429408594284,0.001692190880646649,0.001692190880646649
APD-JD9-08,adjacent,divergent,65.55724552464083,65.55952774202729,0.0022822173864511797,0.0022822173864511797
APD-JD9-09,exact_or_related,adjacent,62.70678790694405,62.7084800978247,0.001692190880646649,0.001692190880646649
APD-JD9-10,exact_or_related,adjacent,85.0525340145352,85.05422620541584,0.001692190880646649,0.001692190880646649
APD-JD9-11,exact_or_related,adjacent,65.80370956427102,65.80540175515166,0.001692190880646649,0.001692190880646649
APD-JD9-12,adjacent,divergent,63.00844098811526,63.010723205501705,0.0022822173864440742,0.0022822173864440742
APD-JD9-13,exact_or_related,adjacent,80.90385632498744,80.90554851586809,0.001692190880646649,0.001692190880646649
APD-JD9-14,adjacent,divergent,79.00141178168404,79.00369399907049,0.0022822173864511797,0.0022822173864511797
APD-JD9-15,adjacent,divergent,65.08981585725964,65.09209807464609,0.0022822173864511797,0.0022822173864511797
APD-JD9-16,adjacent,divergent,72.45245337197368,72.45473558936011,0.002282217386436969,0.002282217386436969
APD-JD9-17,exact_or_related,adjacent,78.65132204479056,78.65301423567121,0.001692190880646649,0.001692190880646649
APD-JD9-18,exact_or_related,adjacent,68.6020137812848,68.60370597216544,0.001692190880646649,0.001692190880646649
APD-JD9-19,adjacent,divergent,60.41002043987633,60.41230265726277,0.0022822173864440742,0.0022822173864440742
APD-JD9-20,adjacent,divergent,68.60600780208625,68.6082900194727,0.0022822173864511797,0.0022822173864511797
APD-JD9-21,exact_or_related,adjacent,81.79973060877906,81.8014227996597,0.001692190880646649,0.001692190880646649
APD-JD9-22,exact_or_related,adjacent,57.209061444787785,57.21075363566843,0.001692190880646649,0.001692190880646649
APD-JD9-23,exact_or_related,adjacent,75.90572788303906,75.90742007391971,0.001692190880646649,0.001692190880646649
APD-JD9-24,exact_or_related,adjacent,65.00218151798573,65.00387370886638,0.001692190880646649,0.001692190880646649
APD-JD9-25,exact_or_related,adjacent,68.9005623079409,68.90225449882155,0.001692190880646649,0.001692190880646649
APD-JD9-26,exact_or_related,adjacent,54.99438413032858,54.99607632120922,0.001692190880646649,0.001692190880646649
APD-JD9-27,adjacent,divergent,63.64111663305279,63.64339885043923,0.0022822173864440742,0.0022822173864440742
APD-JD9-28,adjacent,divergent,76.65225694145431,76.65453915884075,0.002282217386436969,0.002282217386436969
APD-JD9-29,exact_or_related,adjacent,87.3525881940281,87.35428038490875,0.001692190880646649,0.001692190880646649
APD-JD9-30,adjacent,divergent,73.05127541824665,73.05355763563308,0.002282217386436969,0.002282217386436969
APD-JD9-31,adjacent,divergent,71.6068587343601,71.60914095174655,0.0022822173864511797,0.0022822173864511797
APD-JD9-32,adjacent,divergent,77.45606838834041,77.45835060572686,0.0022822173864511797,0.0022822173864511797
APD-JD9-33,exact_or_related,adjacent,55.645148067077066,55.646840257957706,0.0016921908806395436,0.0016921908806395436
APD-JD9-34,divergent,exact_or_related,75.2535107970032,75.2495363887361,-0.003974408267097829,0.003974408267097829
APD-JD9-35,adjacent,divergent,58.11070544877923,58.11298766616567,0.0022822173864440742,0.0022822173864440742
APD-JD9-36,exact_or_related,adjacent,68.90482936692659,68.90652155780724,0.001692190880646649,0.001692190880646649
APD-JD9-37,exact_or_related,adjacent,80.04851776771629,80.05020995859694,0.001692190880646649,0.001692190880646649
APD-JD9-38,exact_or_related,adjacent,76.59864384225602,76.60033603313667,0.001692190880646649,0.001692190880646649
APD-JD9-39,exact_or_related,adjacent,65.05394675137444,65.05563894225509,0.001692190880646649,0.001692190880646649
APD-JD9-40,exact_or_related,adjacent,75.79863523791899,75.80032742879963,0.001692190880646649,0.001692190880646649
APD-JD9-41,divergent,exact_or_related,67.10832981905732,67.10435541079022,-0.003974408267097829,0.003974408267097829
APD-JD9-42,adjacent,divergent,81.45763225857202,81.45991447595846,0.002282217386436969,0.002282217386436969
APD-JD9-43,adjacent,divergent,59.208767596601255,59.2110498139877,0.0022822173864440742,0.0022822173864440742
APD-JD9-44,exact_or_related,adjacent,53.60805333153605,53.609745522416695,0.001692190880646649,0.001692190880646649
APD-JD9-45,exact_or_related,adjacent,68.90782686462707,68.90951905550772,0.001692190880646649,0.001692190880646649
APD-JD9-46,exact_or_related,adjacent,74.75059183779946,74.75228402868011,0.001692190880646649,0.001692190880646649
APD-JD9-47,exact_or_related,adjacent,63.25768422508265,63.259376415963295,0.001692190880646649,0.001692190880646649
APD-JD9-48,divergent,exact_or_related,80.45582552776753,80.45185111950045,-0.003974408267083618,0.003974408267083618
APD-JD9-49,divergent,exact_or_related,68.20713492846092,68.20316052019383,-0.003974408267083618,0.003974408267083618
APD-JD9-50,exact_or_related,adjacent,89.45015177180382,89.45184396268446,0.001692190880646649,0.001692190880646649
APD-JD9-51,divergent,exact_or_related,68.75642704426332,68.75245263599624,-0.003974408267083618,0.003974408267083618
APD-JD9-52,exact_or_related,adjacent,77.10007570604034,77.10176789692099,0.001692190880646649,0.001692190880646649
APD-JD9-53,adjacent,divergent,70.40397610820477,70.40625832559121,0.002282217386436969,0.002282217386436969
APD-JD9-54,divergent,exact_or_related,79.50679027780514,79.50281586953804,-0.003974408267097829,0.003974408267097829
APD-JD9-55,adjacent,divergent,64.8430789191243,64.84536113651075,0.0022822173864511797,0.0022822173864511797
APD-JD9-56,adjacent,divergent,67.95726736853143,67.95954958591788,0.0022822173864511797,0.0022822173864511797
APD-JD9-57,adjacent,divergent,72.15303168556619,72.15531390295264,0.0022822173864511797,0.0022822173864511797
APD-JD9-58,exact_or_related,adjacent,83.95328791233594,83.95498010321657,0.0016921908806324382,0.0016921908806324382
APD-JD9-59,adjacent,divergent,71.75818466870354,71.76046688608999,0.0022822173864511797,0.0022822173864511797
APD-JD9-60,adjacent,divergent,85.00605923167734,85.00834144906379,0.0022822173864511797,0.0022822173864511797
APD-JD9-61,adjacent,divergent,81.25444035986938,81.25672257725583,0.0022822173864511797,0.0022822173864511797
APD-JD9-62,adjacent,divergent,69.606534180065,69.60881639745145,0.0022822173864511797,0.0022822173864511797
APD-JD9-63,adjacent,divergent,85.15299017166797,85.15527238905442,0.0022822173864511797,0.0022822173864511797
APD-JD9-64,exact_or_related,adjacent,66.65469907553883,66.65639126641948,0.001692190880646649,0.001692190880646649
APD-JD9-65,divergent,exact_or_related,56.34971332109339,56.3457389128263,-0.003974408267090723,0.003974408267090723
APD-JD9-66,adjacent,divergent,65.05827336252493,65.06055557991138,0.0022822173864511797,0.0022822173864511797
APD-JD9-67,exact_or_related,adjacent,63.00694451290708,63.00863670378772,0.0016921908806395436,0.0016921908806395436
APD-JD9-68,adjacent,divergent,79.2518890552497,79.25417127263616,0.0022822173864511797,0.0022822173864511797
APD-JD9-69,exact_or_related,adjacent,87.70284419051171,87.70453638139236,0.001692190880646649,0.001692190880646649
APD-JD9-70,exact_or_related,adjacent,78.30477279286909,78.30646498374973,0.001692190880646649,0.001692190880646649
APD-JD9-71,exact_or_related,adjacent,64.95573179490164,64.95742398578228,0.001692190880646649,0.001692190880646649
APD-JD9-72,adjacent,divergent,72.41046346392721,72.41274568131367,0.0022822173864511797,0.0022822173864511797
APD-JD9-73,exact_or_related,adjacent,55.00983749130209,55.01152968218274,0.001692190880646649,0.001692190880646649
APD-JD9-74,divergent,exact_or_related,78.35900676759343,78.35503235932634,-0.003974408267083618,0.003974408267083618
APD-JD9-75,exact_or_related,adjacent,69.20210805389745,69.2038002447781,0.001692190880646649,0.001692190880646649
APD-JD9-76,divergent,exact_or_related,70.81032129204243,70.80634688377535,-0.003974408267083618,0.003974408267083618
APD-JD9-77,exact_or_related,adjacent,68.31017491524925,68.3118671061299,0.001692190880646649,0.001692190880646649
APD-JD9-78,divergent,exact_or_related,87.15344484451899,87.14947043625189,-0.003974408267097829,0.003974408267097829
APD-JD9-79,divergent,exact_or_related,82.80616306907184,82.80218866080476,-0.003974408267083618,0.003974408267083618
APD-JD9-80,adjacent,divergent,72.90348010326575,72.90576232065219,0.002282217386436969,0.002282217386436969
APD-JD9-81,exact_or_related,adjacent,73.00048644359985,73.0021786344805,0.001692190880646649,0.001692190880646649
APD-JD9-82,exact_or_related,adjacent,50.80961265272736,50.811304843608006,0.001692190880646649,0.001692190880646649
APD-JD9-83,exact_or_related,adjacent,72.90738773948809,72.90907993036873,0.001692190880646649,0.001692190880646649
APD-JD9-84,exact_or_related,adjacent,74.10544036856614,74.10713255944678,0.001692190880646649,0.001692190880646649
APD-JD9-85,adjacent,divergent,67.6548759078193,67.65715812520575,0.0022822173864511797,0.0022822173864511797
APD-JD9-86,exact_or_related,adjacent,69.85359019688381,69.85528238776446,0.001692190880646649,0.001692190880646649
APD-JD9-87,adjacent,divergent,71.20308893186692,71.20537114925337,0.0022822173864511797,0.0022822173864511797
APD-JD9-88,divergent,exact_or_related,81.06029640126327,81.05632199299617,-0.003974408267097829,0.003974408267097829
APD-JD9-89,divergent,exact_or_related,66.85954666465497,66.85557225638787,-0.003974408267097829,0.003974408267097829
APD-JD9-90,exact_or_related,adjacent,84.3987682963329,84.40046048721355,0.001692190880646649,0.001692190880646649
APD-JD9-91,exact_or_related,adjacent,87.35226462545383,87.35395681633446,0.0016921908806324382,0.0016921908806324382
APD-JD9-92,exact_or_related,adjacent,84.09953365430624,84.10122584518689,0.001692190880646649,0.001692190880646649
APD-JD9-93,divergent,exact_or_related,65.51032632900028,65.50635192073318,-0.003974408267097829,0.003974408267097829
APD-JD9-94,adjacent,divergent,84.85189066099709,84.85417287838354,0.0022822173864511797,0.0022822173864511797
APD-JD9-95,divergent,exact_or_related,62.260305254816956,62.25633084654986,-0.003974408267097829,0.003974408267097829
APD-JD9-96,exact_or_related,adjacent,79.25179455638195,79.2534867472626,0.001692190880646649,0.001692190880646649
APD-JD9-97,divergent,exact_or_related,66.49400938081159,66.4900349725445,-0.003974408267083618,0.003974408267083618
APD-JD9-98,divergent,exact_or_related,61.46324272032733,61.45926831206024,-0.003974408267090723,0.003974408267090723
APD-JD9-99,exact_or_related,adjacent,62.50585308556307,62.507545276443714,0.001692190880646649,0.001692190880646649
APD-JD9-100,exact_or_related,adjacent,79.69876551784527,79.70045770872592,0.001692190880646649,0.001692190880646649
SSD-JD10-01,adjacent,divergent,74.30165295618679,74.30393517357325,0.0022822173864653905,0.0022822173864653905
SSD-JD10-02,exact_or_related,adjacent,72.60308462815027,72.60477681903092,0.001692190880646649,0.001692190880646649
SSD-JD10-03,exact_or_related,adjacent,67.90383316790303,67.90552535878368,0.001692190880646649,0.001692190880646649
SSD-JD10-04,divergent,exact_or_related,67.6585308665144,67.6545564582473,-0.003974408267097829,0.003974408267097829
SSD-JD10-05,adjacent,divergent,66.40692576983234,66.40920798721879,0.0022822173864511797,0.0022822173864511797
SSD-JD10-06,adjacent,divergent,76.20307471100108,76.20535692838752,0.002282217386436969,0.002282217386436969
SSD-JD10-07,exact_or_related,adjacent,60.657707257557384,60.65939944843802,0.0016921908806395436,0.0016921908806395436
SSD-JD10-08,exact_or_related,adjacent,63.540754635421585,63.54244682630223,0.001692190880646649,0.001692190880646649
SSD-JD10-09,divergent,exact_or_related,75.20639655833698,75.20242215006989,-0.003974408267083618,0.003974408267083618
SSD-JD10-10,exact_or_related,adjacent,70.10931148356248,70.11100367444313,0.001692190880646649,0.001692190880646649
SSD-JD10-11,exact_or_related,adjacent,76.60633064778503,76.60802283866568,0.001692190880646649,0.001692190880646649
SSD-JD10-12,divergent,exact_or_related,72.70835852541637,72.70438411714927,-0.003974408267097829,0.003974408267097829
SSD-JD10-13,exact_or_related,adjacent,74.75672282675951,74.75841501764016,0.001692190880646649,0.001692190880646649
SSD-JD10-14,exact_or_related,adjacent,73.20165996938225,73.2033521602629,0.001692190880646649,0.001692190880646649
SSD-JD10-15,adjacent,divergent,84.35592578115829,84.35820799854474,0.0022822173864511797,0.0022822173864511797
SSD-JD10-16,exact_or_related,adjacent,69.25474930287305,69.2564414937537,0.001692190880646649,0.001692190880646649
SSD-JD10-17,exact_or_related,adjacent,80.55409707554522,80.55578926642586,0.001692190880646649,0.001692190880646649
SSD-JD10-18,exact_or_related,adjacent,84.65038759806845,84.6520797889491,0.001692190880646649,0.001692190880646649
SSD-JD10-19,exact_or_related,adjacent,65.80256173228021,65.80425392316086,0.001692190880646649,0.001692190880646649
SSD-JD10-20,exact_or_related,adjacent,71.70105521440745,71.7027474052881,0.001692190880646649,0.001692190880646649
SSD-JD10-21,exact_or_related,adjacent,71.84887457822968,71.85056676911033,0.001692190880646649,0.001692190880646649
SSD-JD10-22,divergent,exact_or_related,82.20235405125749,82.19837964299039,-0.003974408267097829,0.003974408267097829
SSD-JD10-23,adjacent,divergent,58.54446284678838,58.54674506417482,0.0022822173864440742,0.0022822173864440742
SSD-JD10-24,exact_or_related,adjacent,64.45568265293737,64.45737484381802,0.001692190880646649,0.001692190880646649
SSD-JD10-25,adjacent,divergent,82.30247591389765,82.3047581312841,0.0022822173864511797,0.0022822173864511797
SSD-JD10-26,adjacent,divergent,71.46232147960276,71.46460369698922,0.0022822173864511797,0.0022822173864511797
SSD-JD10-27,exact_or_related,adjacent,80.25374854716227,80.25544073804292,0.001692190880646649,0.001692190880646649
SSD-JD10-28,exact_or_related,adjacent,73.30033873550903,73.30203092638968,0.001692190880646649,0.001692190880646649
SSD-JD10-29,exact_or_related,adjacent,78.50023869181923,78.50193088269987,0.0016921908806324382,0.0016921908806324382
SSD-JD10-30,exact_or_related,adjacent,70.95286553411486,70.95455772499551,0.001692190880646649,0.001692190880646649
SSD-JD10-31,adjacent,divergent,55.795400238093514,55.797682455479965,0.0022822173864511797,0.0022822173864511797
SSD-JD10-32,divergent,exact_or_related,69.85682714439261,69.85285273612551,-0.003974408267097829,0.003974408267097829
SSD-JD10-33,exact_or_related,adjacent,66.70303863345866,66.70473082433931,0.001692190880646649,0.001692190880646649
SSD-JD10-34,exact_or_related,adjacent,85.85105486100872,85.85274705188937,0.001692190880646649,0.001692190880646649
SSD-JD10-35,exact_or_related,adjacent,61.65695757361213,61.65864976449278,0.001692190880646649,0.001692190880646649
SSD-JD10-36,exact_or_related,adjacent,75.50880693494521,75.51049912582585,0.0016921908806324382,0.0016921908806324382
SSD-JD10-37,exact_or_related,adjacent,73.70828695962923,73.70997915050988,0.001692190880646649,0.001692190880646649
SSD-JD10-38,exact_or_related,adjacent,69.90737159794249,69.90906378882313,0.001692190880646649,0.001692190880646649
SSD-JD10-39,exact_or_related,adjacent,70.70607042563566,70.7077626165163,0.001692190880646649,0.001692190880646649
SSD-JD10-40,adjacent,divergent,64.20905387521711,64.21133609260355,0.002282217386436969,0.002282217386436969
SSD-JD10-41,exact_or_related,adjacent,91.25081682390685,91.25250901478749,0.001692190880646649,0.001692190880646649
SSD-JD10-42,exact_or_related,adjacent,59.25573237237457,59.257424563255206,0.0016921908806395436,0.0016921908806395436
SSD-JD10-43,divergent,exact_or_related,57.84602798937632,57.842053581109234,-0.003974408267083618,0.003974408267083618
SSD-JD10-44,adjacent,divergent,68.15427693288628,68.15655915027271,0.002282217386436969,0.002282217386436969
SSD-JD10-45,exact_or_related,adjacent,68.45859725790662,68.46028944878726,0.001692190880646649,0.001692190880646649
SSD-JD10-46,exact_or_related,adjacent,71.60232408175777,71.60401627263842,0.001692190880646649,0.001692190880646649
SSD-JD10-47,exact_or_related,adjacent,72.00216043674946,72.00385262763011,0.001692190880646649,0.001692190880646649
SSD-JD10-48,exact_or_related,adjacent,74.50184149567988,74.50353368656052,0.0016921908806324382,0.0016921908806324382
SSD-JD10-49,exact_or_related,adjacent,78.45511766394698,78.45680985482761,0.0016921908806324382,0.0016921908806324382
SSD-JD10-50,adjacent,divergent,73.05926105832589,73.06154327571232,0.002282217386436969,0.002282217386436969
SSD-JD10-51,divergent,exact_or_related,75.80330411821545,75.79932970994835,-0.003974408267097829,0.003974408267097829
SSD-JD10-52,exact_or_related,adjacent,81.95609138986356,81.9577835807442,0.001692190880646649,0.001692190880646649
SSD-JD10-53,adjacent,divergent,76.60451374826137,76.60679596564782,0.0022822173864511797,0.0022822173864511797
SSD-JD10-54,exact_or_related,adjacent,76.34906190119624,76.35075409207688,0.001692190880646649,0.001692190880646649
SSD-JD10-55,exact_or_related,adjacent,74.20576891482867,74.20746110570931,0.001692190880646649,0.001692190880646649
SSD-JD10-56,exact_or_related,adjacent,68.95114501487016,68.95283720575081,0.001692190880646649,0.001692190880646649
SSD-JD10-57,exact_or_related,adjacent,82.39951669036711,82.40120888124775,0.001692190880646649,0.001692190880646649
SSD-JD10-58,exact_or_related,adjacent,70.85553403253762,70.85722622341827,0.001692190880646649,0.001692190880646649
SSD-JD10-59,divergent,exact_or_related,69.70758104888627,69.70360664061918,-0.003974408267083618,0.003974408267083618
SSD-JD10-60,exact_or_related,adjacent,73.90068267278316,73.90237486366381,0.001692190880646649,0.001692190880646649
SSD-JD10-61,adjacent,divergent,65.55703198236574,65.5593141997522,0.0022822173864511797,0.0022822173864511797
SSD-JD10-62,exact_or_related,adjacent,82.00288664342858,82.00457883430923,0.001692190880646649,0.001692190880646649
SSD-JD10-63,exact_or_related,adjacent,82.10392503927017,82.1056172301508,0.0016921908806324382,0.0016921908806324382
SSD-JD10-64,exact_or_related,adjacent,69.65454083443544,69.65623302531607,0.0016921908806324382,0.0016921908806324382
SSD-JD10-65,divergent,exact_or_related,77.95708803256188,77.9531136242948,-0.003974408267083618,0.003974408267083618
SSD-JD10-66,adjacent,divergent,67.2046646351159,67.20694685250236,0.0022822173864511797,0.0022822173864511797
SSD-JD10-67,divergent,exact_or_related,65.41030538072945,65.40633097246237,-0.003974408267083618,0.003974408267083618
SSD-JD10-68,exact_or_related,adjacent,68.65332213376055,68.6550143246412,0.001692190880646649,0.001692190880646649
SSD-JD10-69,adjacent,divergent,68.80420376987128,68.80648598725773,0.0022822173864511797,0.0022822173864511797
SSD-JD10-70,exact_or_related,adjacent,71.90207245090838,71.90376464178902,0.001692190880646649,0.001692190880646649
SSD-JD10-71,exact_or_related,adjacent,70.30184954605045,70.3035417369311,0.001692190880646649,0.001692190880646649
SSD-JD10-72,divergent,exact_or_related,69.15849748510325,69.15452307683617,-0.003974408267083618,0.003974408267083618
SSD-JD10-73,exact_or_related,adjacent,54.85968226820632,54.86137445908697,0.001692190880646649,0.001692190880646649
SSD-JD10-74,divergent,exact_or_related,79.20526683813935,79.20129242987227,-0.003974408267083618,0.003974408267083618
SSD-JD10-75,exact_or_related,adjacent,79.00594135154223,79.00763354242288,0.001692190880646649,0.001692190880646649
SSD-JD10-76,exact_or_related,adjacent,76.09855313948061,76.10024533036126,0.001692190880646649,0.001692190880646649
SSD-JD10-77,adjacent,divergent,68.6102392078667,68.61252142525315,0.0022822173864511797,0.0022822173864511797
SSD-JD10-78,exact_or_related,adjacent,64.95628383513166,64.9579760260123,0.001692190880646649,0.001692190880646649
SSD-JD10-79,exact_or_related,adjacent,55.94576991061186,55.947462101492505,0.001692190880646649,0.001692190880646649
SSD-JD10-80,exact_or_related,adjacent,86.50206129666402,86.50375348754467,0.001692190880646649,0.001692190880646649
SSD-JD10-81,exact_or_related,adjacent,60.54229111865691,60.54398330953756,0.001692190880646649,0.001692190880646649
SSD-JD10-82,exact_or_related,adjacent,76.30024079916959,76.30193299005023,0.001692190880646649,0.001692190880646649
SSD-JD10-83,exact_or_related,adjacent,78.95636506593961,78.95805725682025,0.001692190880646649,0.001692190880646649
SSD-JD10-84,adjacent,divergent,71.05809991483487,71.06038213222132,0.0022822173864511797,0.0022822173864511797
SSD-JD10-85,exact_or_related,adjacent,78.15904742836375,78.1607396192444,0.001692190880646649,0.001692190880646649
SSD-JD10-86,exact_or_related,adjacent,61.55746493136281,61.55915712224345,0.0016921908806395436,0.0016921908806395436
SSD-JD10-87,exact_or_related,adjacent,66.80519076595435,66.806882956835,0.001692190880646649,0.001692190880646649
SSD-JD10-88,adjacent,divergent,81.05118496461472,81.05346718200117,0.0022822173864511797,0.0022822173864511797
SSD-JD10-89,exact_or_related,adjacent,65.70252489589213,65.70421708677277,0.001692190880646649,0.001692190880646649
SSD-JD10-90,exact_or_related,adjacent,85.85479218605512,85.85648437693577,0.001692190880646649,0.001692190880646649
SSD-JD10-91,exact_or_related,adjacent,73.95354245428958,73.95523464517022,0.001692190880646649,0.001692190880646649
SSD-JD10-92,exact_or_related,adjacent,68.55105212887445,68.55274431975509,0.001692190880646649,0.001692190880646649
SSD-JD10-93,adjacent,divergent,62.95932923358206,62.96161145096852,0.002282217386458285,0.002282217386458285
SSD-JD10-94,exact_or_related,adjacent,73.80633980168,73.80803199256064,0.001692190880646649,0.001692190880646649
SSD-JD10-95,exact_or_related,adjacent,56.29538156338392,56.29707375426457,0.001692190880646649,0.001692190880646649
SSD-JD10-96,divergent,exact_or_related,63.66078799459795,63.65681358633086,-0.003974408267090723,0.003974408267090723
SSD-JD10-97,adjacent,divergent,65.93961286155663,65.94189507894306,0.002282217386436969,0.002282217386436969
SSD-JD10-98,exact_or_related,adjacent,86.89932667038546,86.90101886126611,0.001692190880646649,0.001692190880646649
SSD-JD10-99,exact_or_related,adjacent,70.70244668922635,70.704138880107,0.001692190880646649,0.001692190880646649
SSD-JD10-100,exact_or_related,adjacent,88.85315962615252,88.85485181703316,0.001692190880646649,0.001692190880646649
DA-JD11-01,exact_or_related,adjacent,77.74871964307401,77.75041183395466,0.001692190880646649,0.001692190880646649
DA-JD11-02,exact_or_related,adjacent,76.75176657346705,76.7534587643477,0.001692190880646649,0.001692190880646649
DA-JD11-03,exact_or_related,adjacent,66.45523952472145,66.4569317156021,0.001692190880646649,0.001692190880646649
DA-JD11-04,adjacent,divergent,81.35447697233836,81.35675918972481,0.0022822173864511797,0.0022822173864511797
DA-JD11-05,exact_or_related,adjacent,86.50252567136658,86.50421786224723,0.001692190880646649,0.001692190880646649
DA-JD11-06,exact_or_related,adjacent,57.55803123731546,57.55972342819611,0.001692190880646649,0.001692190880646649
DA-JD11-07,exact_or_related,adjacent,60.35760126249545,60.3592934533761,0.001692190880646649,0.001692190880646649
DA-JD11-08,divergent,exact_or_related,67.20973825548477,67.20576384721767,-0.003974408267097829,0.003974408267097829
DA-JD11-09,adjacent,divergent,58.89511040118092,58.897392618567366,0.0022822173864440742,0.0022822173864440742
DA-JD11-10,exact_or_related,adjacent,72.35206950924857,72.35376170012921,0.001692190880646649,0.001692190880646649
DA-JD11-11,exact_or_related,adjacent,70.5070224418011,70.50871463268173,0.0016921908806324382,0.0016921908806324382
DA-JD11-12,exact_or_related,adjacent,63.60767256878155,63.60936475966219,0.0016921908806395436,0.0016921908806395436
DA-JD11-13,divergent,exact_or_related,71.46436741365645,71.46039300538935,-0.003974408267097829,0.003974408267097829
DA-JD11-14,adjacent,divergent,80.10307211978551,80.10535433717196,0.0022822173864511797,0.0022822173864511797
DA-JD11-15,adjacent,divergent,67.45824598237668,67.46052819976312,0.002282217386436969,0.002282217386436969
DA-JD11-16,divergent,exact_or_related,69.85698050846774,69.85300610020064,-0.003974408267097829,0.003974408267097829
DA-JD11-17,exact_or_related,adjacent,73.15301679083964,73.15470898172029,0.001692190880646649,0.001692190880646649
DA-JD11-18,divergent,exact_or_related,65.50721692099624,65.50324251272914,-0.003974408267097829,0.003974408267097829
DA-JD11-19,exact_or_related,adjacent,58.99195394191032,58.993646132790964,0.001692190880646649,0.001692190880646649
DA-JD11-20,exact_or_related,adjacent,67.40751263687102,67.40920482775167,0.001692190880646649,0.001692190880646649
DA-JD11-21,adjacent,divergent,84.30366080469176,84.3059430220782,0.002282217386436969,0.002282217386436969
DA-JD11-22,adjacent,divergent,74.60138898648682,74.60367120387326,0.002282217386436969,0.002282217386436969
DA-JD11-23,exact_or_related,adjacent,67.30585895773456,67.3075511486152,0.001692190880646649,0.001692190880646649
DA-JD11-24,exact_or_related,adjacent,91.15097186063471,91.15266405151536,0.001692190880646649,0.001692190880646649
DA-JD11-25,exact_or_related,adjacent,86.0021489917075,86.00384118258815,0.001692190880646649,0.001692190880646649
DA-JD11-26,exact_or_related,adjacent,70.35885332614313,70.36054551702377,0.0016921908806324382,0.0016921908806324382
DA-JD11-27,adjacent,divergent,81.60419923694319,81.60648145432964,0.0022822173864511797,0.0022822173864511797
DA-JD11-28,adjacent,divergent,53.396497025576146,53.3987792429626,0.0022822173864511797,0.0022822173864511797
DA-JD11-29,exact_or_related,adjacent,64.85451052798294,64.85620271886359,0.001692190880646649,0.001692190880646649
DA-JD11-30,adjacent,divergent,68.85509459845437,68.85737681584081,0.002282217386436969,0.002282217386436969
DA-JD11-31,exact_or_related,adjacent,59.20727604227801,59.20896823315866,0.001692190880646649,0.001692190880646649
DA-JD11-32,divergent,exact_or_related,64.61055212474072,64.60657771647362,-0.003974408267097829,0.003974408267097829
DA-JD11-33,exact_or_related,adjacent,67.60502645840602,67.60671864928665,0.0016921908806324382,0.0016921908806324382
DA-JD11-34,exact_or_related,adjacent,77.70678685963868,77.70847905051933,0.001692190880646649,0.001692190880646649
DA-JD11-35,divergent,exact_or_related,82.80254626965201,82.79857186138493,-0.003974408267083618,0.003974408267083618
DA-JD11-36,exact_or_related,adjacent,69.40566372471467,69.40735591559532,0.001692190880646649,0.001692190880646649
DA-JD11-37,adjacent,divergent,77.70173088085794,77.70401309824437,0.002282217386436969,0.002282217386436969
DA-JD11-38,exact_or_related,adjacent,73.00224890811705,73.0039410989977,0.001692190880646649,0.001692190880646649
DA-JD11-39,exact_or_related,adjacent,64.95596951258209,64.95766170346272,0.0016921908806324382,0.0016921908806324382
DA-JD11-40,adjacent,divergent,63.25878091085097,63.26106312823742,0.0022822173864440742,0.0022822173864440742
DA-JD11-41,adjacent,divergent,72.40345453398945,72.40573675137588,0.002282217386436969,0.002282217386436969
DA-JD11-42,divergent,exact_or_related,64.45854303464726,64.45456862638017,-0.003974408267097829,0.003974408267097829
DA-JD11-43,exact_or_related,adjacent,67.70107182539809,67.70276401627872,0.0016921908806324382,0.0016921908806324382
DA-JD11-44,divergent,exact_or_related,83.00148183261544,82.99750742434834,-0.003974408267097829,0.003974408267097829
DA-JD11-45,exact_or_related,adjacent,59.457329443148275,59.45902163402892,0.001692190880646649,0.001692190880646649
DA-JD11-46,exact_or_related,adjacent,61.90580882113412,61.90750101201477,0.001692190880646649,0.001692190880646649
DA-JD11-47,exact_or_related,adjacent,76.70127474210153,76.70296693298218,0.001692190880646649,0.001692190880646649
DA-JD11-48,exact_or_related,adjacent,90.20217007258374,90.20386226346439,0.001692190880646649,0.001692190880646649
DA-JD11-49,exact_or_related,adjacent,77.05314421493034,77.05483640581099,0.001692190880646649,0.001692190880646649
DA-JD11-50,exact_or_related,adjacent,77.2016537670286,77.20334595790925,0.001692190880646649,0.001692190880646649
DA-JD11-51,exact_or_related,adjacent,71.95055447504178,71.95224666592243,0.001692190880646649,0.001692190880646649
DA-JD11-52,exact_or_related,adjacent,73.45924681813626,73.46093900901691,0.001692190880646649,0.001692190880646649
DA-JD11-53,exact_or_related,adjacent,76.90442527592779,76.90611746680844,0.001692190880646649,0.001692190880646649
DA-JD11-54,exact_or_related,adjacent,55.206938687050304,55.20863087793094,0.0016921908806395436,0.0016921908806395436
DA-JD11-55,adjacent,divergent,70.55263352355489,70.55491574094134,0.0022822173864511797,0.0022822173864511797
DA-JD11-56,divergent,exact_or_related,60.85964725788259,60.8556728496155,-0.003974408267090723,0.003974408267090723
DA-JD11-57,adjacent,divergent,83.50423920860729,83.50652142599374,0.0022822173864511797,0.0022822173864511797
DA-JD11-58,adjacent,divergent,73.85223506003128,73.85451727741773,0.0022822173864511797,0.0022822173864511797
DA-JD11-59,exact_or_related,adjacent,66.25587774379466,66.2575699346753,0.001692190880646649,0.001692190880646649
DA-JD11-60,exact_or_related,adjacent,74.00121661369128,74.00290880457193,0.001692190880646649,0.001692190880646649
DA-JD11-61,exact_or_related,adjacent,59.45792152412186,59.459613715002504,0.001692190880646649,0.001692190880646649
DA-JD11-62,exact_or_related,adjacent,76.90503650763682,76.90672869851747,0.001692190880646649,0.001692190880646649
DA-JD11-63,exact_or_related,adjacent,72.95816306226838,72.95985525314903,0.001692190880646649,0.001692190880646649
DA-JD11-64,divergent,exact_or_related,63.3095334986796,63.30555909041251,-0.003974408267090723,0.003974408267090723
DA-JD11-65,exact_or_related,adjacent,86.65040160299975,86.6520937938804,0.001692190880646649,0.001692190880646649
DA-JD11-66,adjacent,divergent,79.80447802696499,79.80676024435145,0.0022822173864653905,0.0022822173864653905
DA-JD11-67,exact_or_related,adjacent,66.30258161122836,66.304273802109,0.0016921908806324382,0.0016921908806324382
DA-JD11-68,adjacent,divergent,73.802803551496,73.80508576888244,0.002282217386436969,0.002282217386436969
DA-JD11-69,adjacent,divergent,71.66196127118786,71.6642434885743,0.002282217386436969,0.002282217386436969
DA-JD11-70,exact_or_related,adjacent,71.10315578411556,71.10484797499619,0.0016921908806324382,0.0016921908806324382
DA-JD11-71,exact_or_related,adjacent,75.70224183365745,75.7039340245381,0.001692190880646649,0.001692190880646649
DA-JD11-72,exact_or_related,adjacent,59.85933691932345,59.86102911020409,0.001692190880646649,0.001692190880646649
DA-JD11-73,exact_or_related,adjacent,82.89861368802869,82.90030587890934,0.001692190880646649,0.001692190880646649
DA-JD11-74,divergent,exact_or_related,71.5624865043098,71.55851209604272,-0.003974408267083618,0.003974408267083618
DA-JD11-75,adjacent,divergent,63.2589696977824,63.26125191516885,0.0022822173864511797,0.0022822173864511797
DA-JD11-76,adjacent,divergent,76.95733157731733,76.95961379470377,0.002282217386436969,0.002282217386436969
DA-JD11-77,exact_or_related,adjacent,55.107572273850245,55.10926446473089,0.001692190880646649,0.001692190880646649
DA-JD11-78,divergent,exact_or_related,69.15786061511457,69.15388620684747,-0.003974408267097829,0.003974408267097829
DA-JD11-79,adjacent,divergent,51.447825739885204,51.450107957271655,0.0022822173864511797,0.0022822173864511797
DA-JD11-80,exact_or_related,adjacent,67.05378868269197,67.05548087357262,0.001692190880646649,0.001692190880646649
DA-JD11-81,exact_or_related,adjacent,74.1506333548936,74.15232554577425,0.001692190880646649,0.001692190880646649
DA-JD11-82,exact_or_related,adjacent,71.50955774407595,71.5112499349566,0.001692190880646649,0.001692190880646649
DA-JD11-83,adjacent,divergent,88.45328378560178,88.45556600298822,0.002282217386436969,0.002282217386436969
DA-JD11-84,exact_or_related,adjacent,77.55684466825042,77.55853685913107,0.001692190880646649,0.001692190880646649
DA-JD11-85,exact_or_related,adjacent,59.70933054620049,59.71102273708114,0.001692190880646649,0.001692190880646649
DA-JD11-86,exact_or_related,adjacent,78.90195579050119,78.90364798138184,0.001692190880646649,0.001692190880646649
DA-JD11-87,divergent,exact_or_related,82.00815361270274,82.00417920443564,-0.003974408267097829,0.003974408267097829
DA-JD11-88,divergent,exact_or_related,66.3619178886818,66.3579434804147,-0.003974408267097829,0.003974408267097829
DA-JD11-89,exact_or_related,adjacent,63.05690950058309,63.058601691463736,0.001692190880646649,0.001692190880646649
DA-JD11-90,exact_or_related,adjacent,76.9493622074046,76.95105439828525,0.001692190880646649,0.001692190880646649
DA-JD11-91,adjacent,divergent,66.90316604150752,66.90544825889395,0.002282217386436969,0.002282217386436969
DA-JD11-92,exact_or_related,adjacent,80.3568936846993,80.35858587557995,0.001692190880646649,0.001692190880646649
DA-JD11-93,adjacent,divergent,73.40635334179716,73.40863555918362,0.0022822173864653905,0.0022822173864653905
DA-JD11-94,exact_or_related,adjacent,70.20352148352383,70.20521367440448,0.001692190880646649,0.001692190880646649
DA-JD11-95,exact_or_related,adjacent,82.49847159106533,82.50016378194597,0.001692190880646649,0.001692190880646649
DA-JD11-96,exact_or_related,adjacent,71.90224894647464,71.90394113735529,0.001692190880646649,0.001692190880646649
DA-JD11-97,exact_or_related,adjacent,65.74020683664394,65.74189902752458,0.001692190880646649,0.001692190880646649
DA-JD11-98,exact_or_related,adjacent,70.5096193741653,70.51131156504594,0.001692190880646649,0.001692190880646649
DA-JD11-99,exact_or_related,adjacent,66.95129525880434,66.95298744968498,0.001692190880646649,0.001692190880646649
DA-JD11-100,exact_or_related,adjacent,60.892256841432264,60.89394903231291,0.001692190880646649,0.001692190880646649
DS-JD12-01,exact_or_related,adjacent,69.45831811289801,69.46001030377866,0.001692190880646649,0.001692190880646649
DS-JD12-02,exact_or_related,adjacent,56.70923055827675,56.7109227491574,0.001692190880646649,0.001692190880646649
DS-JD12-03,exact_or_related,adjacent,83.60282741189513,83.60451960277578,0.001692190880646649,0.001692190880646649
DS-JD12-04,divergent,exact_or_related,64.26196818159191,64.25799377332481,-0.003974408267097829,0.003974408267097829
DS-JD12-05,exact_or_related,adjacent,58.05726623305185,58.05895842393249,0.0016921908806395436,0.0016921908806395436
DS-JD12-06,exact_or_related,adjacent,81.049363560221,81.05105575110164,0.001692190880646649,0.001692190880646649
DS-JD12-07,exact_or_related,adjacent,67.25789675433559,67.25958894521624,0.001692190880646649,0.001692190880646649
DS-JD12-08,exact_or_related,adjacent,64.74077469529114,64.74246688617178,0.001692190880646649,0.001692190880646649
DS-JD12-09,exact_or_related,adjacent,52.96036141660667,52.96205360748732,0.001692190880646649,0.001692190880646649
DS-JD12-10,divergent,exact_or_related,87.05437628228928,87.05040187402219,-0.003974408267097829,0.003974408267097829
DS-JD12-11,exact_or_related,adjacent,75.95477820436454,75.95647039524519,0.001692190880646649,0.001692190880646649
DS-JD12-12,exact_or_related,adjacent,64.95708656606634,64.95877875694698,0.001692190880646649,0.001692190880646649
DS-JD12-13,exact_or_related,adjacent,61.356847493872664,61.35853968475331,0.001692190880646649,0.001692190880646649
DS-JD12-14,divergent,exact_or_related,73.46248599535605,73.45851158708895,-0.003974408267097829,0.003974408267097829
DS-JD12-15,divergent,exact_or_related,75.21067374760588,75.20669933933878,-0.003974408267097829,0.003974408267097829
DS-JD12-16,divergent,exact_or_related,68.91040296243091,68.90642855416381,-0.003974408267097829,0.003974408267097829
DS-JD12-17,exact_or_related,adjacent,66.10834302422916,66.1100352151098,0.001692190880646649,0.001692190880646649
DS-JD12-18,exact_or_related,adjacent,77.15288523060067,77.15457742148132,0.001692190880646649,0.001692190880646649
DS-JD12-19,exact_or_related,adjacent,84.39952661062087,84.40121880150151,0.001692190880646649,0.001692190880646649
DS-JD12-20,exact_or_related,adjacent,85.60156049641606,85.6032526872967,0.001692190880646649,0.001692190880646649
DS-JD12-21,exact_or_related,adjacent,72.90791265426317,72.90960484514382,0.001692190880646649,0.001692190880646649
DS-JD12-22,exact_or_related,adjacent,75.95262348186593,75.95431567274657,0.001692190880646649,0.001692190880646649
DS-JD12-23,exact_or_related,adjacent,75.75645415151021,75.75814634239086,0.001692190880646649,0.001692190880646649
DS-JD12-24,exact_or_related,adjacent,79.84920695131473,79.85089914219537,0.001692190880646649,0.001692190880646649
DS-JD12-25,exact_or_related,adjacent,69.8038461887273,69.80553837960795,0.001692190880646649,0.001692190880646649
DS-JD12-26,exact_or_related,adjacent,71.41081967091316,71.4125118617938,0.001692190880646649,0.001692190880646649
DS-JD12-27,exact_or_related,adjacent,76.35334828200887,76.35504047288951,0.001692190880646649,0.001692190880646649
DS-JD12-28,exact_or_related,adjacent,68.35266683874715,68.3543590296278,0.001692190880646649,0.001692190880646649
DS-JD12-29,exact_or_related,adjacent,73.25190256551103,73.25359475639168,0.001692190880646649,0.001692190880646649
DS-JD12-30,divergent,exact_or_related,59.76286333929699,59.7588889310299,-0.003974408267090723,0.003974408267090723
DS-JD12-31,exact_or_related,adjacent,74.00021205667944,74.00190424756009,0.001692190880646649,0.001692190880646649
DS-JD12-32,exact_or_related,adjacent,76.70768660213257,76.70937879301322,0.001692190880646649,0.001692190880646649
DS-JD12-33,exact_or_related,adjacent,57.906487452467694,57.90817964334834,0.001692190880646649,0.001692190880646649
DS-JD12-34,exact_or_related,adjacent,65.85468850787313,65.85638069875378,0.001692190880646649,0.001692190880646649
DS-JD12-35,exact_or_related,adjacent,69.35665292154746,69.3583451124281,0.0016921908806324382,0.0016921908806324382
DS-JD12-36,exact_or_related,adjacent,69.25512689937806,69.2568190902587,0.001692190880646649,0.001692190880646649
DS-JD12-37,exact_or_related,adjacent,70.33831726448605,70.34000945536668,0.0016921908806324382,0.0016921908806324382
DS-JD12-38,exact_or_related,adjacent,76.00742472199592,76.00911691287656,0.001692190880646649,0.001692190880646649
DS-JD12-39,exact_or_related,adjacent,56.00957278517331,56.01126497605396,0.001692190880646649,0.001692190880646649
DS-JD12-40,exact_or_related,adjacent,77.75374860666992,77.75544079755056,0.001692190880646649,0.001692190880646649
DS-JD12-41,divergent,exact_or_related,74.56346599912885,74.55949159086175,-0.003974408267097829,0.003974408267097829
DS-JD12-42,divergent,exact_or_related,70.3540719941999,70.35009758593282,-0.003974408267083618,0.003974408267083618
DS-JD12-43,exact_or_related,adjacent,60.10798756318035,60.10967975406099,0.0016921908806395436,0.0016921908806395436
DS-JD12-44,exact_or_related,adjacent,76.00256143830102,76.00425362918166,0.001692190880646649,0.001692190880646649
DS-JD12-45,exact_or_related,adjacent,78.00806648909037,78.00975867997101,0.001692190880646649,0.001692190880646649
DS-JD12-46,exact_or_related,adjacent,83.20030409549555,83.2019962863762,0.001692190880646649,0.001692190880646649
DS-JD12-47,exact_or_related,adjacent,64.90556502733472,64.90725721821536,0.001692190880646649,0.001692190880646649
DS-JD12-48,exact_or_related,adjacent,85.60445675257844,85.60614894345909,0.001692190880646649,0.001692190880646649
DS-JD12-49,divergent,exact_or_related,74.76068123960076,74.75670683133366,-0.003974408267097829,0.003974408267097829
DS-JD12-50,exact_or_related,adjacent,67.60547308870223,67.60716527958287,0.001692190880646649,0.001692190880646649
DS-JD12-51,exact_or_related,adjacent,67.50252583567199,67.50421802655264,0.001692190880646649,0.001692190880646649
DS-JD12-52,exact_or_related,adjacent,70.50718872441945,70.5088809153001,0.001692190880646649,0.001692190880646649
DS-JD12-53,exact_or_related,adjacent,72.80092790102215,72.8026200919028,0.001692190880646649,0.001692190880646649
DS-JD12-54,exact_or_related,adjacent,83.15460403056656,83.1562962214472,0.001692190880646649,0.001692190880646649
DS-JD12-55,exact_or_related,adjacent,76.25039267231979,76.25208486320044,0.001692190880646649,0.001692190880646649
DS-JD12-56,exact_or_related,adjacent,58.95813043637025,58.959822627250894,0.001692190880646649,0.001692190880646649
DS-JD12-57,divergent,exact_or_related,70.10984778327277,70.10587337500567,-0.003974408267097829,0.003974408267097829
DS-JD12-58,exact_or_related,adjacent,81.6555043857231,81.65719657660375,0.001692190880646649,0.001692190880646649
DS-JD12-59,exact_or_related,adjacent,57.40906560609748,57.410757796978125,0.001692190880646649,0.001692190880646649
DS-JD12-60,divergent,exact_or_related,79.05612820288617,79.05215379461907,-0.003974408267097829,0.003974408267097829
DS-JD12-61,exact_or_related,adjacent,75.85656749541236,75.85825968629301,0.001692190880646649,0.001692190880646649
DS-JD12-62,exact_or_related,adjacent,58.25898649417574,58.260678685056384,0.001692190880646649,0.001692190880646649
DS-JD12-63,exact_or_related,adjacent,64.10517131767641,64.10686350855705,0.001692190880646649,0.001692190880646649
DS-JD12-64,exact_or_related,adjacent,60.25575272577925,60.2574449166599,0.001692190880646649,0.001692190880646649
DS-JD12-65,exact_or_related,adjacent,71.0557378786403,71.05743006952095,0.001692190880646649,0.001692190880646649
DS-JD12-66,exact_or_related,adjacent,78.69837818041947,78.70007037130011,0.001692190880646649,0.001692190880646649
DS-JD12-67,exact_or_related,adjacent,62.80864052461477,62.81033271549542,0.001692190880646649,0.001692190880646649
DS-JD12-68,exact_or_related,adjacent,75.35597110753899,75.35766329841964,0.001692190880646649,0.001692190880646649
DS-JD12-69,divergent,exact_or_related,68.70710334646431,68.70312893819721,-0.003974408267097829,0.003974408267097829
DS-JD12-70,exact_or_related,adjacent,60.1090902157226,60.11078240660325,0.001692190880646649,0.001692190880646649
DS-JD12-71,exact_or_related,adjacent,69.90825257894183,69.90994476982247,0.001692190880646649,0.001692190880646649
DS-JD12-72,exact_or_related,adjacent,70.65370095658551,70.65539314746616,0.001692190880646649,0.001692190880646649
DS-JD12-73,exact_or_related,adjacent,67.25443419367848,67.25612638455911,0.0016921908806324382,0.0016921908806324382
DS-JD12-74,exact_or_related,adjacent,75.10158761546606,75.1032798063467,0.001692190880646649,0.001692190880646649
DS-JD12-75,divergent,exact_or_related,58.99708442327006,58.99311001500296,-0.003974408267097829,0.003974408267097829
DS-JD12-76,exact_or_related,adjacent,65.35575037510996,65.35744256599061,0.001692190880646649,0.001692190880646649
DS-JD12-77,exact_or_related,adjacent,73.70311522789895,73.7048074187796,0.001692190880646649,0.001692190880646649
DS-JD12-78,exact_or_related,adjacent,67.71096509382403,67.71265728470466,0.0016921908806324382,0.0016921908806324382
DS-JD12-79,exact_or_related,adjacent,71.20473793422158,71.20643012510223,0.001692190880646649,0.001692190880646649
DS-JD12-80,exact_or_related,adjacent,91.45175222316193,91.45344441404258,0.001692190880646649,0.001692190880646649
DS-JD12-81,exact_or_related,adjacent,81.2061181654039,81.20781035628454,0.001692190880646649,0.001692190880646649
DS-JD12-82,divergent,exact_or_related,82.2597356964386,82.2557612881715,-0.003974408267097829,0.003974408267097829
DS-JD12-83,exact_or_related,adjacent,80.99973042840736,81.00142261928801,0.001692190880646649,0.001692190880646649
DS-JD12-84,exact_or_related,adjacent,71.55454927178663,71.55624146266727,0.001692190880646649,0.001692190880646649
DS-JD12-85,exact_or_related,adjacent,61.8065887970819,61.80828098796255,0.001692190880646649,0.001692190880646649
DS-JD12-86,exact_or_related,adjacent,75.30098159104514,75.30267378192579,0.001692190880646649,0.001692190880646649
DS-JD12-87,exact_or_related,adjacent,74.95235985712992,74.95405204801057,0.001692190880646649,0.001692190880646649
DS-JD12-88,exact_or_related,adjacent,62.00723137185508,62.00892356273572,0.0016921908806395436,0.0016921908806395436
DS-JD12-89,exact_or_related,adjacent,74.95079956087287,74.95249175175351,0.001692190880646649,0.001692190880646649
DS-JD12-90,exact_or_related,adjacent,76.85455167413743,76.85624386501807,0.001692190880646649,0.001692190880646649
DS-JD12-91,exact_or_related,adjacent,65.80443079743596,65.8061229883166,0.001692190880646649,0.001692190880646649
DS-JD12-92,exact_or_related,adjacent,71.70079478158944,71.70248697247008,0.001692190880646649,0.001692190880646649
DS-JD12-93,exact_or_related,adjacent,65.60797184539335,65.609664036274,0.001692190880646649,0.001692190880646649
DS-JD12-94,exact_or_related,adjacent,79.55019124860146,79.55188343948211,0.001692190880646649,0.001692190880646649
DS-JD12-95,exact_or_related,adjacent,65.25652334193894,65.25821553281958,0.0016921908806324382,0.0016921908806324382
DS-JD12-96,exact_or_related,adjacent,67.00794482717092,67.00963701805156,0.001692190880646649,0.001692190880646649
DS-JD12-97,exact_or_related,adjacent,76.65263712525885,76.6543293161395,0.001692190880646649,0.001692190880646649
DS-JD12-98,exact_or_related,adjacent,67.16111950987381,67.16281170075446,0.001692190880646649,0.001692190880646649
DS-JD12-99,exact_or_related,adjacent,59.30722173299702,59.30891392387767,0.001692190880646649,0.001692190880646649
DS-JD12-100,exact_or_related,adjacent,82.45121628926005,82.45290848014069,0.001692190880646649,0.001692190880646649
BIA-JD13-01,exact_or_related,adjacent,74.55217651084719,74.55386870172784,0.001692190880646649,0.001692190880646649
BIA-JD13-02,exact_or_related,adjacent,85.05220736620629,85.05389955708692,0.0016921908806324382,0.0016921908806324382
BIA-JD13-03,exact_or_related,adjacent,63.80868980528249,63.81038199616313,0.0016921908806395436,0.0016921908806395436
BIA-JD13-04,divergent,exact_or_related,71.25893919090048,71.25496478263338,-0.003974408267097829,0.003974408267097829
BIA-JD13-05,exact_or_related,adjacent,73.79960831735193,73.80130050823257,0.001692190880646649,0.001692190880646649
BIA-JD13-06,divergent,exact_or_related,65.60528283156144,65.60130842329436,-0.003974408267083618,0.003974408267083618
BIA-JD13-07,exact_or_related,adjacent,66.40434490988136,66.406037100762,0.001692190880646649,0.001692190880646649
BIA-JD13-08,divergent,exact_or_related,75.00780619815043,75.00383178988334,-0.003974408267097829,0.003974408267097829
BIA-JD13-09,exact_or_related,adjacent,72.70389364808047,72.70558583896111,0.001692190880646649,0.001692190880646649
BIA-JD13-10,exact_or_related,adjacent,82.65000352459029,82.65169571547094,0.001692190880646649,0.001692190880646649
BIA-JD13-11,adjacent,divergent,82.65664396712369,82.65892618451014,0.0022822173864511797,0.0022822173864511797
BIA-JD13-12,divergent,exact_or_related,61.508452187804934,61.504477779537844,-0.003974408267090723,0.003974408267090723
BIA-JD13-13,adjacent,divergent,67.35508661498913,67.35736883237557,0.002282217386436969,0.002282217386436969
BIA-JD13-14,exact_or_related,adjacent,73.15172677928373,73.15341897016438,0.001692190880646649,0.001692190880646649
BIA-JD13-15,divergent,exact_or_related,77.05337987023326,77.04940546196616,-0.003974408267097829,0.003974408267097829
BIA-JD13-16,adjacent,divergent,73.3052545587263,73.30753677611277,0.0022822173864653905,0.0022822173864653905
BIA-JD13-17,divergent,exact_or_related,79.45445225237748,79.45047784411038,-0.003974408267097829,0.003974408267097829
BIA-JD13-18,divergent,exact_or_related,70.75589854130693,70.75192413303985,-0.003974408267083618,0.003974408267083618
BIA-JD13-19,exact_or_related,adjacent,59.90699087244033,59.90868306332098,0.001692190880646649,0.001692190880646649
BIA-JD13-20,exact_or_related,adjacent,63.904468856693924,63.906161047574564,0.0016921908806395436,0.0016921908806395436
BIA-JD13-21,exact_or_related,adjacent,57.44519614266193,57.446888333542574,0.001692190880646649,0.001692190880646649
BIA-JD13-22,exact_or_related,adjacent,83.40477755380441,83.40646974468505,0.001692190880646649,0.001692190880646649
BIA-JD13-23,exact_or_related,adjacent,59.6589337703671,59.660625961247746,0.001692190880646649,0.001692190880646649
BIA-JD13-24,divergent,exact_or_related,85.70363658401061,85.69966217574351,-0.003974408267097829,0.003974408267097829
BIA-JD13-25,divergent,exact_or_related,65.31026695490303,65.30629254663593,-0.003974408267097829,0.003974408267097829
BIA-JD13-26,adjacent,divergent,67.65634444557662,67.65862666296306,0.002282217386436969,0.002282217386436969
BIA-JD13-27,exact_or_related,adjacent,68.25368835381163,68.25538054469227,0.001692190880646649,0.001692190880646649
BIA-JD13-28,exact_or_related,adjacent,64.75667568657575,64.7583678774564,0.001692190880646649,0.001692190880646649
BIA-JD13-29,exact_or_related,adjacent,73.30344204640228,73.30513423728293,0.001692190880646649,0.001692190880646649
BIA-JD13-30,divergent,exact_or_related,75.60413461718724,75.60016020892014,-0.003974408267097829,0.003974408267097829
BIA-JD13-31,divergent,exact_or_related,80.15209722421406,80.14812281594696,-0.003974408267097829,0.003974408267097829
BIA-JD13-32,adjacent,divergent,63.406113844095664,63.40839606148211,0.0022822173864440742,0.0022822173864440742
BIA-JD13-33,exact_or_related,adjacent,88.45206376103394,88.45375595191459,0.001692190880646649,0.001692190880646649
BIA-JD13-34,exact_or_related,adjacent,87.05400449674998,87.05569668763063,0.001692190880646649,0.001692190880646649
BIA-JD13-35,adjacent,divergent,74.05342345279576,74.0557056701822,0.0022822173864511797,0.0022822173864511797
BIA-JD13-36,exact_or_related,adjacent,78.40005589570809,78.40174808658874,0.001692190880646649,0.001692190880646649
BIA-JD13-37,exact_or_related,adjacent,69.8534079188396,69.85510010972023,0.0016921908806324382,0.0016921908806324382
BIA-JD13-38,exact_or_related,adjacent,70.35728424027883,70.35897643115948,0.001692190880646649,0.001692190880646649
BIA-JD13-39,exact_or_related,adjacent,60.655979039670626,60.65767123055127,0.001692190880646649,0.001692190880646649
BIA-JD13-40,exact_or_related,adjacent,79.0967208817138,79.09841307259444,0.001692190880646649,0.001692190880646649
BIA-JD13-41,exact_or_related,adjacent,71.10450050746235,71.106192698343,0.001692190880646649,0.001692190880646649
BIA-JD13-42,exact_or_related,adjacent,78.25229386734483,78.25398605822548,0.001692190880646649,0.001692190880646649
BIA-JD13-43,exact_or_related,adjacent,74.95604689586158,74.95773908674222,0.001692190880646649,0.001692190880646649
BIA-JD13-44,exact_or_related,adjacent,76.2012905032874,76.20298269416804,0.001692190880646649,0.001692190880646649
BIA-JD13-45,exact_or_related,adjacent,73.40160565748731,73.40329784836796,0.001692190880646649,0.001692190880646649
BIA-JD13-46,divergent,exact_or_related,67.45892939446526,67.45495498619817,-0.003974408267083618,0.003974408267083618
BIA-JD13-47,adjacent,divergent,74.35115148922111,74.35343370660755,0.002282217386436969,0.002282217386436969
BIA-JD13-48,divergent,exact_or_related,85.7519075018273,85.7479330935602,-0.003974408267097829,0.003974408267097829
BIA-JD13-49,exact_or_related,adjacent,87.60288675188745,87.6045789427681,0.001692190880646649,0.001692190880646649
BIA-JD13-50,exact_or_related,adjacent,70.86055312936061,70.86224532024126,0.001692190880646649,0.001692190880646649
BIA-JD13-51,exact_or_related,adjacent,74.61102484951431,74.61271704039495,0.001692190880646649,0.001692190880646649
BIA-JD13-52,exact_or_related,adjacent,71.40085345731104,71.40254564819169,0.001692190880646649,0.001692190880646649
BIA-JD13-53,adjacent,divergent,82.65732315375317,82.65960537113962,0.0022822173864511797,0.0022822173864511797
BIA-JD13-54,exact_or_related,adjacent,71.40796348858602,71.40965567946665,0.0016921908806324382,0.0016921908806324382
BIA-JD13-55,exact_or_related,adjacent,61.25632847776806,61.258020668648705,0.001692190880646649,0.001692190880646649
BIA-JD13-56,exact_or_related,adjacent,77.35629266932126,77.35798486020191,0.001692190880646649,0.001692190880646649
BIA-JD13-57,exact_or_related,adjacent,68.9544710382626,68.95616322914324,0.001692190880646649,0.001692190880646649
BIA-JD13-58,exact_or_related,adjacent,78.10471527479191,78.10640746567256,0.001692190880646649,0.001692190880646649
BIA-JD13-59,exact_or_related,adjacent,78.74910715159132,78.75079934247196,0.001692190880646649,0.001692190880646649
BIA-JD13-60,adjacent,divergent,72.00139244980834,72.00367466719479,0.0022822173864511797,0.0022822173864511797
BIA-JD13-61,adjacent,divergent,74.70492638200528,74.70720859939172,0.002282217386436969,0.002282217386436969
BIA-JD13-62,divergent,exact_or_related,77.75821617517978,77.7542417669127,-0.003974408267083618,0.003974408267083618
BIA-JD13-63,exact_or_related,adjacent,65.10196159945069,65.10365379033134,0.001692190880646649,0.001692190880646649
BIA-JD13-64,adjacent,divergent,87.85262606432994,87.85490828171639,0.0022822173864511797,0.0022822173864511797
BIA-JD13-65,exact_or_related,adjacent,65.45329263729731,65.45498482817796,0.001692190880646649,0.001692190880646649
BIA-JD13-66,adjacent,divergent,61.95849424472489,61.96077646211134,0.0022822173864511797,0.0022822173864511797
BIA-JD13-67,adjacent,divergent,77.00738315862226,77.00966537600871,0.0022822173864511797,0.0022822173864511797
BIA-JD13-68,adjacent,divergent,55.65829271400561,55.66057493139207,0.002282217386458285,0.002282217386458285
BIA-JD13-69,exact_or_related,adjacent,82.65280867302144,82.65450086390209,0.001692190880646649,0.001692190880646649
BIA-JD13-70,exact_or_related,adjacent,78.44794947057659,78.44964166145724,0.001692190880646649,0.001692190880646649
BIA-JD13-71,adjacent,divergent,68.8048851816346,68.80716739902104,0.002282217386436969,0.002282217386436969
BIA-JD13-72,exact_or_related,adjacent,73.14935047248402,73.15104266336466,0.001692190880646649,0.001692190880646649
BIA-JD13-73,exact_or_related,adjacent,80.04877953423805,80.0504717251187,0.001692190880646649,0.001692190880646649
BIA-JD13-74,adjacent,divergent,82.85701737048066,82.85929958786711,0.0022822173864511797,0.0022822173864511797
BIA-JD13-75,adjacent,divergent,80.45190637484068,80.45418859222714,0.0022822173864653905,0.0022822173864653905
BIA-JD13-76,adjacent,divergent,67.49029314107416,67.49257535846061,0.0022822173864511797,0.0022822173864511797
BIA-JD13-77,exact_or_related,adjacent,75.74931114510939,75.75100333599003,0.001692190880646649,0.001692190880646649
BIA-JD13-78,divergent,exact_or_related,87.60358697964622,87.59961257137913,-0.003974408267097829,0.003974408267097829
BIA-JD13-79,exact_or_related,adjacent,75.50272804720255,75.5044202380832,0.001692190880646649,0.001692190880646649
BIA-JD13-80,divergent,exact_or_related,80.50236707817977,80.49839266991268,-0.003974408267097829,0.003974408267097829
BIA-JD13-81,exact_or_related,adjacent,76.55632491929302,76.55801711017367,0.001692190880646649,0.001692190880646649
BIA-JD13-82,exact_or_related,adjacent,70.20273899176628,70.20443118264693,0.001692190880646649,0.001692190880646649
BIA-JD13-83,divergent,exact_or_related,76.65910035361563,76.65512594534854,-0.003974408267083618,0.003974408267083618
BIA-JD13-84,divergent,exact_or_related,73.35357572118168,73.34960131291459,-0.003974408267097829,0.003974408267097829
BIA-JD13-85,exact_or_related,adjacent,83.35038235976717,83.35207455064781,0.001692190880646649,0.001692190880646649
BIA-JD13-86,exact_or_related,adjacent,63.70512439180217,63.70681658268282,0.001692190880646649,0.001692190880646649
BIA-JD13-87,adjacent,divergent,66.30713745683646,66.30941967422291,0.0022822173864511797,0.0022822173864511797
BIA-JD13-88,exact_or_related,adjacent,69.40835690836128,69.41004909924193,0.001692190880646649,0.001692190880646649
BIA-JD13-89,exact_or_related,adjacent,82.39998313193756,82.4016753228182,0.001692190880646649,0.001692190880646649
BIA-JD13-90,exact_or_related,adjacent,69.65130417624697,69.6529963671276,0.0016921908806324382,0.0016921908806324382
BIA-JD13-91,exact_or_related,adjacent,67.05525036107899,67.05694255195964,0.001692190880646649,0.001692190880646649
BIA-JD13-92,exact_or_related,adjacent,61.10629703466861,61.107989225549254,0.001692190880646649,0.001692190880646649
BIA-JD13-93,exact_or_related,adjacent,62.45803753684015,62.4597297277208,0.001692190880646649,0.001692190880646649
BIA-JD13-94,exact_or_related,adjacent,73.55246584369141,73.55415803457205,0.001692190880646649,0.001692190880646649
BIA-JD13-95,exact_or_related,adjacent,77.5490560892961,77.55074828017675,0.001692190880646649,0.001692190880646649
BIA-JD13-96,exact_or_related,adjacent,73.70509910562579,73.70679129650644,0.001692190880646649,0.001692190880646649
BIA-JD13-97,adjacent,divergent,61.60842468990472,61.61070690729117,0.0022822173864440742,0.0022822173864440742
BIA-JD13-98,exact_or_related,adjacent,88.1530288038003,88.15472099468094,0.001692190880646649,0.001692190880646649
BIA-JD13-99,exact_or_related,adjacent,74.95129414903342,74.95298633991406,0.001692190880646649,0.001692190880646649
BIA-JD13-100,exact_or_related,adjacent,59.50561989388545,59.5073120847661,0.001692190880646649,0.001692190880646649
DEV-JD14-01,exact_or_related,adjacent,69.60328805259068,69.60498024347132,0.0016921908806324382,0.0016921908806324382
DEV-JD14-02,exact_or_related,adjacent,68.4055761121872,68.40726830306784,0.0016921908806324382,0.0016921908806324382
DEV-JD14-03,exact_or_related,adjacent,63.45360163186263,63.45529382274328,0.001692190880646649,0.001692190880646649
DEV-JD14-04,exact_or_related,adjacent,78.20024269253071,78.20193488341135,0.001692190880646649,0.001692190880646649
DEV-JD14-05,exact_or_related,adjacent,71.40516887153821,71.40686106241886,0.001692190880646649,0.001692190880646649
DEV-JD14-06,exact_or_related,adjacent,60.70687946919233,60.70857166007298,0.001692190880646649,0.001692190880646649
DEV-JD14-07,divergent,exact_or_related,69.54083073415626,69.53685632588916,-0.003974408267097829,0.003974408267097829
DEV-JD14-08,adjacent,divergent,72.8102817016387,72.81256391902515,0.0022822173864511797,0.0022822173864511797
DEV-JD14-09,exact_or_related,adjacent,54.95924280686602,54.96093499774667,0.001692190880646649,0.001692190880646649
DEV-JD14-10,exact_or_related,adjacent,69.8517713726273,69.85346356350794,0.001692190880646649,0.001692190880646649
DEV-JD14-11,exact_or_related,adjacent,67.73853210199572,67.74022429287636,0.001692190880646649,0.001692190880646649
DEV-JD14-12,exact_or_related,adjacent,68.90491061025148,68.90660280113212,0.001692190880646649,0.001692190880646649
DEV-JD14-13,exact_or_related,adjacent,66.05499127765516,66.05668346853581,0.001692190880646649,0.001692190880646649
DEV-JD14-14,divergent,exact_or_related,84.50570393121737,84.50172952295028,-0.003974408267083618,0.003974408267083618
DEV-JD14-15,exact_or_related,adjacent,64.05754474613718,64.05923693701783,0.001692190880646649,0.001692190880646649
DEV-JD14-16,divergent,exact_or_related,83.55375248538947,83.54977807712237,-0.003974408267097829,0.003974408267097829
DEV-JD14-17,exact_or_related,adjacent,86.40175571959759,86.40344791047823,0.001692190880646649,0.001692190880646649
DEV-JD14-18,adjacent,divergent,85.15575532463046,85.1580375420169,0.002282217386436969,0.002282217386436969
DEV-JD14-19,divergent,exact_or_related,71.30979215200514,71.30581774373805,-0.003974408267097829,0.003974408267097829
DEV-JD14-20,exact_or_related,adjacent,69.0541084121404,69.05580060302104,0.001692190880646649,0.001692190880646649
DEV-JD14-21,exact_or_related,adjacent,70.35148078465362,70.35317297553426,0.001692190880646649,0.001692190880646649
DEV-JD14-22,adjacent,divergent,66.4559411932534,66.45822341063986,0.0022822173864653905,0.0022822173864653905
DEV-JD14-23,divergent,exact_or_related,86.45471405081571,86.45073964254863,-0.003974408267083618,0.003974408267083618
DEV-JD14-24,exact_or_related,adjacent,67.45200708087587,67.45369927175652,0.001692190880646649,0.001692190880646649
DEV-JD14-25,exact_or_related,adjacent,59.308343921025696,59.31003611190634,0.001692190880646649,0.001692190880646649
DEV-JD14-26,exact_or_related,adjacent,64.45571010182158,64.45740229270223,0.001692190880646649,0.001692190880646649
DEV-JD14-27,divergent,exact_or_related,84.05521765711104,84.05124324884396,-0.003974408267083618,0.003974408267083618
DEV-JD14-28,divergent,exact_or_related,68.95718076250911,68.95320635424201,-0.003974408267097829,0.003974408267097829
DEV-JD14-29,divergent,exact_or_related,77.60591541067015,77.60194100240307,-0.003974408267083618,0.003974408267083618
DEV-JD14-30,exact_or_related,adjacent,71.45590592926355,71.4575981201442,0.001692190880646649,0.001692190880646649
DEV-JD14-31,exact_or_related,adjacent,83.35553779714559,83.35722998802623,0.001692190880646649,0.001692190880646649
DEV-JD14-32,exact_or_related,adjacent,76.54968932799423,76.55138151887488,0.001692190880646649,0.001692190880646649
DEV-JD14-33,adjacent,divergent,56.894332183152216,56.89661440053867,0.0022822173864511797,0.0022822173864511797
DEV-JD14-34,exact_or_related,adjacent,64.45474178275315,64.45643397363379,0.001692190880646649,0.001692190880646649
DEV-JD14-35,adjacent,divergent,78.36106019078574,78.36334240817219,0.0022822173864511797,0.0022822173864511797
DEV-JD14-36,exact_or_related,adjacent,51.259313856682965,51.26100604756361,0.001692190880646649,0.001692190880646649
DEV-JD14-37,exact_or_related,adjacent,70.70338663210312,70.70507882298377,0.001692190880646649,0.001692190880646649
DEV-JD14-38,exact_or_related,adjacent,77.14785338064347,77.14954557152411,0.001692190880646649,0.001692190880646649
DEV-JD14-39,exact_or_related,adjacent,73.45851135748738,73.46020354836803,0.001692190880646649,0.001692190880646649
DEV-JD14-40,exact_or_related,adjacent,78.70510396873689,78.70679615961754,0.001692190880646649,0.001692190880646649
DEV-JD14-41,divergent,exact_or_related,68.96146643706507,68.95749202879797,-0.003974408267097829,0.003974408267097829
DEV-JD14-42,exact_or_related,adjacent,62.65776044750609,62.65945263838674,0.001692190880646649,0.001692190880646649
DEV-JD14-43,adjacent,divergent,70.05610915497134,70.05839137235778,0.002282217386436969,0.002282217386436969
DEV-JD14-44,divergent,exact_or_related,83.20289717619359,83.19892276792649,-0.003974408267097829,0.003974408267097829
DEV-JD14-45,exact_or_related,adjacent,75.30117716926587,75.30286936014652,0.001692190880646649,0.001692190880646649
DEV-JD14-46,exact_or_related,adjacent,78.99958871977098,79.00128091065163,0.001692190880646649,0.001692190880646649
DEV-JD14-47,adjacent,divergent,76.70614474796419,76.70842696535063,0.002282217386436969,0.002282217386436969
DEV-JD14-48,exact_or_related,adjacent,54.00783135388886,54.0095235447695,0.0016921908806395436,0.0016921908806395436
DEV-JD14-49,divergent,exact_or_related,56.311834675737586,56.3078602674705,-0.003974408267083618,0.003974408267083618
DEV-JD14-50,exact_or_related,adjacent,78.75692442448408,78.75861661536473,0.001692190880646649,0.001692190880646649
DEV-JD14-51,adjacent,divergent,64.70518554773638,64.70746776512283,0.0022822173864511797,0.0022822173864511797
DEV-JD14-52,exact_or_related,adjacent,61.20563625433272,61.20732844521336,0.001692190880646649,0.001692190880646649
DEV-JD14-53,exact_or_related,adjacent,64.40782733266487,64.40951952354551,0.001692190880646649,0.001692190880646649
DEV-JD14-54,exact_or_related,adjacent,63.358397137819814,63.36008932870046,0.001692190880646649,0.001692190880646649
DEV-JD14-55,divergent,exact_or_related,57.64779437139062,57.64381996312352,-0.003974408267097829,0.003974408267097829
DEV-JD14-56,divergent,exact_or_related,82.45666179087152,82.45268738260442,-0.003974408267097829,0.003974408267097829
DEV-JD14-57,divergent,exact_or_related,62.160289959707185,62.15631555144009,-0.003974408267097829,0.003974408267097829
DEV-JD14-58,exact_or_related,adjacent,63.60621553549165,63.6079077263723,0.001692190880646649,0.001692190880646649
DEV-JD14-59,adjacent,divergent,51.797904264942254,51.8001864823287,0.0022822173864440742,0.0022822173864440742
DEV-JD14-60,exact_or_related,adjacent,84.4520031703049,84.45369536118555,0.001692190880646649,0.001692190880646649
DEV-JD14-61,exact_or_related,adjacent,75.45468848905749,75.45638067993814,0.001692190880646649,0.001692190880646649
DEV-JD14-62,exact_or_related,adjacent,81.75061135642716,81.7523035473078,0.001692190880646649,0.001692190880646649
DEV-JD14-63,exact_or_related,adjacent,57.907395329320394,57.90908752020104,0.001692190880646649,0.001692190880646649
DEV-JD14-64,exact_or_related,adjacent,54.559930474142476,54.56162266502312,0.001692190880646649,0.001692190880646649
DEV-JD14-65,exact_or_related,adjacent,70.79929293369898,70.80098512457963,0.001692190880646649,0.001692190880646649
DEV-JD14-66,exact_or_related,adjacent,66.25347780579689,66.25516999667754,0.001692190880646649,0.001692190880646649
DEV-JD14-67,divergent,exact_or_related,84.00212339255805,83.99814898429095,-0.003974408267097829,0.003974408267097829
DEV-JD14-68,divergent,exact_or_related,66.15923868550897,66.15526427724188,-0.003974408267083618,0.003974408267083618
DEV-JD14-69,adjacent,divergent,87.25616989540181,87.25845211278826,0.0022822173864511797,0.0022822173864511797
DEV-JD14-70,divergent,exact_or_related,73.61414209362829,73.61016768536119,-0.003974408267097829,0.003974408267097829
DEV-JD14-71,adjacent,divergent,85.95174433782465,85.9540265552111,0.0022822173864511797,0.0022822173864511797
DEV-JD14-72,exact_or_related,adjacent,76.7072320328208,76.70892422370144,0.001692190880646649,0.001692190880646649
DEV-JD14-73,exact_or_related,adjacent,63.55793945280416,63.5596316436848,0.0016921908806395436,0.0016921908806395436
DEV-JD14-74,exact_or_related,adjacent,74.25378341774636,74.25547560862701,0.001692190880646649,0.001692190880646649
DEV-JD14-75,exact_or_related,adjacent,59.693043451092166,59.69473564197281,0.001692190880646649,0.001692190880646649
DEV-JD14-76,adjacent,divergent,86.65089378084244,86.65317599822887,0.002282217386436969,0.002282217386436969
DEV-JD14-77,exact_or_related,adjacent,84.45084064110097,84.45253283198161,0.001692190880646649,0.001692190880646649
DEV-JD14-78,exact_or_related,adjacent,66.30378187136614,66.30547406224679,0.001692190880646649,0.001692190880646649
DEV-JD14-79,exact_or_related,adjacent,80.04906821773348,80.05076040861412,0.001692190880646649,0.001692190880646649
DEV-JD14-80,exact_or_related,adjacent,73.2042217927485,73.20591398362915,0.001692190880646649,0.001692190880646649
DEV-JD14-81,exact_or_related,adjacent,79.75477022299565,79.75646241387628,0.0016921908806324382,0.0016921908806324382
DEV-JD14-82,exact_or_related,adjacent,79.85015934859908,79.85185153947972,0.001692190880646649,0.001692190880646649
DEV-JD14-83,divergent,exact_or_related,71.20609663250484,71.20212222423774,-0.003974408267097829,0.003974408267097829
DEV-JD14-84,adjacent,divergent,68.75753907438374,68.7598212917702,0.0022822173864511797,0.0022822173864511797
DEV-JD14-85,adjacent,divergent,83.65158776727596,83.6538699846624,0.0022822173864511797,0.0022822173864511797
DEV-JD14-86,adjacent,divergent,70.90165244719715,70.90393466458359,0.002282217386436969,0.002282217386436969
DEV-JD14-87,exact_or_related,adjacent,60.993335107473946,60.99502729835459,0.001692190880646649,0.001692190880646649
DEV-JD14-88,adjacent,divergent,70.20983174260022,70.21211395998667,0.0022822173864511797,0.0022822173864511797
DEV-JD14-89,adjacent,divergent,69.0538111291801,69.05609334656656,0.0022822173864511797,0.0022822173864511797
DEV-JD14-90,exact_or_related,adjacent,75.40428455231553,75.40597674319618,0.001692190880646649,0.001692190880646649
DEV-JD14-91,exact_or_related,adjacent,83.15348914696071,83.15518133784136,0.001692190880646649,0.001692190880646649
DEV-JD14-92,divergent,exact_or_related,85.40397966261536,85.40000525434827,-0.003974408267083618,0.003974408267083618
DEV-JD14-93,adjacent,divergent,68.40445650429572,68.40673872168217,0.0022822173864511797,0.0022822173864511797
DEV-JD14-94,adjacent,divergent,70.60917025858522,70.61145247597166,0.002282217386436969,0.002282217386436969
DEV-JD14-95,exact_or_related,adjacent,75.10225994347265,75.10395213435329,0.001692190880646649,0.001692190880646649
DEV-JD14-96,exact_or_related,adjacent,81.75131913913829,81.75301133001894,0.001692190880646649,0.001692190880646649
DEV-JD14-97,adjacent,divergent,64.85500650033106,64.8572887177175,0.002282217386436969,0.002282217386436969
DEV-JD14-98,exact_or_related,adjacent,73.70374354604147,73.70543573692211,0.001692190880646649,0.001692190880646649
DEV-JD14-99,divergent,exact_or_related,81.30554684715783,81.30157243889073,-0.003974408267097829,0.003974408267097829
DEV-JD14-100,exact_or_related,adjacent,86.80314910822815,86.8048412991088,0.001692190880646649,0.001692190880646649
CE-JD15-01,exact_or_related,adjacent,74.99983905797853,75.00153124885918,0.001692190880646649,0.001692190880646649
CE-JD15-02,divergent,exact_or_related,64.4110780338708,64.40710362560371,-0.003974408267083618,0.003974408267083618
CE-JD15-03,divergent,exact_or_related,73.1551117210392,73.15113731277212,-0.003974408267083618,0.003974408267083618
CE-JD15-04,exact_or_related,adjacent,62.50739978046076,62.5090919713414,0.0016921908806395436,0.0016921908806395436
CE-JD15-05,divergent,exact_or_related,75.60499847240379,75.60102406413671,-0.003974408267083618,0.003974408267083618
CE-JD15-06,divergent,exact_or_related,60.9088739984449,60.90489959017781,-0.003974408267090723,0.003974408267090723
CE-JD15-07,exact_or_related,adjacent,55.807754383080166,55.80944657396081,0.001692190880646649,0.001692190880646649
CE-JD15-08,exact_or_related,adjacent,69.13815614222484,69.13984833310549,0.001692190880646649,0.001692190880646649
CE-JD15-09,exact_or_related,adjacent,64.00709519699825,64.0087873878789,0.001692190880646649,0.001692190880646649
CE-JD15-10,exact_or_related,adjacent,64.55423207973448,64.55592427061512,0.001692190880646649,0.001692190880646649
CE-JD15-11,exact_or_related,adjacent,84.29992371247081,84.30161590335146,0.001692190880646649,0.001692190880646649
CE-JD15-12,adjacent,divergent,60.909633417005566,60.91191563439202,0.0022822173864511797,0.0022822173864511797
CE-JD15-13,exact_or_related,adjacent,73.95312560637349,73.95481779725414,0.001692190880646649,0.001692190880646649
CE-JD15-14,exact_or_related,adjacent,62.657943418981425,62.659635609862065,0.0016921908806395436,0.0016921908806395436
CE-JD15-15,exact_or_related,adjacent,65.8035002472392,65.80519243811985,0.001692190880646649,0.001692190880646649
CE-JD15-16,adjacent,divergent,77.45715618622063,77.4594384036071,0.0022822173864653905,0.0022822173864653905
CE-JD15-17,adjacent,divergent,76.80190759662553,76.80418981401198,0.0022822173864511797,0.0022822173864511797
CE-JD15-18,exact_or_related,adjacent,63.95594211266879,63.95763430354943,0.001692190880646649,0.001692190880646649
CE-JD15-19,exact_or_related,adjacent,73.25912603828682,73.26081822916747,0.001692190880646649,0.001692190880646649
CE-JD15-20,adjacent,divergent,72.21002622710809,72.21230844449452,0.002282217386436969,0.002282217386436969
CE-JD15-21,exact_or_related,adjacent,74.20484472172934,74.20653691260999,0.001692190880646649,0.001692190880646649
CE-JD15-22,exact_or_related,adjacent,65.3081725039708,65.30986469485143,0.0016921908806324382,0.0016921908806324382
CE-JD15-23,divergent,exact_or_related,84.75523789329253,84.75126348502543,-0.003974408267097829,0.003974408267097829
CE-JD15-24,exact_or_related,adjacent,65.50568683607338,65.50737902695403,0.001692190880646649,0.001692190880646649
CE-JD15-25,divergent,exact_or_related,67.76267444497611,67.75870003670902,-0.003974408267097829,0.003974408267097829
CE-JD15-26,divergent,exact_or_related,69.10932810443353,69.10535369616643,-0.003974408267097829,0.003974408267097829
CE-JD15-27,adjacent,divergent,69.50612644411027,69.50840866149673,0.0022822173864653905,0.0022822173864653905
CE-JD15-28,adjacent,divergent,80.35874222648545,80.36102444387191,0.0022822173864653905,0.0022822173864653905
CE-JD15-29,exact_or_related,adjacent,81.44863786080451,81.45033005168516,0.001692190880646649,0.001692190880646649
CE-JD15-30,adjacent,divergent,73.50794592799569,73.51022814538214,0.0022822173864511797,0.0022822173864511797
CE-JD15-31,divergent,exact_or_related,73.90660359980201,73.90262919153491,-0.003974408267097829,0.003974408267097829
CE-JD15-32,adjacent,divergent,87.35337591066487,87.35565812805132,0.0022822173864511797,0.0022822173864511797
CE-JD15-33,adjacent,divergent,62.60954820073677,62.61183041812321,0.0022822173864440742,0.0022822173864440742
CE-JD15-34,adjacent,divergent,59.90912650439511,59.911408721781555,0.0022822173864440742,0.0022822173864440742
CE-JD15-35,exact_or_related,adjacent,67.40521284844601,67.40690503932666,0.001692190880646649,0.001692190880646649
CE-JD15-36,adjacent,divergent,75.20244599051937,75.20472820790582,0.0022822173864511797,0.0022822173864511797
CE-JD15-37,exact_or_related,adjacent,85.25170559972189,85.25339779060253,0.001692190880646649,0.001692190880646649
CE-JD15-38,exact_or_related,adjacent,81.35277852869326,81.35447071957391,0.001692190880646649,0.001692190880646649
CE-JD15-39,exact_or_related,adjacent,84.40024486565726,84.4019370565379,0.001692190880646649,0.001692190880646649
CE-JD15-40,divergent,exact_or_related,85.15820869828046,85.15423429001336,-0.003974408267097829,0.003974408267097829
CE-JD15-41,exact_or_related,adjacent,78.75418160176758,78.75587379264823,0.001692190880646649,0.001692190880646649
CE-JD15-42,exact_or_related,adjacent,86.80259299509265,86.8042851859733,0.001692190880646649,0.001692190880646649
CE-JD15-43,adjacent,divergent,58.14484756941866,58.14712978680511,0.0022822173864511797,0.0022822173864511797
CE-JD15-44,exact_or_related,adjacent,72.85169014960553,72.85338234048616,0.0016921908806324382,0.0016921908806324382
CE-JD15-45,adjacent,divergent,87.05149115618583,87.0537733735723,0.0022822173864653905,0.0022822173864653905
CE-JD15-46,exact_or_related,adjacent,56.90757677028555,56.9092689611662,0.001692190880646649,0.001692190880646649
CE-JD15-47,divergent,exact_or_related,72.45734591719166,72.45337150892456,-0.003974408267097829,0.003974408267097829
CE-JD15-48,divergent,exact_or_related,69.40821207727424,69.40423766900714,-0.003974408267097829,0.003974408267097829
CE-JD15-49,adjacent,divergent,73.35653781069983,73.35882002808627,0.002282217386436969,0.002282217386436969
CE-JD15-50,exact_or_related,adjacent,81.3010077944813,81.30269998536194,0.001692190880646649,0.001692190880646649
CE-JD15-51,divergent,exact_or_related,74.80402959102433,74.80005518275723,-0.003974408267097829,0.003974408267097829
CE-JD15-52,exact_or_related,adjacent,75.25500779385962,75.25669998474027,0.001692190880646649,0.001692190880646649
CE-JD15-53,adjacent,divergent,78.80626811942867,78.80855033681512,0.0022822173864511797,0.0022822173864511797
CE-JD15-54,adjacent,divergent,68.8055381395638,68.80782035695024,0.0022822173864511797,0.0022822173864511797
CE-JD15-55,exact_or_related,adjacent,72.80655625922054,72.80824845010119,0.001692190880646649,0.001692190880646649
CE-JD15-56,adjacent,divergent,73.85490627256512,73.85718848995157,0.0022822173864511797,0.0022822173864511797
CE-JD15-57,adjacent,divergent,83.55058926216041,83.55287147954687,0.0022822173864511797,0.0022822173864511797
CE-JD15-58,adjacent,divergent,61.308705210627316,61.31098742801377,0.0022822173864511797,0.0022822173864511797
CE-JD15-59,exact_or_related,adjacent,64.20759981966019,64.20929201054082,0.0016921908806324382,0.0016921908806324382
CE-JD15-60,exact_or_related,adjacent,73.00125237437751,73.00294456525816,0.001692190880646649,0.001692190880646649
CE-JD15-61,exact_or_related,adjacent,74.50684378626089,74.50853597714153,0.001692190880646649,0.001692190880646649
CE-JD15-62,exact_or_related,adjacent,66.95718553327299,66.95887772415364,0.001692190880646649,0.001692190880646649
CE-JD15-63,exact_or_related,adjacent,71.90107198246253,71.90276417334317,0.001692190880646649,0.001692190880646649
CE-JD15-64,exact_or_related,adjacent,79.04792898419318,79.04962117507382,0.001692190880646649,0.001692190880646649
CE-JD15-65,exact_or_related,adjacent,72.51025167054146,72.51194386142211,0.001692190880646649,0.001692190880646649
CE-JD15-66,divergent,exact_or_related,83.5549056484346,83.5509312401675,-0.003974408267097829,0.003974408267097829
CE-JD15-67,exact_or_related,adjacent,61.00594794521112,61.007640136091766,0.001692190880646649,0.001692190880646649
CE-JD15-68,divergent,exact_or_related,72.75494303403177,72.75096862576468,-0.003974408267083618,0.003974408267083618
CE-JD15-69,adjacent,divergent,62.509031351944614,62.511313569331065,0.0022822173864511797,0.0022822173864511797
CE-JD15-70,exact_or_related,adjacent,87.50218750381158,87.50387969469223,0.001692190880646649,0.001692190880646649
CE-JD15-71,exact_or_related,adjacent,57.95695408804011,57.95864627892075,0.0016921908806395436,0.0016921908806395436
CE-JD15-72,exact_or_related,adjacent,73.80058912760875,73.80228131848939,0.001692190880646649,0.001692190880646649
CE-JD15-73,divergent,exact_or_related,68.80801362356976,68.80403921530267,-0.003974408267097829,0.003974408267097829
CE-JD15-74,exact_or_related,adjacent,77.80445565296158,77.80614784384223,0.001692190880646649,0.001692190880646649
CE-JD15-75,adjacent,divergent,83.05253435212528,83.05481656951173,0.0022822173864511797,0.0022822173864511797
CE-JD15-76,divergent,exact_or_related,72.05657934538972,72.05260493712262,-0.003974408267097829,0.003974408267097829
CE-JD15-77,exact_or_related,adjacent,81.40591576065553,81.40760795153618,0.001692190880646649,0.001692190880646649
CE-JD15-78,exact_or_related,adjacent,72.95139693684733,72.95308912772798,0.001692190880646649,0.001692190880646649
CE-JD15-79,adjacent,divergent,68.90706895605409,68.90935117344054,0.0022822173864511797,0.0022822173864511797
CE-JD15-80,adjacent,divergent,65.25924256153117,65.26152477891762,0.0022822173864511797,0.0022822173864511797
CE-JD15-81,exact_or_related,adjacent,67.55337243786066,67.5550646287413,0.001692190880646649,0.001692190880646649
CE-JD15-82,divergent,exact_or_related,84.05388506360885,84.04991065534176,-0.003974408267083618,0.003974408267083618
CE-JD15-83,exact_or_related,adjacent,69.90200223468709,69.90369442556774,0.001692190880646649,0.001692190880646649
CE-JD15-84,exact_or_related,adjacent,55.05919335116344,55.06088554204408,0.001692190880646649,0.001692190880646649
CE-JD15-85,exact_or_related,adjacent,55.55886659941692,55.56055879029757,0.001692190880646649,0.001692190880646649
CE-JD15-86,divergent,exact_or_related,80.95252798446967,80.94855357620257,-0.003974408267097829,0.003974408267097829
CE-JD15-87,adjacent,divergent,68.25426042689115,68.2565426442776,0.0022822173864511797,0.0022822173864511797
CE-JD15-88,exact_or_related,adjacent,63.95455510709541,63.956247297976056,0.001692190880646649,0.001692190880646649
CE-JD15-89,exact_or_related,adjacent,76.25458581379267,76.2562780046733,0.0016921908806324382,0.0016921908806324382
CE-JD15-90,exact_or_related,adjacent,73.00116160259874,73.00285379347939,0.001692190880646649,0.001692190880646649
CE-JD15-91,adjacent,divergent,76.90494410136697,76.9072263187534,0.002282217386436969,0.002282217386436969
CE-JD15-92,exact_or_related,adjacent,72.25013709582784,72.25182928670849,0.001692190880646649,0.001692190880646649
CE-JD15-93,exact_or_related,adjacent,76.55682317594301,76.55851536682366,0.001692190880646649,0.001692190880646649
CE-JD15-94,exact_or_related,adjacent,69.10244225838912,69.10413444926976,0.001692190880646649,0.001692190880646649
CE-JD15-95,adjacent,divergent,72.05256770611784,72.05484992350428,0.002282217386436969,0.002282217386436969
CE-JD15-96,exact_or_related,adjacent,72.85045189022001,72.85214408110066,0.001692190880646649,0.001692190880646649
CE-JD15-97,exact_or_related,adjacent,78.69901180345046,78.7007039943311,0.001692190880646649,0.001692190880646649
CE-JD15-98,exact_or_related,adjacent,63.15743715431253,63.15912934519318,0.001692190880646649,0.001692190880646649
CE-JD15-99,adjacent,divergent,71.80619815048608,71.80848036787252,0.002282217386436969,0.002282217386436969
CE-JD15-100,exact_or_related,adjacent,60.85689328162391,60.85858547250456,0.001692190880646649,0.001692190880646649
SRE-JD16-01,exact_or_related,adjacent,70.05400205077152,70.05569424165216,0.001692190880646649,0.001692190880646649
SRE-JD16-02,exact_or_related,adjacent,72.75026274530616,72.75195493618679,0.0016921908806324382,0.0016921908806324382
SRE-JD16-03,divergent,exact_or_related,71.45540523709313,71.45143082882605,-0.003974408267083618,0.003974408267083618
SRE-JD16-04,exact_or_related,adjacent,80.14850166850378,80.15019385938443,0.001692190880646649,0.001692190880646649
SRE-JD16-05,adjacent,divergent,63.25652890547583,63.25881112286228,0.0022822173864440742,0.0022822173864440742
SRE-JD16-06,divergent,exact_or_related,91.0555103385528,91.05153593028571,-0.003974408267097829,0.003974408267097829
SRE-JD16-07,exact_or_related,adjacent,58.6065383541647,58.60823054504534,0.0016921908806395436,0.0016921908806395436
SRE-JD16-08,exact_or_related,adjacent,76.00968190566849,76.01137409654913,0.001692190880646649,0.001692190880646649
SRE-JD16-09,exact_or_related,adjacent,71.90034919275156,71.90204138363221,0.001692190880646649,0.001692190880646649
SRE-JD16-10,divergent,exact_or_related,63.760458152774206,63.756483744507115,-0.003974408267090723,0.003974408267090723
SRE-JD16-11,exact_or_related,adjacent,67.03806605737797,67.03975824825862,0.001692190880646649,0.001692190880646649
SRE-JD16-12,exact_or_related,adjacent,75.85113808440376,75.8528302752844,0.001692190880646649,0.001692190880646649
SRE-JD16-13,adjacent,divergent,52.59858472038511,52.60086693777156,0.0022822173864511797,0.0022822173864511797
SRE-JD16-14,divergent,exact_or_related,64.2072071231538,64.2032327148867,-0.003974408267097829,0.003974408267097829
SRE-JD16-15,divergent,exact_or_related,69.96198784610777,69.95801343784068,-0.003974408267097829,0.003974408267097829
SRE-JD16-16,exact_or_related,adjacent,79.65536124916895,79.6570534400496,0.001692190880646649,0.001692190880646649
SRE-JD16-17,exact_or_related,adjacent,72.80296064455804,72.80465283543869,0.001692190880646649,0.001692190880646649
SRE-JD16-18,exact_or_related,adjacent,62.60574122431611,62.60743341519676,0.001692190880646649,0.001692190880646649
SRE-JD16-19,exact_or_related,adjacent,82.4995912707836,82.50128346166423,0.0016921908806324382,0.0016921908806324382
SRE-JD16-20,exact_or_related,adjacent,64.33939615161103,64.34108834249167,0.001692190880646649,0.001692190880646649
SRE-JD16-21,exact_or_related,adjacent,67.75247152184424,67.75416371272489,0.001692190880646649,0.001692190880646649
SRE-JD16-22,adjacent,divergent,77.15434846798972,77.15663068537619,0.0022822173864653905,0.0022822173864653905
SRE-JD16-23,adjacent,divergent,74.50848657023914,74.5107687876256,0.0022822173864511797,0.0022822173864511797
SRE-JD16-24,exact_or_related,adjacent,72.50734688310513,72.50903907398578,0.001692190880646649,0.001692190880646649
SRE-JD16-25,exact_or_related,adjacent,85.95064749053577,85.95233968141642,0.001692190880646649,0.001692190880646649
SRE-JD16-26,exact_or_related,adjacent,58.357778933970856,58.3594711248515,0.001692190880646649,0.001692190880646649
SRE-JD16-27,adjacent,divergent,77.10123046922821,77.10351268661466,0.0022822173864511797,0.0022822173864511797
SRE-JD16-28,adjacent,divergent,72.85551780846438,72.85780002585082,0.002282217386436969,0.002282217386436969
SRE-JD16-29,divergent,exact_or_related,78.1555342092157,78.1515598009486,-0.003974408267097829,0.003974408267097829
SRE-JD16-30,exact_or_related,adjacent,74.35191798973437,74.35361018061502,0.001692190880646649,0.001692190880646649
SRE-JD16-31,adjacent,divergent,68.00566860062295,68.0079508180094,0.0022822173864511797,0.0022822173864511797
SRE-JD16-32,exact_or_related,adjacent,69.05273353641162,69.05442572729227,0.001692190880646649,0.001692190880646649
SRE-JD16-33,divergent,exact_or_related,87.15205088792723,87.14807647966013,-0.003974408267097829,0.003974408267097829
SRE-JD16-34,divergent,exact_or_related,78.35843059869235,78.35445619042527,-0.003974408267083618,0.003974408267083618
SRE-JD16-35,divergent,exact_or_related,75.75778007374342,75.75380566547632,-0.003974408267097829,0.003974408267097829
SRE-JD16-36,exact_or_related,adjacent,74.15444318780777,74.15613537868842,0.001692190880646649,0.001692190880646649
SRE-JD16-37,exact_or_related,adjacent,68.60243142953091,68.60412362041156,0.001692190880646649,0.001692190880646649
SRE-JD16-38,exact_or_related,adjacent,53.7590517618244,53.76074395270505,0.001692190880646649,0.001692190880646649
SRE-JD16-39,divergent,exact_or_related,79.40773334741822,79.40375893915113,-0.003974408267083618,0.003974408267083618
SRE-JD16-40,exact_or_related,adjacent,59.405908626181066,59.40760081706171,0.001692190880646649,0.001692190880646649
SRE-JD16-41,exact_or_related,adjacent,68.65411627843483,68.65580846931547,0.001692190880646649,0.001692190880646649
SRE-JD16-42,divergent,exact_or_related,81.25731467054948,81.25334026228236,-0.0039744082671120395,0.0039744082671120395
SRE-JD16-43,exact_or_related,adjacent,76.7057029100809,76.70739510096155,0.001692190880646649,0.001692190880646649
SRE-JD16-44,divergent,exact_or_related,64.11076396294283,64.10678955467574,-0.003974408267083618,0.003974408267083618
SRE-JD16-45,divergent,exact_or_related,65.86194471313824,65.85797030487116,-0.003974408267083618,0.003974408267083618
SRE-JD16-46,exact_or_related,adjacent,67.9072112126598,67.90890340354045,0.001692190880646649,0.001692190880646649
SRE-JD16-47,exact_or_related,adjacent,71.1523657192104,71.15405791009104,0.001692190880646649,0.001692190880646649
SRE-JD16-48,exact_or_related,adjacent,64.4037585305544,64.40545072143505,0.001692190880646649,0.001692190880646649
SRE-JD16-49,exact_or_related,adjacent,69.40523950686071,69.40693169774136,0.001692190880646649,0.001692190880646649
SRE-JD16-50,divergent,exact_or_related,71.30699176166216,71.30301735339508,-0.003974408267083618,0.003974408267083618
SRE-JD16-51,adjacent,divergent,58.04419257258049,58.04647478996695,0.002282217386458285,0.002282217386458285
SRE-JD16-52,adjacent,divergent,75.7520319292967,75.75431414668314,0.002282217386436969,0.002282217386436969
SRE-JD16-53,exact_or_related,adjacent,66.00748668507866,66.0091788759593,0.0016921908806324382,0.0016921908806324382
SRE-JD16-54,exact_or_related,adjacent,74.70015883968314,74.70185103056379,0.001692190880646649,0.001692190880646649
SRE-JD16-55,divergent,exact_or_related,82.10567221060035,82.10169780233326,-0.003974408267083618,0.003974408267083618
SRE-JD16-56,exact_or_related,adjacent,60.69212128675053,60.693813477631174,0.001692190880646649,0.001692190880646649
SRE-JD16-57,exact_or_related,adjacent,80.7003723795002,80.70206457038084,0.001692190880646649,0.001692190880646649
SRE-JD16-58,adjacent,divergent,80.0543452292,80.05662744658645,0.0022822173864511797,0.0022822173864511797
SRE-JD16-59,exact_or_related,adjacent,61.106733244004026,61.10842543488467,0.001692190880646649,0.001692190880646649
SRE-JD16-60,exact_or_related,adjacent,70.25135908409264,70.25305127497329,0.001692190880646649,0.001692190880646649
SRE-JD16-61,divergent,exact_or_related,82.0573247028043,82.0533502945372,-0.003974408267097829,0.003974408267097829
SRE-JD16-62,exact_or_related,adjacent,62.741860950896076,62.74355314177672,0.001692190880646649,0.001692190880646649
SRE-JD16-63,exact_or_related,adjacent,62.00506663517829,62.00675882605893,0.0016921908806395436,0.0016921908806395436
SRE-JD16-64,divergent,exact_or_related,75.90972670973969,75.90575230147259,-0.003974408267097829,0.003974408267097829
SRE-JD16-65,adjacent,divergent,65.90532748559532,65.90760970298177,0.0022822173864511797,0.0022822173864511797
SRE-JD16-66,divergent,exact_or_related,65.25877074370673,65.25479633543962,-0.0039744082671120395,0.0039744082671120395
SRE-JD16-67,adjacent,divergent,69.66050736131535,69.66278957870179,0.002282217386436969,0.002282217386436969
SRE-JD16-68,divergent,exact_or_related,80.8038385126664,80.79986410439932,-0.003974408267083618,0.003974408267083618
SRE-JD16-69,exact_or_related,adjacent,76.90399721733587,76.90568940821652,0.001692190880646649,0.001692190880646649
SRE-JD16-70,exact_or_related,adjacent,77.40307848840074,77.40477067928138,0.001692190880646649,0.001692190880646649
SRE-JD16-71,exact_or_related,adjacent,62.20809861143142,62.209790802312064,0.001692190880646649,0.001692190880646649
SRE-JD16-72,exact_or_related,adjacent,71.35278456034924,71.35447675122988,0.001692190880646649,0.001692190880646649
SRE-JD16-73,adjacent,divergent,79.3010672782755,79.30334949566193,0.002282217386436969,0.002282217386436969
SRE-JD16-74,exact_or_related,adjacent,79.44797144215134,79.44966363303199,0.001692190880646649,0.001692190880646649
SRE-JD16-75,adjacent,divergent,67.30802648462192,67.31030870200836,0.002282217386436969,0.002282217386436969
SRE-JD16-76,exact_or_related,adjacent,64.10591782284216,64.1076100137228,0.001692190880646649,0.001692190880646649
SRE-JD16-77,exact_or_related,adjacent,73.30673995066014,73.30843214154079,0.001692190880646649,0.001692190880646649
SRE-JD16-78,exact_or_related,adjacent,77.15467903756765,77.1563712284483,0.001692190880646649,0.001692190880646649
SRE-JD16-79,adjacent,divergent,71.45318078326792,71.45546300065436,0.002282217386436969,0.002282217386436969
SRE-JD16-80,adjacent,divergent,72.00375293011484,72.00603514750128,0.002282217386436969,0.002282217386436969
SRE-JD16-81,exact_or_related,adjacent,82.1016951786652,82.10338736954584,0.001692190880646649,0.001692190880646649
SRE-JD16-82,adjacent,divergent,76.008857807003,76.01114002438945,0.0022822173864511797,0.0022822173864511797
SRE-JD16-83,adjacent,divergent,88.25356446837203,88.25584668575848,0.0022822173864511797,0.0022822173864511797
SRE-JD16-84,exact_or_related,adjacent,84.15206458630509,84.15375677718573,0.001692190880646649,0.001692190880646649
SRE-JD16-85,exact_or_related,adjacent,82.44925673819952,82.45094892908017,0.001692190880646649,0.001692190880646649
SRE-JD16-86,exact_or_related,adjacent,69.3042944602334,69.30598665111404,0.001692190880646649,0.001692190880646649
SRE-JD16-87,divergent,exact_or_related,77.30882764505085,77.30485323678376,-0.003974408267097829,0.003974408267097829
SRE-JD16-88,exact_or_related,adjacent,74.4002157759952,74.40190796687585,0.001692190880646649,0.001692190880646649
SRE-JD16-89,adjacent,divergent,69.40594523743748,69.40822745482394,0.0022822173864653905,0.0022822173864653905
SRE-JD16-90,exact_or_related,adjacent,62.05808439221722,62.059776583097864,0.001692190880646649,0.001692190880646649
SRE-JD16-91,adjacent,divergent,68.3046269465576,68.30690916394404,0.002282217386436969,0.002282217386436969
SRE-JD16-92,exact_or_related,adjacent,67.95691882135235,67.95861101223299,0.001692190880646649,0.001692190880646649
SRE-JD16-93,exact_or_related,adjacent,87.59771356039111,87.59940575127176,0.001692190880646649,0.001692190880646649
SRE-JD16-94,exact_or_related,adjacent,75.44887203167633,75.45056422255698,0.001692190880646649,0.001692190880646649
SRE-JD16-95,exact_or_related,adjacent,76.10045167924774,76.10214387012839,0.001692190880646649,0.001692190880646649
SRE-JD16-96,adjacent,divergent,55.26127728257127,55.263559499957715,0.0022822173864440742,0.0022822173864440742
SRE-JD16-97,exact_or_related,adjacent,73.5566134318254,73.55830562270604,0.001692190880646649,0.001692190880646649
SRE-JD16-98,exact_or_related,adjacent,61.056914181094534,61.05860637197518,0.001692190880646649,0.001692190880646649
SRE-JD16-99,adjacent,divergent,72.90963385057404,72.91191606796049,0.0022822173864511797,0.0022822173864511797
SRE-JD16-100,adjacent,divergent,85.20184348066701,85.20412569805346,0.0022822173864511797,0.0022822173864511797
QA-JD17-01,divergent,exact_or_related,64.15561960602943,64.15164519776233,-0.003974408267097829,0.003974408267097829
QA-JD17-02,adjacent,divergent,55.605969525384516,55.60825174277097,0.0022822173864511797,0.0022822173864511797
QA-JD17-03,exact_or_related,adjacent,74.3979418950157,74.39963408589635,0.001692190880646649,0.001692190880646649
QA-JD17-04,exact_or_related,adjacent,69.8505255127628,69.85221770364345,0.001692190880646649,0.001692190880646649
QA-JD17-05,exact_or_related,adjacent,62.703358031039095,62.70505022191974,0.001692190880646649,0.001692190880646649
QA-JD17-06,exact_or_related,adjacent,67.40218225218781,67.40387444306845,0.0016921908806324382,0.0016921908806324382
QA-JD17-07,divergent,exact_or_related,57.258900869341936,57.25492646107484,-0.003974408267097829,0.003974408267097829
QA-JD17-08,adjacent,divergent,72.2517678917888,72.25405010917525,0.0022822173864511797,0.0022822173864511797
QA-JD17-09,adjacent,divergent,76.6061964799142,76.60847869730065,0.0022822173864511797,0.0022822173864511797
QA-JD17-10,adjacent,divergent,59.8053005217697,59.807582739156146,0.0022822173864440742,0.0022822173864440742
QA-JD17-11,exact_or_related,adjacent,77.9036048925281,77.90529708340874,0.001692190880646649,0.001692190880646649
QA-JD17-12,exact_or_related,adjacent,79.20224157773752,79.20393376861817,0.001692190880646649,0.001692190880646649
QA-JD17-13,exact_or_related,adjacent,63.80604019600121,63.80773238688186,0.001692190880646649,0.001692190880646649
QA-JD17-14,exact_or_related,adjacent,72.89821509411321,72.89990728499386,0.001692190880646649,0.001692190880646649
QA-JD17-15,exact_or_related,adjacent,66.75086881641204,66.75256100729268,0.001692190880646649,0.001692190880646649
QA-JD17-16,exact_or_related,adjacent,73.94844428646354,73.95013647734419,0.001692190880646649,0.001692190880646649
QA-JD17-17,exact_or_related,adjacent,65.986300955374,65.98799314625465,0.001692190880646649,0.001692190880646649
QA-JD17-18,exact_or_related,adjacent,73.70600545244848,73.70769764332913,0.001692190880646649,0.001692190880646649
QA-JD17-19,exact_or_related,adjacent,86.39834230088755,86.4000344917682,0.001692190880646649,0.001692190880646649
QA-JD17-20,adjacent,divergent,71.20167318136161,71.20395539874806,0.0022822173864511797,0.0022822173864511797
QA-JD17-21,exact_or_related,adjacent,70.75393532312442,70.75562751400507,0.001692190880646649,0.001692190880646649
QA-JD17-22,exact_or_related,adjacent,73.50719418004896,73.5088863709296,0.001692190880646649,0.001692190880646649
QA-JD17-23,adjacent,divergent,66.83845364499861,66.84073586238506,0.0022822173864511797,0.0022822173864511797
QA-JD17-24,divergent,exact_or_related,75.0569057019731,75.052931293706,-0.003974408267097829,0.003974408267097829
QA-JD17-25,exact_or_related,adjacent,72.55019970543626,72.5518918963169,0.001692190880646649,0.001692190880646649
QA-JD17-26,adjacent,divergent,89.45170280995264,89.45398502733909,0.0022822173864511797,0.0022822173864511797
QA-JD17-27,exact_or_related,adjacent,61.25161186599662,61.25330405687726,0.0016921908806395436,0.0016921908806395436
QA-JD17-28,adjacent,divergent,69.58604092539426,69.58832314278071,0.0022822173864511797,0.0022822173864511797
QA-JD17-29,adjacent,divergent,75.2003778057237,75.20266002311016,0.0022822173864511797,0.0022822173864511797
QA-JD17-30,divergent,exact_or_related,69.73884895469874,69.73487454643166,-0.003974408267083618,0.003974408267083618
QA-JD17-31,adjacent,divergent,74.69899159056914,74.70127380795559,0.0022822173864511797,0.0022822173864511797
QA-JD17-32,exact_or_related,adjacent,72.95622430238167,72.95791649326232,0.001692190880646649,0.001692190880646649
QA-JD17-33,exact_or_related,adjacent,80.90045693741693,80.90214912829758,0.001692190880646649,0.001692190880646649
QA-JD17-34,exact_or_related,adjacent,80.89601872216768,80.89771091304833,0.001692190880646649,0.001692190880646649
QA-JD17-35,exact_or_related,adjacent,73.04815728550146,73.04984947638211,0.001692190880646649,0.001692190880646649
QA-JD17-36,adjacent,divergent,82.89985041851769,82.90213263590415,0.0022822173864653905,0.0022822173864653905
QA-JD17-37,exact_or_related,adjacent,77.7481595534215,77.74985174430215,0.001692190880646649,0.001692190880646649
QA-JD17-38,exact_or_related,adjacent,71.69808701373637,71.699779204617,0.0016921908806324382,0.0016921908806324382
QA-JD17-39,exact_or_related,adjacent,62.90017575669217,62.90186794757282,0.001692190880646649,0.001692190880646649
QA-JD17-40,adjacent,divergent,75.45264318208623,75.45492539947267,0.002282217386436969,0.002282217386436969
QA-JD17-41,exact_or_related,adjacent,58.95250440578376,58.95419659666441,0.001692190880646649,0.001692190880646649
QA-JD17-42,exact_or_related,adjacent,84.69586469786304,84.69755688874368,0.0016921908806324382,0.0016921908806324382
QA-JD17-43,adjacent,divergent,65.30404104377394,65.30632326116039,0.0022822173864511797,0.0022822173864511797
QA-JD17-44,adjacent,divergent,73.30268217837452,73.30496439576098,0.0022822173864511797,0.0022822173864511797
QA-JD17-45,adjacent,divergent,76.4502301043258,76.45251232171223,0.002282217386436969,0.002282217386436969
QA-JD17-46,exact_or_related,adjacent,65.65351540488409,65.65520759576474,0.001692190880646649,0.001692190880646649
QA-JD17-47,exact_or_related,adjacent,72.95418870557617,72.95588089645682,0.001692190880646649,0.001692190880646649
QA-JD17-48,adjacent,divergent,78.95285825423878,78.95514047162523,0.0022822173864511797,0.0022822173864511797
QA-JD17-49,exact_or_related,adjacent,72.05470029533674,72.05639248621739,0.001692190880646649,0.001692190880646649
QA-JD17-50,divergent,exact_or_related,78.44939356987062,78.44541916160354,-0.003974408267083618,0.003974408267083618
QA-JD17-51,adjacent,divergent,69.10759806910443,69.10988028649086,0.002282217386436969,0.002282217386436969
QA-JD17-52,exact_or_related,adjacent,74.05332169347317,74.05501388435381,0.001692190880646649,0.001692190880646649
QA-JD17-53,exact_or_related,adjacent,78.45010589199654,78.45179808287719,0.001692190880646649,0.001692190880646649
QA-JD17-54,exact_or_related,adjacent,77.64675283156033,77.64844502244097,0.0016921908806324382,0.0016921908806324382
QA-JD17-55,exact_or_related,adjacent,81.35224985393151,81.35394204481216,0.001692190880646649,0.001692190880646649
QA-JD17-56,exact_or_related,adjacent,61.455550010218666,61.45724220109931,0.001692190880646649,0.001692190880646649
QA-JD17-57,exact_or_related,adjacent,75.40412494630846,75.40581713718909,0.0016921908806324382,0.0016921908806324382
QA-JD17-58,divergent,exact_or_related,86.44861883556857,86.44464442730147,-0.003974408267097829,0.003974408267097829
QA-JD17-59,adjacent,divergent,77.00022616210136,77.00250837948781,0.0022822173864511797,0.0022822173864511797
QA-JD17-60,adjacent,divergent,76.4004688049775,76.40275102236396,0.0022822173864511797,0.0022822173864511797
QA-JD17-61,exact_or_related,adjacent,62.253129379902106,62.254821570782745,0.0016921908806395436,0.0016921908806395436
QA-JD17-62,exact_or_related,adjacent,70.84906791772386,70.8507601086045,0.001692190880646649,0.001692190880646649
QA-JD17-63,exact_or_related,adjacent,69.45558772412139,69.45727991500203,0.001692190880646649,0.001692190880646649
QA-JD17-64,exact_or_related,adjacent,80.69981933157979,80.70151152246042,0.0016921908806324382,0.0016921908806324382
QA-JD17-65,exact_or_related,adjacent,65.90629917430896,65.9079913651896,0.001692190880646649,0.001692190880646649
QA-JD17-66,exact_or_related,adjacent,75.84681961100979,75.84851180189044,0.001692190880646649,0.001692190880646649
QA-JD17-67,divergent,exact_or_related,87.44900135383017,87.44502694556307,-0.003974408267097829,0.003974408267097829
QA-JD17-68,adjacent,divergent,62.90486424952303,62.907146466909474,0.0022822173864440742,0.0022822173864440742
QA-JD17-69,exact_or_related,adjacent,77.29836507012409,77.30005726100474,0.001692190880646649,0.001692190880646649
QA-JD17-70,exact_or_related,adjacent,77.54511484460639,77.54680703548703,0.001692190880646649,0.001692190880646649
QA-JD17-71,exact_or_related,adjacent,83.84767248893513,83.84936467981578,0.001692190880646649,0.001692190880646649
QA-JD17-72,exact_or_related,adjacent,75.09790724479119,75.09959943567183,0.001692190880646649,0.001692190880646649
QA-JD17-73,exact_or_related,adjacent,66.95250513071325,66.9541973215939,0.001692190880646649,0.001692190880646649
QA-JD17-74,exact_or_related,adjacent,82.74597145932161,82.74766365020226,0.001692190880646649,0.001692190880646649
QA-JD17-75,adjacent,divergent,67.58779376088332,67.59007597826977,0.0022822173864511797,0.0022822173864511797
QA-JD17-76,divergent,exact_or_related,65.40936923584562,65.4053948275785,-0.0039744082671120395,0.0039744082671120395
QA-JD17-77,exact_or_related,adjacent,73.90362699124742,73.90531918212807,0.001692190880646649,0.001692190880646649
QA-JD17-78,adjacent,divergent,65.60174748041088,65.60402969779733,0.0022822173864511797,0.0022822173864511797
QA-JD17-79,adjacent,divergent,63.604720686284296,63.60700290367074,0.0022822173864440742,0.0022822173864440742
QA-JD17-80,exact_or_related,adjacent,77.5508250126414,77.55251720352204,0.001692190880646649,0.001692190880646649
QA-JD17-81,adjacent,divergent,71.70108561485775,71.70336783224418,0.002282217386436969,0.002282217386436969
QA-JD17-82,adjacent,divergent,61.15452962086583,61.156811838252274,0.0022822173864440742,0.0022822173864440742
QA-JD17-83,exact_or_related,adjacent,64.85218184228825,64.85387403316889,0.001692190880646649,0.001692190880646649
QA-JD17-84,adjacent,divergent,80.34702558434692,80.34930780173337,0.0022822173864511797,0.0022822173864511797
QA-JD17-85,exact_or_related,adjacent,87.04640243452792,87.04809462540855,0.0016921908806324382,0.0016921908806324382
QA-JD17-86,divergent,exact_or_related,74.8034634283569,74.79948902008982,-0.003974408267083618,0.003974408267083618
QA-JD17-87,exact_or_related,adjacent,80.04540122763994,80.04709341852059,0.001692190880646649,0.001692190880646649
QA-JD17-88,exact_or_related,adjacent,72.05342625436342,72.05511844524406,0.001692190880646649,0.001692190880646649
QA-JD17-89,exact_or_related,adjacent,64.90129003448354,64.90298222536418,0.001692190880646649,0.001692190880646649
QA-JD17-90,exact_or_related,adjacent,68.89757250748141,68.89926469836206,0.001692190880646649,0.001692190880646649
QA-JD17-91,divergent,exact_or_related,84.70217283098354,84.69819842271646,-0.003974408267083618,0.003974408267083618
QA-JD17-92,divergent,exact_or_related,66.75431946074428,66.75034505247719,-0.003974408267097829,0.003974408267097829
QA-JD17-93,exact_or_related,adjacent,82.54843957901647,82.55013176989712,0.001692190880646649,0.001692190880646649
QA-JD17-94,exact_or_related,adjacent,82.14996383548883,82.15165602636948,0.001692190880646649,0.001692190880646649
QA-JD17-95,adjacent,divergent,79.05072804234888,79.05301025973533,0.0022822173864511797,0.0022822173864511797
QA-JD17-96,exact_or_related,adjacent,77.20128011903951,77.20297230992016,0.001692190880646649,0.001692190880646649
QA-JD17-97,exact_or_related,adjacent,78.49985149916232,78.50154369004296,0.001692190880646649,0.001692190880646649
QA-JD17-98,divergent,exact_or_related,60.60899280926605,60.60501840099896,-0.003974408267090723,0.003974408267090723
QA-JD17-99,divergent,exact_or_related,61.35859129085519,61.3546168825881,-0.003974408267090723,0.003974408267090723
QA-JD17-100,exact_or_related,adjacent,62.18985487866868,62.19154706954933,0.001692190880646649,0.001692190880646649
ST-JD18-01,exact_or_related,adjacent,81.09971986830618,81.10141205918683,0.001692190880646649,0.001692190880646649
ST-JD18-02,exact_or_related,adjacent,89.69803797554586,89.69973016642649,0.0016921908806324382,0.0016921908806324382
ST-JD18-03,divergent,exact_or_related,70.15582082006712,70.15184641180004,-0.003974408267083618,0.003974408267083618
ST-JD18-04,exact_or_related,adjacent,69.39962195874968,69.40131414963032,0.001692190880646649,0.001692190880646649
ST-JD18-05,divergent,exact_or_related,66.35740147227094,66.35342706400385,-0.003974408267083618,0.003974408267083618
ST-JD18-06,adjacent,divergent,72.70169990877969,72.70398212616614,0.0022822173864511797,0.0022822173864511797
ST-JD18-07,adjacent,divergent,67.05581809629776,67.05810031368419,0.002282217386436969,0.002282217386436969
ST-JD18-08,exact_or_related,adjacent,65.40271313482637,65.40440532570702,0.001692190880646649,0.001692190880646649
ST-JD18-09,adjacent,divergent,73.85354742678093,73.85582964416737,0.002282217386436969,0.002282217386436969
ST-JD18-10,divergent,exact_or_related,67.20645214858321,67.20247774031611,-0.003974408267097829,0.003974408267097829
ST-JD18-11,exact_or_related,adjacent,75.80648940605806,75.80818159693871,0.001692190880646649,0.001692190880646649
ST-JD18-12,exact_or_related,adjacent,68.39835191268703,68.40004410356768,0.001692190880646649,0.001692190880646649
ST-JD18-13,exact_or_related,adjacent,72.09959115008154,72.10128334096218,0.001692190880646649,0.001692190880646649
ST-JD18-14,exact_or_related,adjacent,53.09163485558503,53.093327046465674,0.001692190880646649,0.001692190880646649
ST-JD18-15,adjacent,divergent,68.90171985794383,68.90400207533027,0.002282217386436969,0.002282217386436969
ST-JD18-16,adjacent,divergent,55.94158256682905,55.94386478421549,0.0022822173864440742,0.0022822173864440742
ST-JD18-17,adjacent,divergent,75.10115881457868,75.10344103196513,0.0022822173864511797,0.0022822173864511797
ST-JD18-18,exact_or_related,adjacent,74.95435705305513,74.95604924393578,0.001692190880646649,0.001692190880646649
ST-JD18-19,adjacent,divergent,64.10537321386633,64.10765543125277,0.002282217386436969,0.002282217386436969
ST-JD18-20,exact_or_related,adjacent,85.0994898057542,85.10118199663485,0.001692190880646649,0.001692190880646649
ST-JD18-21,exact_or_related,adjacent,74.20544417626895,74.2071363671496,0.001692190880646649,0.001692190880646649
ST-JD18-22,exact_or_related,adjacent,75.0491818126492,75.05087400352984,0.001692190880646649,0.001692190880646649
ST-JD18-23,exact_or_related,adjacent,83.59857717438763,83.60026936526828,0.001692190880646649,0.001692190880646649
ST-JD18-24,exact_or_related,adjacent,69.35051325598681,69.35220544686746,0.001692190880646649,0.001692190880646649
ST-JD18-25,adjacent,divergent,72.19929219446851,72.20157441185496,0.0022822173864511797,0.0022822173864511797
ST-JD18-26,exact_or_related,adjacent,79.49761571743883,79.49930790831948,0.001692190880646649,0.001692190880646649
ST-JD18-27,exact_or_related,adjacent,73.89639714909666,73.8980893399773,0.001692190880646649,0.001692190880646649
ST-JD18-28,exact_or_related,adjacent,67.39943555250058,67.40112774338122,0.001692190880646649,0.001692190880646649
ST-JD18-29,adjacent,divergent,67.10109237621177,67.1033745935982,0.002282217386436969,0.002282217386436969
ST-JD18-30,exact_or_related,adjacent,77.25433971528967,77.25603190617032,0.001692190880646649,0.001692190880646649
ST-JD18-31,exact_or_related,adjacent,77.35094224115,77.35263443203064,0.001692190880646649,0.001692190880646649
ST-JD18-32,exact_or_related,adjacent,76.50141888795733,76.50311107883797,0.001692190880646649,0.001692190880646649
ST-JD18-33,exact_or_related,adjacent,66.35269642820164,66.35438861908229,0.001692190880646649,0.001692190880646649
ST-JD18-34,exact_or_related,adjacent,74.6461494709143,74.64784166179494,0.001692190880646649,0.001692190880646649
ST-JD18-35,divergent,exact_or_related,78.00392727552328,77.99995286725618,-0.003974408267097829,0.003974408267097829
ST-JD18-36,exact_or_related,adjacent,81.60009349619494,81.60178568707558,0.0016921908806324382,0.0016921908806324382
ST-JD18-37,exact_or_related,adjacent,61.70280832563446,61.704500516515104,0.001692190880646649,0.001692190880646649
ST-JD18-38,exact_or_related,adjacent,70.89862759379376,70.90031978467441,0.001692190880646649,0.001692190880646649
ST-JD18-39,exact_or_related,adjacent,67.00050451052611,67.00219670140676,0.001692190880646649,0.001692190880646649
ST-JD18-40,exact_or_related,adjacent,74.79821521128402,74.79990740216466,0.001692190880646649,0.001692190880646649
ST-JD18-41,exact_or_related,adjacent,78.79614233414425,78.79783452502488,0.0016921908806324382,0.0016921908806324382
ST-JD18-42,exact_or_related,adjacent,73.99951393453792,74.00120612541855,0.0016921908806324382,0.0016921908806324382
ST-JD18-43,exact_or_related,adjacent,62.7875517552608,62.78924394614144,0.0016921908806395436,0.0016921908806395436
ST-JD18-44,exact_or_related,adjacent,66.80397826257996,66.8056704534606,0.001692190880646649,0.001692190880646649
ST-JD18-45,adjacent,divergent,64.2549019198532,64.25718413723965,0.0022822173864511797,0.0022822173864511797
ST-JD18-46,exact_or_related,adjacent,60.45372109896992,60.45541328985057,0.001692190880646649,0.001692190880646649
ST-JD18-47,adjacent,divergent,80.7041172182661,80.70639943565256,0.0022822173864511797,0.0022822173864511797
ST-JD18-48,exact_or_related,adjacent,72.69711156552161,72.69880375640224,0.0016921908806324382,0.0016921908806324382
ST-JD18-49,adjacent,divergent,74.80330006941598,74.80558228680243,0.0022822173864511797,0.0022822173864511797
ST-JD18-50,exact_or_related,adjacent,78.54980395202966,78.55149614291031,0.001692190880646649,0.001692190880646649
ST-JD18-51,exact_or_related,adjacent,74.70217728360058,74.70386947448121,0.0016921908806324382,0.0016921908806324382
ST-JD18-52,adjacent,divergent,72.705774722281,72.70805693966746,0.0022822173864511797,0.0022822173864511797
ST-JD18-53,exact_or_related,adjacent,62.30412312317981,62.30581531406045,0.001692190880646649,0.001692190880646649
ST-JD18-54,exact_or_related,adjacent,67.75084891331731,67.75254110419796,0.001692190880646649,0.001692190880646649
ST-JD18-55,exact_or_related,adjacent,68.4484962304219,68.45018842130254,0.001692190880646649,0.001692190880646649
ST-JD18-56,exact_or_related,adjacent,68.05105920993608,68.05275140081673,0.001692190880646649,0.001692190880646649
ST-JD18-57,exact_or_related,adjacent,76.09694555027357,76.09863774115422,0.001692190880646649,0.001692190880646649
ST-JD18-58,adjacent,divergent,80.34910297413109,80.35138519151755,0.0022822173864653905,0.0022822173864653905
ST-JD18-59,adjacent,divergent,75.84909288121747,75.85137509860392,0.0022822173864511797,0.0022822173864511797
ST-JD18-60,adjacent,divergent,86.75220864076914,86.75449085815559,0.0022822173864511797,0.0022822173864511797
ST-JD18-61,exact_or_related,adjacent,67.90155566607552,67.90324785695617,0.001692190880646649,0.001692190880646649
ST-JD18-62,exact_or_related,adjacent,56.704982666037225,56.706674856917864,0.0016921908806395436,0.0016921908806395436
ST-JD18-63,adjacent,divergent,76.29956725764671,76.30184947503315,0.002282217386436969,0.002282217386436969
ST-JD18-64,adjacent,divergent,63.35603757766974,63.35831979505618,0.0022822173864440742,0.0022822173864440742
ST-JD18-65,divergent,exact_or_related,75.2070583014008,75.20308389313371,-0.003974408267097829,0.003974408267097829
ST-JD18-66,adjacent,divergent,75.69910290677937,75.70138512416581,0.002282217386436969,0.002282217386436969
ST-JD18-67,exact_or_related,adjacent,71.79957320273212,71.80126539361275,0.0016921908806324382,0.0016921908806324382
ST-JD18-68,exact_or_related,adjacent,77.54577742170318,77.54746961258382,0.001692190880646649,0.001692190880646649
ST-JD18-69,exact_or_related,adjacent,66.15708911858734,66.15878130946797,0.0016921908806324382,0.0016921908806324382
ST-JD18-70,exact_or_related,adjacent,83.39830524473626,83.3999974356169,0.0016921908806324382,0.0016921908806324382
ST-JD18-71,exact_or_related,adjacent,74.24809648679708,74.24978867767773,0.001692190880646649,0.001692190880646649
ST-JD18-72,exact_or_related,adjacent,70.25052355407426,70.25221574495491,0.001692190880646649,0.001692190880646649
ST-JD18-73,exact_or_related,adjacent,77.34484005911945,77.34653225000008,0.0016921908806324382,0.0016921908806324382
ST-JD18-74,exact_or_related,adjacent,60.35239017812045,60.3540823690011,0.001692190880646649,0.001692190880646649
ST-JD18-75,exact_or_related,adjacent,65.55271991473195,65.5544121056126,0.001692190880646649,0.001692190880646649
ST-JD18-76,adjacent,divergent,62.70358161479166,62.70586383217811,0.0022822173864511797,0.0022822173864511797
ST-JD18-77,adjacent,divergent,61.60570397014771,61.60798618753415,0.0022822173864440742,0.0022822173864440742
ST-JD18-78,exact_or_related,adjacent,76.54583192711672,76.54752411799737,0.001692190880646649,0.001692190880646649
ST-JD18-79,adjacent,divergent,86.15046069651937,86.15274291390584,0.0022822173864653905,0.0022822173864653905
ST-JD18-80,exact_or_related,adjacent,60.755746857330514,60.757439048211154,0.0016921908806395436,0.0016921908806395436
ST-JD18-81,exact_or_related,adjacent,80.70104752798864,80.70273971886928,0.001692190880646649,0.001692190880646649
ST-JD18-82,exact_or_related,adjacent,83.64558803709566,83.64728022797631,0.001692190880646649,0.001692190880646649
ST-JD18-83,exact_or_related,adjacent,72.94716455960925,72.9488567504899,0.001692190880646649,0.001692190880646649
ST-JD18-84,adjacent,divergent,75.34843892571766,75.3507211431041,0.002282217386436969,0.002282217386436969
ST-JD18-85,exact_or_related,adjacent,86.500664161729,86.50235635260965,0.001692190880646649,0.001692190880646649
ST-JD18-86,divergent,exact_or_related,79.85163502896738,79.8476606207003,-0.003974408267083618,0.003974408267083618
ST-JD18-87,exact_or_related,adjacent,74.00061658708017,74.0023087779608,0.0016921908806324382,0.0016921908806324382
ST-JD18-88,exact_or_related,adjacent,80.64714183636603,80.64883402724668,0.001692190880646649,0.001692190880646649
ST-JD18-89,adjacent,divergent,70.23627299378334,70.23855521116978,0.002282217386436969,0.002282217386436969
ST-JD18-90,divergent,exact_or_related,67.80273564040573,67.79876123213863,-0.003974408267097829,0.003974408267097829
ST-JD18-91,exact_or_related,adjacent,69.59818902592453,69.59988121680517,0.001692190880646649,0.001692190880646649
ST-JD18-92,exact_or_related,adjacent,67.15339715930007,67.15508935018072,0.001692190880646649,0.001692190880646649
ST-JD18-93,exact_or_related,adjacent,70.10646716667269,70.10815935755333,0.001692190880646649,0.001692190880646649
ST-JD18-94,divergent,exact_or_related,70.10389818411203,70.09992377584493,-0.003974408267097829,0.003974408267097829
ST-JD18-95,exact_or_related,adjacent,84.69787513254225,84.6995673234229,0.001692190880646649,0.001692190880646649
ST-JD18-96,divergent,exact_or_related,67.20515816790679,67.20118375963969,-0.003974408267097829,0.003974408267097829
ST-JD18-97,adjacent,divergent,63.05488294842533,63.05716516581178,0.0022822173864511797,0.0022822173864511797
ST-JD18-98,exact_or_related,adjacent,68.90559734178419,68.90728953266482,0.0016921908806324382,0.0016921908806324382
ST-JD18-99,exact_or_related,adjacent,83.30179555752262,83.30348774840327,0.001692190880646649,0.001692190880646649
ST-JD18-100,exact_or_related,adjacent,65.35641365340015,65.3581058442808,0.001692190880646649,0.001692190880646649
AE-JD19-01,exact_or_related,adjacent,78.14890360808485,78.1505957989655,0.001692190880646649,0.001692190880646649
AE-JD19-02,divergent,exact_or_related,77.30112791283473,77.29715350456763,-0.003974408267097829,0.003974408267097829
AE-JD19-03,exact_or_related,adjacent,73.64716984634335,73.64886203722398,0.0016921908806324382,0.0016921908806324382
AE-JD19-04,exact_or_related,adjacent,79.19848753937345,79.20017973025409,0.001692190880646649,0.001692190880646649
AE-JD19-05,exact_or_related,adjacent,76.04731832606583,76.04901051694648,0.001692190880646649,0.001692190880646649
AE-JD19-06,exact_or_related,adjacent,88.79974401076262,88.80143620164327,0.001692190880646649,0.001692190880646649
AE-JD19-07,adjacent,divergent,61.30548699702217,61.307769214408616,0.0022822173864440742,0.0022822173864440742
AE-JD19-08,exact_or_related,adjacent,83.5993816727162,83.60107386359684,0.0016921908806324382,0.0016921908806324382
AE-JD19-09,divergent,exact_or_related,67.70605245166055,67.70207804339346,-0.003974408267097829,0.003974408267097829
AE-JD19-10,exact_or_related,adjacent,73.8970433275086,73.89873551838924,0.001692190880646649,0.001692190880646649
AE-JD19-11,exact_or_related,adjacent,78.40208056108976,78.40377275197041,0.001692190880646649,0.001692190880646649
AE-JD19-12,exact_or_related,adjacent,71.59833355672967,71.60002574761032,0.001692190880646649,0.001692190880646649
AE-JD19-13,exact_or_related,adjacent,68.94958143552721,68.95127362640785,0.001692190880646649,0.001692190880646649
AE-JD19-14,adjacent,divergent,73.80579747946207,73.80807969684852,0.0022822173864511797,0.0022822173864511797
AE-JD19-15,exact_or_related,adjacent,88.39971775555452,88.40140994643517,0.001692190880646649,0.001692190880646649
AE-JD19-16,exact_or_related,adjacent,75.69842447274902,75.70011666362967,0.001692190880646649,0.001692190880646649
AE-JD19-17,exact_or_related,adjacent,57.053040033943084,57.05473222482373,0.001692190880646649,0.001692190880646649
AE-JD19-18,exact_or_related,adjacent,80.4986373569888,80.50032954786944,0.001692190880646649,0.001692190880646649
AE-JD19-19,divergent,exact_or_related,85.65064463228677,85.64667022401969,-0.003974408267083618,0.003974408267083618
AE-JD19-20,adjacent,divergent,64.65406092291582,64.65634314030225,0.002282217386436969,0.002282217386436969
AE-JD19-21,divergent,exact_or_related,77.35499537381656,77.35102096554948,-0.003974408267083618,0.003974408267083618
AE-JD19-22,divergent,exact_or_related,70.61120514995615,70.60723074168905,-0.003974408267097829,0.003974408267097829
AE-JD19-23,divergent,exact_or_related,78.90599944582749,78.90202503756039,-0.003974408267097829,0.003974408267097829
AE-JD19-24,divergent,exact_or_related,66.15564025305329,66.1516658447862,-0.003974408267097829,0.003974408267097829
AE-JD19-25,adjacent,divergent,76.34955350769923,76.35183572508568,0.0022822173864511797,0.0022822173864511797
AE-JD19-26,exact_or_related,adjacent,75.09731332911721,75.09900551999786,0.001692190880646649,0.001692190880646649
AE-JD19-27,exact_or_related,adjacent,62.002612834493775,62.004305025374414,0.0016921908806395436,0.0016921908806395436
AE-JD19-28,exact_or_related,adjacent,75.59659006362027,75.59828225450092,0.001692190880646649,0.001692190880646649
AE-JD19-29,adjacent,divergent,73.1508649269828,73.15314714436926,0.0022822173864511797,0.0022822173864511797
AE-JD19-30,exact_or_related,adjacent,64.75554878186091,64.75724097274156,0.001692190880646649,0.001692190880646649
AE-JD19-31,exact_or_related,adjacent,64.7510426116912,64.75273480257185,0.001692190880646649,0.001692190880646649
AE-JD19-32,adjacent,divergent,66.65138825791053,66.65367047529696,0.002282217386436969,0.002282217386436969
AE-JD19-33,exact_or_related,adjacent,74.34839759649547,74.35008978737612,0.001692190880646649,0.001692190880646649
AE-JD19-34,exact_or_related,adjacent,52.907693581962526,52.90938577284317,0.001692190880646649,0.001692190880646649
AE-JD19-35,exact_or_related,adjacent,72.89603215771797,72.89772434859862,0.001692190880646649,0.001692190880646649
AE-JD19-36,adjacent,divergent,68.85316564446391,68.85544786185037,0.0022822173864511797,0.0022822173864511797
AE-JD19-37,adjacent,divergent,60.70633537078408,60.70861758817053,0.0022822173864511797,0.0022822173864511797
AE-JD19-38,exact_or_related,adjacent,67.35650184856183,67.35819403944248,0.001692190880646649,0.001692190880646649
AE-JD19-39,exact_or_related,adjacent,66.50249028018466,66.5041824710653,0.001692190880646649,0.001692190880646649
AE-JD19-40,exact_or_related,adjacent,70.65223042698277,70.65392261786342,0.001692190880646649,0.001692190880646649
AE-JD19-41,exact_or_related,adjacent,88.24726400654254,88.24895619742318,0.001692190880646649,0.001692190880646649
AE-JD19-42,adjacent,divergent,80.05106115370809,80.05334337109454,0.0022822173864511797,0.0022822173864511797
AE-JD19-43,exact_or_related,adjacent,62.60457238253327,62.60626457341392,0.001692190880646649,0.001692190880646649
AE-JD19-44,divergent,exact_or_related,69.05588045668634,69.05190604841926,-0.003974408267083618,0.003974408267083618
AE-JD19-45,exact_or_related,adjacent,83.14971983664152,83.15141202752217,0.001692190880646649,0.001692190880646649
AE-JD19-46,exact_or_related,adjacent,79.44848827072316,79.45018046160381,0.001692190880646649,0.001692190880646649
AE-JD19-47,exact_or_related,adjacent,75.39990946487802,75.40160165575867,0.001692190880646649,0.001692190880646649
AE-JD19-48,adjacent,divergent,64.75441633762249,64.75669855500892,0.002282217386436969,0.002282217386436969
AE-JD19-49,exact_or_related,adjacent,65.25330179066236,65.25499398154301,0.001692190880646649,0.001692190880646649
AE-JD19-50,adjacent,divergent,73.30962530090653,73.31190751829298,0.0022822173864511797,0.0022822173864511797
AE-JD19-51,exact_or_related,adjacent,60.65370220993127,60.655394400811915,0.001692190880646649,0.001692190880646649
AE-JD19-52,adjacent,divergent,78.15015766200538,78.15243987939184,0.0022822173864511797,0.0022822173864511797
AE-JD19-53,adjacent,divergent,63.253649293610565,63.25593151099701,0.0022822173864440742,0.0022822173864440742
AE-JD19-54,exact_or_related,adjacent,84.6005338463884,84.60222603726905,0.001692190880646649,0.001692190880646649
AE-JD19-55,divergent,exact_or_related,77.4567579872869,77.4527835790198,-0.0039744082671120395,0.0039744082671120395
AE-JD19-56,exact_or_related,adjacent,79.248116191499,79.24980838237964,0.001692190880646649,0.001692190880646649
AE-JD19-57,exact_or_related,adjacent,60.6064351521717,60.60812734305234,0.0016921908806395436,0.0016921908806395436
AE-JD19-58,exact_or_related,adjacent,64.45278648009223,64.45447867097288,0.001692190880646649,0.001692190880646649
AE-JD19-59,adjacent,divergent,69.60343740507665,69.6057196224631,0.0022822173864511797,0.0022822173864511797
AE-JD19-60,adjacent,divergent,67.50101216745857,67.50329438484503,0.0022822173864653905,0.0022822173864653905
AE-JD19-61,exact_or_related,adjacent,73.09901247395054,73.10070466483118,0.001692190880646649,0.001692190880646649
AE-JD19-62,exact_or_related,adjacent,74.79932285408195,74.8010150449626,0.001692190880646649,0.001692190880646649
AE-JD19-63,adjacent,divergent,68.55544830996539,68.55773052735184,0.0022822173864511797,0.0022822173864511797
AE-JD19-64,adjacent,divergent,73.50324558573284,73.50552780311929,0.0022822173864511797,0.0022822173864511797
AE-JD19-65,adjacent,divergent,70.50751427222316,70.5097964896096,0.002282217386436969,0.002282217386436969
AE-JD19-66,divergent,exact_or_related,74.05330495666156,74.04933054839447,-0.003974408267097829,0.003974408267097829
AE-JD19-67,exact_or_related,adjacent,79.79601417705223,79.79770636793288,0.001692190880646649,0.001692190880646649
AE-JD19-68,exact_or_related,adjacent,68.05160003767172,68.05329222855237,0.001692190880646649,0.001692190880646649
AE-JD19-69,divergent,exact_or_related,64.10633923643543,64.10236482816833,-0.003974408267097829,0.003974408267097829
AE-JD19-70,divergent,exact_or_related,87.05121182945804,87.04723742119094,-0.003974408267097829,0.003974408267097829
AE-JD19-71,divergent,exact_or_related,77.05710443400154,77.05313002573445,-0.003974408267097829,0.003974408267097829
AE-JD19-72,exact_or_related,adjacent,79.44570112350975,79.44739331439038,0.0016921908806324382,0.0016921908806324382
AE-JD19-73,exact_or_related,adjacent,86.50063655054976,86.5023287414304,0.001692190880646649,0.001692190880646649
AE-JD19-74,exact_or_related,adjacent,79.50120967201605,79.50290186289669,0.001692190880646649,0.001692190880646649
AE-JD19-75,adjacent,divergent,72.75549534193559,72.75777755932204,0.0022822173864511797,0.0022822173864511797
AE-JD19-76,exact_or_related,adjacent,74.45777047174799,74.45946266262864,0.001692190880646649,0.001692190880646649
AE-JD19-77,adjacent,divergent,78.40009675282313,78.40237897020958,0.0022822173864511797,0.0022822173864511797
AE-JD19-78,exact_or_related,adjacent,69.55082512259679,69.55251731347744,0.001692190880646649,0.001692190880646649
AE-JD19-79,exact_or_related,adjacent,69.24934285187261,69.25103504275326,0.001692190880646649,0.001692190880646649
AE-JD19-80,exact_or_related,adjacent,55.45609655208346,55.457788742964105,0.001692190880646649,0.001692190880646649
AE-JD19-81,adjacent,divergent,62.454502951163306,62.45678516854975,0.0022822173864440742,0.0022822173864440742
AE-JD19-82,adjacent,divergent,58.60663666098263,58.608918878369074,0.0022822173864440742,0.0022822173864440742
AE-JD19-83,exact_or_related,adjacent,66.85015128278941,66.85184347367006,0.001692190880646649,0.001692190880646649
AE-JD19-84,adjacent,divergent,76.19731803898375,76.19960025637019,0.002282217386436969,0.002282217386436969
AE-JD19-85,exact_or_related,adjacent,85.89793067452557,85.8996228654062,0.0016921908806324382,0.0016921908806324382
AE-JD19-86,exact_or_related,adjacent,73.79834234724089,73.80003453812154,0.001692190880646649,0.001692190880646649
AE-JD19-87,exact_or_related,adjacent,80.99616935804072,80.99786154892136,0.001692190880646649,0.001692190880646649
AE-JD19-88,divergent,exact_or_related,65.80388274500902,65.79990833674194,-0.003974408267083618,0.003974408267083618
AE-JD19-89,exact_or_related,adjacent,69.85416093600134,69.85585312688198,0.001692190880646649,0.001692190880646649
AE-JD19-90,adjacent,divergent,61.60716901493787,61.60945123232432,0.0022822173864511797,0.0022822173864511797
AE-JD19-91,exact_or_related,adjacent,68.75503750051344,68.75672969139409,0.001692190880646649,0.001692190880646649
AE-JD19-92,exact_or_related,adjacent,80.65299158036481,80.65468377124546,0.001692190880646649,0.001692190880646649
AE-JD19-93,exact_or_related,adjacent,82.0995758230969,82.10126801397753,0.0016921908806324382,0.0016921908806324382
AE-JD19-94,adjacent,divergent,69.60448804711523,69.60677026450168,0.0022822173864511797,0.0022822173864511797
AE-JD19-95,divergent,exact_or_related,82.75566693348529,82.75169252521819,-0.003974408267097829,0.003974408267097829
AE-JD19-96,exact_or_related,adjacent,77.59991081608062,77.60160300696127,0.001692190880646649,0.001692190880646649
AE-JD19-97,exact_or_related,adjacent,68.90205564994494,68.90374784082559,0.001692190880646649,0.001692190880646649
AE-JD19-98,divergent,exact_or_related,72.40468483410751,72.40071042584043,-0.003974408267083618,0.003974408267083618
AE-JD19-99,exact_or_related,adjacent,76.89855133605595,76.90024352693659,0.001692190880646649,0.001692190880646649
AE-JD19-100,exact_or_related,adjacent,86.25131510961452,86.25300730049517,0.001692190880646649,0.001692190880646649
