Candidate_ID,orig_rel,cf_rel,pred_orig,pred_cf,diff,abs_diff
SE-JD1-01,divergent,exact_or_related,76.56779205406481,76.60826595617343,0.04047390210861579,0.04047390210861579
SE-JD1-02,divergent,exact_or_related,74.70311637101854,74.74359027312715,0.04047390210861579,0.04047390210861579
SE-JD1-03,exact_or_related,adjacent,81.02782053662644,81.04382821846367,0.016007681837237442,0.016007681837237442
SE-JD1-04,exact_or_related,adjacent,68.42773445903863,68.44374214087587,0.016007681837237442,0.016007681837237442
SE-JD1-05,adjacent,divergent,57.540126241712215,57.48364465776637,-0.056481583945846126,0.056481583945846126
SE-JD1-06,adjacent,divergent,63.02099618126046,62.96451459731461,-0.056481583945846126,0.056481583945846126
SE-JD1-07,divergent,exact_or_related,67.5013931456453,67.54186704775391,0.04047390210861579,0.04047390210861579
SE-JD1-08,exact_or_related,adjacent,59.51905103846312,59.535058720300356,0.016007681837237442,0.016007681837237442
SE-JD1-09,exact_or_related,adjacent,68.47581093792162,68.49181861975887,0.016007681837251653,0.016007681837251653
SE-JD1-10,exact_or_related,adjacent,71.17178535478168,71.18779303661891,0.016007681837237442,0.016007681837237442
SE-JD1-11,adjacent,divergent,77.8121849828574,77.75570339891155,-0.05648158394585323,0.05648158394585323
SE-JD1-12,exact_or_related,adjacent,70.00392302836178,70.01993071019903,0.016007681837251653,0.016007681837251653
SE-JD1-13,exact_or_related,adjacent,75.44358586931521,75.45959355115245,0.016007681837237442,0.016007681837237442
SE-JD1-14,exact_or_related,adjacent,81.85296396056629,81.86897164240352,0.016007681837237442,0.016007681837237442
SE-JD1-15,exact_or_related,adjacent,80.24028645875079,80.25629414058803,0.016007681837237442,0.016007681837237442
SE-JD1-16,exact_or_related,adjacent,83.86189033902755,83.87789802086479,0.016007681837237442,0.016007681837237442
SE-JD1-17,exact_or_related,adjacent,75.41489520694859,75.43090288878582,0.016007681837237442,0.016007681837237442
SE-JD1-18,exact_or_related,adjacent,69.52815455422295,69.54416223606019,0.016007681837237442,0.016007681837237442
SE-JD1-19,exact_or_related,adjacent,64.03396227948237,64.04996996131962,0.016007681837251653,0.016007681837251653
SE-JD1-20,divergent,exact_or_related,66.00117653051502,66.04165043262363,0.04047390210860158,0.04047390210860158
SE-JD1-21,exact_or_related,adjacent,75.09040361967408,75.10641130151132,0.016007681837237442,0.016007681837237442
SE-JD1-22,adjacent,divergent,82.20070090218285,82.14421931823699,-0.05648158394585323,0.05648158394585323
SE-JD1-23,exact_or_related,adjacent,68.35033545873044,68.36634314056768,0.016007681837237442,0.016007681837237442
SE-JD1-24,exact_or_related,adjacent,84.76371469502142,84.77972237685866,0.016007681837237442,0.016007681837237442
SE-JD1-25,exact_or_related,adjacent,60.205460905804784,60.22146858764203,0.016007681837244547,0.016007681837244547
SE-JD1-26,adjacent,divergent,75.75756133151731,75.70107974757146,-0.05648158394585323,0.05648158394585323
SE-JD1-27,adjacent,divergent,79.12416785138328,79.06768626743742,-0.05648158394585323,0.05648158394585323
SE-JD1-28,exact_or_related,adjacent,72.27529465020459,72.29130233204182,0.016007681837237442,0.016007681837237442
SE-JD1-29,exact_or_related,adjacent,66.21571946934574,66.231727151183,0.016007681837251653,0.016007681837251653
SE-JD1-30,divergent,exact_or_related,61.66253711520971,61.70301101731832,0.040473902108608684,0.040473902108608684
SE-JD1-31,exact_or_related,adjacent,65.94511758629011,65.96112526812735,0.016007681837237442,0.016007681837237442
SE-JD1-32,exact_or_related,adjacent,61.30985266323112,61.325860345068364,0.016007681837244547,0.016007681837244547
SE-JD1-33,divergent,exact_or_related,64.5145135175659,64.5549874196745,0.04047390210860158,0.04047390210860158
SE-JD1-34,adjacent,divergent,69.27743268430791,69.22095110036206,-0.05648158394585323,0.05648158394585323
SE-JD1-35,exact_or_related,adjacent,81.58851873008757,81.60452641192482,0.016007681837251653,0.016007681837251653
SE-JD1-36,adjacent,divergent,69.83417969958995,69.77769811564411,-0.05648158394583902,0.05648158394583902
SE-JD1-37,exact_or_related,adjacent,72.94581841359441,72.96182609543165,0.016007681837237442,0.016007681837237442
SE-JD1-38,exact_or_related,adjacent,71.63533627333892,71.65134395517617,0.016007681837251653,0.016007681837251653
SE-JD1-39,exact_or_related,adjacent,72.24984026470912,72.26584794654636,0.016007681837237442,0.016007681837237442
SE-JD1-40,divergent,exact_or_related,67.25543501155641,67.29590891366502,0.04047390210860158,0.04047390210860158
SE-JD1-41,adjacent,divergent,61.13969608361545,61.08321449966961,-0.05648158394583902,0.05648158394583902
SE-JD1-42,exact_or_related,adjacent,73.56888159401905,73.58488927585628,0.016007681837237442,0.016007681837237442
SE-JD1-43,divergent,exact_or_related,60.73278700004752,60.77326090215614,0.04047390210861579,0.04047390210861579
SE-JD1-44,exact_or_related,adjacent,74.98323604738918,74.99924372922642,0.016007681837237442,0.016007681837237442
SE-JD1-45,exact_or_related,adjacent,55.52837791936869,55.544385601205924,0.016007681837237442,0.016007681837237442
SE-JD1-46,exact_or_related,adjacent,80.57016661410617,80.58617429594341,0.016007681837237442,0.016007681837237442
SE-JD1-47,exact_or_related,adjacent,57.330245701280035,57.34625338311727,0.016007681837237442,0.016007681837237442
SE-JD1-48,exact_or_related,adjacent,74.51777569548301,74.53378337732026,0.016007681837251653,0.016007681837251653
SE-JD1-49,divergent,exact_or_related,65.71191060543663,65.75238450754524,0.04047390210861579,0.04047390210861579
SE-JD1-50,exact_or_related,adjacent,71.22898204102033,71.24498972285757,0.016007681837237442,0.016007681837237442
SE-JD1-51,adjacent,divergent,75.97564712581719,75.91916554187135,-0.05648158394583902,0.05648158394583902
SE-JD1-52,divergent,exact_or_related,87.50083197732948,87.54130587943808,0.04047390210860158,0.04047390210860158
SE-JD1-53,exact_or_related,adjacent,57.45429230933145,57.47029999116869,0.016007681837237442,0.016007681837237442
SE-JD1-54,adjacent,divergent,65.71631269183526,65.6598311078894,-0.05648158394585323,0.05648158394585323
SE-JD1-55,exact_or_related,adjacent,68.61388613726048,68.62989381909772,0.016007681837237442,0.016007681837237442
SE-JD1-56,adjacent,divergent,77.17374128057921,77.11725969663337,-0.05648158394583902,0.05648158394583902
SE-JD1-57,divergent,exact_or_related,85.98906816052519,86.02954206263381,0.04047390210861579,0.04047390210861579
SE-JD1-58,exact_or_related,adjacent,68.28693288463633,68.30294056647357,0.016007681837237442,0.016007681837237442
SE-JD1-59,adjacent,divergent,87.1529357747851,87.09645419083927,-0.05648158394583902,0.05648158394583902
SE-JD1-60,adjacent,divergent,75.50340739974894,75.44692581580308,-0.05648158394585323,0.05648158394585323
SE-JD1-61,exact_or_related,adjacent,71.45368241728993,71.46969009912716,0.016007681837237442,0.016007681837237442
SE-JD1-62,divergent,exact_or_related,64.2240093671675,64.26448326927611,0.04047390210861579,0.04047390210861579
SE-JD1-63,exact_or_related,adjacent,61.57573210539247,61.591739787229706,0.016007681837237442,0.016007681837237442
SE-JD1-64,exact_or_related,adjacent,68.24405306551088,68.26006074734812,0.016007681837237442,0.016007681837237442
SE-JD1-65,exact_or_related,adjacent,68.65957711852377,68.67558480036101,0.016007681837237442,0.016007681837237442
SE-JD1-66,exact_or_related,adjacent,65.96478542517683,65.98079310701407,0.016007681837237442,0.016007681837237442
SE-JD1-67,adjacent,divergent,86.39889106088881,86.34240947694298,-0.05648158394583902,0.05648158394583902
SE-JD1-68,adjacent,divergent,71.46875176351693,71.41227017957108,-0.05648158394585323,0.05648158394585323
SE-JD1-69,exact_or_related,adjacent,76.46846581955876,76.484473501396,0.016007681837237442,0.016007681837237442
SE-JD1-70,divergent,exact_or_related,85.37029662130328,85.41077052341188,0.04047390210860158,0.04047390210860158
SE-JD1-71,adjacent,divergent,73.08800521423845,73.0315236302926,-0.05648158394585323,0.05648158394585323
SE-JD1-72,exact_or_related,adjacent,75.60067925350425,75.61668693534149,0.016007681837237442,0.016007681837237442
SE-JD1-73,exact_or_related,adjacent,78.01800003022008,78.03400771205732,0.016007681837237442,0.016007681837237442
SE-JD1-74,adjacent,divergent,76.59117276156029,76.53469117761443,-0.05648158394585323,0.05648158394585323
SE-JD1-75,exact_or_related,adjacent,60.295817239688866,60.3118249215261,0.016007681837237442,0.016007681837237442
SE-JD1-76,divergent,exact_or_related,65.71192096049596,65.75239486260456,0.04047390210860158,0.04047390210860158
SE-JD1-77,exact_or_related,adjacent,78.75669276863465,78.77270045047189,0.016007681837237442,0.016007681837237442
SE-JD1-78,divergent,exact_or_related,78.84801103652643,78.88848493863503,0.04047390210860158,0.04047390210860158
SE-JD1-79,exact_or_related,adjacent,58.140567640651355,58.15657532248859,0.016007681837237442,0.016007681837237442
SE-JD1-80,exact_or_related,adjacent,81.6135475866736,81.62955526851084,0.016007681837237442,0.016007681837237442
SE-JD1-81,exact_or_related,adjacent,88.9784833567668,88.99449103860404,0.016007681837237442,0.016007681837237442
SE-JD1-82,exact_or_related,adjacent,67.83456472865751,67.85057241049475,0.016007681837237442,0.016007681837237442
SE-JD1-83,exact_or_related,adjacent,75.57674537673347,75.59275305857071,0.016007681837237442,0.016007681837237442
SE-JD1-84,adjacent,divergent,83.56056612691096,83.50408454296512,-0.05648158394583902,0.05648158394583902
SE-JD1-85,exact_or_related,adjacent,56.20314150022797,56.21914918206521,0.016007681837237442,0.016007681837237442
SE-JD1-86,exact_or_related,adjacent,76.18465118667855,76.20065886851579,0.016007681837237442,0.016007681837237442
SE-JD1-87,exact_or_related,adjacent,74.91509794646525,74.93110562830249,0.016007681837237442,0.016007681837237442
SE-JD1-88,exact_or_related,adjacent,78.29456356922009,78.31057125105733,0.016007681837237442,0.016007681837237442
SE-JD1-89,adjacent,divergent,76.35263358570165,76.29615200175581,-0.05648158394583902,0.05648158394583902
SE-JD1-90,exact_or_related,adjacent,71.70819829346887,71.7242059753061,0.016007681837237442,0.016007681837237442
SE-JD1-91,exact_or_related,adjacent,69.67973462787303,69.69574230971027,0.016007681837237442,0.016007681837237442
SE-JD1-92,adjacent,divergent,61.49763788813679,61.441156304190955,-0.05648158394583902,0.05648158394583902
SE-JD1-93,adjacent,divergent,70.17667806820062,70.12019648425478,-0.05648158394583902,0.05648158394583902
SE-JD1-94,adjacent,divergent,88.71159103961338,88.65510945566754,-0.05648158394583902,0.05648158394583902
SE-JD1-95,divergent,exact_or_related,64.64580837809976,64.68628228020837,0.04047390210861579,0.04047390210861579
SE-JD1-96,exact_or_related,adjacent,63.55612025674823,63.57212793858547,0.016007681837237442,0.016007681837237442
SE-JD1-97,exact_or_related,adjacent,71.83149976520599,71.84750744704323,0.016007681837237442,0.016007681837237442
SE-JD1-98,exact_or_related,adjacent,74.4027620647582,74.41876974659544,0.016007681837237442,0.016007681837237442
SE-JD1-99,exact_or_related,adjacent,65.94105845782788,65.95706613966512,0.016007681837237442,0.016007681837237442
SE-JD1-100,exact_or_related,adjacent,72.32962280200381,72.34563048384105,0.016007681837237442,0.016007681837237442
WD-JD2-01,divergent,exact_or_related,62.5477751113227,62.58824901343131,0.040473902108608684,0.040473902108608684
WD-JD2-02,divergent,exact_or_related,60.50873052848777,60.54920443059638,0.04047390210861579,0.04047390210861579
WD-JD2-03,divergent,exact_or_related,85.02813401544398,85.06860791755258,0.04047390210860158,0.04047390210860158
WD-JD2-04,exact_or_related,adjacent,73.05869182360394,73.07469950544117,0.016007681837237442,0.016007681837237442
WD-JD2-05,adjacent,divergent,66.28198542876248,66.22550384481663,-0.05648158394585323,0.05648158394585323
WD-JD2-06,divergent,exact_or_related,70.82280329796778,70.8632772000764,0.04047390210861579,0.04047390210861579
WD-JD2-07,exact_or_related,adjacent,84.62459707579727,84.64060475763452,0.016007681837251653,0.016007681837251653
WD-JD2-08,adjacent,divergent,75.56638348803567,75.5099019040898,-0.05648158394586744,0.05648158394586744
WD-JD2-09,exact_or_related,adjacent,69.45360915348323,69.46961683532047,0.016007681837237442,0.016007681837237442
WD-JD2-10,divergent,exact_or_related,72.7656138490145,72.80608775112312,0.04047390210861579,0.04047390210861579
WD-JD2-11,exact_or_related,adjacent,68.21876105787315,68.23476873971039,0.016007681837237442,0.016007681837237442
WD-JD2-12,exact_or_related,adjacent,80.59910207105578,80.61510975289302,0.016007681837237442,0.016007681837237442
WD-JD2-13,exact_or_related,adjacent,64.22799318495271,64.24400086678995,0.016007681837237442,0.016007681837237442
WD-JD2-14,exact_or_related,adjacent,69.81378423935816,69.8297919211954,0.016007681837237442,0.016007681837237442
WD-JD2-15,adjacent,divergent,85.10940344798269,85.05292186403683,-0.05648158394585323,0.05648158394585323
WD-JD2-16,divergent,exact_or_related,86.91737197499162,86.95784587710023,0.04047390210860158,0.04047390210860158
WD-JD2-17,adjacent,divergent,90.30708078173215,90.2505991977863,-0.05648158394585323,0.05648158394585323
WD-JD2-18,adjacent,divergent,59.434656038280686,59.37817445433483,-0.05648158394585323,0.05648158394585323
WD-JD2-19,exact_or_related,adjacent,57.52157692168694,57.53758460352419,0.016007681837244547,0.016007681837244547
WD-JD2-20,exact_or_related,adjacent,71.0646639016322,71.08067158346944,0.016007681837237442,0.016007681837237442
WD-JD2-21,divergent,exact_or_related,70.18504832434522,70.22552222645382,0.04047390210860158,0.04047390210860158
WD-JD2-22,exact_or_related,adjacent,72.97019482740872,72.98620250924596,0.016007681837237442,0.016007681837237442
WD-JD2-23,exact_or_related,adjacent,69.55203304064055,69.56804072247779,0.016007681837237442,0.016007681837237442
WD-JD2-24,exact_or_related,adjacent,61.15560370297703,61.17161138481427,0.016007681837237442,0.016007681837237442
WD-JD2-25,adjacent,divergent,68.26598907589639,68.20950749195055,-0.05648158394583902,0.05648158394583902
WD-JD2-26,exact_or_related,adjacent,71.64758129269639,71.66358897453362,0.016007681837237442,0.016007681837237442
WD-JD2-27,adjacent,divergent,78.55668694970015,78.5002053657543,-0.05648158394585323,0.05648158394585323
WD-JD2-28,exact_or_related,adjacent,74.57302098806187,74.58902866989911,0.016007681837237442,0.016007681837237442
WD-JD2-29,adjacent,divergent,80.41936264564923,80.36288106170338,-0.05648158394585323,0.05648158394585323
WD-JD2-30,exact_or_related,adjacent,67.92856838442533,67.94457606626257,0.016007681837237442,0.016007681837237442
WD-JD2-31,exact_or_related,adjacent,78.63398991925106,78.6499976010883,0.016007681837237442,0.016007681837237442
WD-JD2-32,exact_or_related,adjacent,78.99259045909184,79.00859814092908,0.016007681837237442,0.016007681837237442
WD-JD2-33,exact_or_related,adjacent,74.58316431810216,74.5991719999394,0.016007681837237442,0.016007681837237442
WD-JD2-34,exact_or_related,adjacent,84.76773988183628,84.78374756367351,0.016007681837237442,0.016007681837237442
WD-JD2-35,exact_or_related,adjacent,77.8497349263009,77.86574260813813,0.016007681837237442,0.016007681837237442
WD-JD2-36,exact_or_related,adjacent,62.099159814341654,62.1151674961789,0.016007681837244547,0.016007681837244547
WD-JD2-37,exact_or_related,adjacent,74.70020400799397,74.71621168983121,0.016007681837237442,0.016007681837237442
WD-JD2-38,exact_or_related,adjacent,61.38859192025896,61.4045996020962,0.016007681837237442,0.016007681837237442
WD-JD2-39,exact_or_related,adjacent,70.5335219227878,70.54952960462504,0.016007681837237442,0.016007681837237442
WD-JD2-40,exact_or_related,adjacent,64.49031375480271,64.50632143663995,0.016007681837237442,0.016007681837237442
WD-JD2-41,exact_or_related,adjacent,61.72681434326914,61.74282202510638,0.016007681837237442,0.016007681837237442
WD-JD2-42,exact_or_related,adjacent,57.82117067287877,57.837178354716016,0.016007681837244547,0.016007681837244547
WD-JD2-43,adjacent,divergent,66.81032452256088,66.75384293861504,-0.05648158394583902,0.05648158394583902
WD-JD2-44,exact_or_related,adjacent,71.01934501862615,71.0353527004634,0.016007681837251653,0.016007681837251653
WD-JD2-45,exact_or_related,adjacent,83.54886463788564,83.56487231972288,0.016007681837237442,0.016007681837237442
WD-JD2-46,exact_or_related,adjacent,54.418182688482105,54.43419037031934,0.016007681837237442,0.016007681837237442
WD-JD2-47,adjacent,divergent,52.586327559977384,52.52984597603154,-0.056481583945846126,0.056481583945846126
WD-JD2-48,exact_or_related,adjacent,60.08133101030591,60.097338692143154,0.016007681837244547,0.016007681837244547
WD-JD2-49,adjacent,divergent,79.61690734936316,79.56042576541732,-0.05648158394583902,0.05648158394583902
WD-JD2-50,exact_or_related,adjacent,67.57337415754297,67.58938183938021,0.016007681837237442,0.016007681837237442
WD-JD2-51,exact_or_related,adjacent,68.82440659497809,68.84041427681532,0.016007681837237442,0.016007681837237442
WD-JD2-52,exact_or_related,adjacent,58.461655345284,58.47766302712124,0.016007681837237442,0.016007681837237442
WD-JD2-53,adjacent,divergent,78.26482053488823,78.20833895094238,-0.05648158394585323,0.05648158394585323
WD-JD2-54,adjacent,divergent,65.59598241012756,65.53950082618172,-0.05648158394583902,0.05648158394583902
WD-JD2-55,adjacent,divergent,85.66131117080512,85.60482958685928,-0.05648158394583902,0.05648158394583902
WD-JD2-56,exact_or_related,adjacent,84.7620196958235,84.77802737766073,0.016007681837237442,0.016007681837237442
WD-JD2-57,adjacent,divergent,58.692613856504785,58.63613227255894,-0.056481583945846126,0.056481583945846126
WD-JD2-58,exact_or_related,adjacent,75.79657779413832,75.81258547597555,0.016007681837237442,0.016007681837237442
WD-JD2-59,exact_or_related,adjacent,82.57573489498635,82.59174257682359,0.016007681837237442,0.016007681837237442
WD-JD2-60,divergent,exact_or_related,68.77140765086715,68.81188155297575,0.04047390210860158,0.04047390210860158
WD-JD2-61,exact_or_related,adjacent,64.04060462411387,64.0566123059511,0.016007681837237442,0.016007681837237442
WD-JD2-62,exact_or_related,adjacent,61.468682971312035,61.48469065314927,0.016007681837237442,0.016007681837237442
WD-JD2-63,exact_or_related,adjacent,79.10663684073882,79.12264452257605,0.016007681837237442,0.016007681837237442
WD-JD2-64,adjacent,divergent,68.29286950024398,68.23638791629814,-0.05648158394583902,0.05648158394583902
WD-JD2-65,adjacent,divergent,65.69282944390484,65.63634785995899,-0.05648158394585323,0.05648158394585323
WD-JD2-66,exact_or_related,adjacent,63.99517773463421,64.01118541647145,0.016007681837237442,0.016007681837237442
WD-JD2-67,divergent,exact_or_related,82.87710324264842,82.91757714475702,0.04047390210860158,0.04047390210860158
WD-JD2-68,divergent,exact_or_related,88.35077781504165,88.39125171715027,0.04047390210861579,0.04047390210861579
WD-JD2-69,adjacent,divergent,75.3279333672305,75.27145178328465,-0.05648158394585323,0.05648158394585323
WD-JD2-70,adjacent,divergent,81.90692747306568,81.85044588911983,-0.05648158394585323,0.05648158394585323
WD-JD2-71,exact_or_related,adjacent,81.25696247076387,81.27297015260112,0.016007681837251653,0.016007681837251653
WD-JD2-72,divergent,exact_or_related,87.22318898833659,87.26366289044519,0.04047390210860158,0.04047390210860158
WD-JD2-73,exact_or_related,adjacent,82.11256185263309,82.12856953447033,0.016007681837237442,0.016007681837237442
WD-JD2-74,exact_or_related,adjacent,68.56116962157034,68.5771773034076,0.016007681837251653,0.016007681837251653
WD-JD2-75,adjacent,divergent,58.1052684563789,58.04878687243305,-0.05648158394585323,0.05648158394585323
WD-JD2-76,divergent,exact_or_related,75.71875531402992,75.75922921613852,0.04047390210860158,0.04047390210860158
WD-JD2-77,exact_or_related,adjacent,66.10412623443737,66.12013391627461,0.016007681837237442,0.016007681837237442
WD-JD2-78,exact_or_related,adjacent,64.33198951207368,64.34799719391091,0.016007681837237442,0.016007681837237442
WD-JD2-79,adjacent,divergent,78.69662000841613,78.64013842447028,-0.05648158394585323,0.05648158394585323
WD-JD2-80,exact_or_related,adjacent,52.24560677094509,52.26161445278233,0.016007681837244547,0.016007681837244547
WD-JD2-81,exact_or_related,adjacent,75.98336131784843,75.99936899968567,0.016007681837237442,0.016007681837237442
WD-JD2-82,exact_or_related,adjacent,70.73621324891701,70.75222093075425,0.016007681837237442,0.016007681837237442
WD-JD2-83,divergent,exact_or_related,74.32965715698195,74.37013105909057,0.04047390210861579,0.04047390210861579
WD-JD2-84,divergent,exact_or_related,69.08157506303961,69.12204896514822,0.04047390210861579,0.04047390210861579
WD-JD2-85,adjacent,divergent,76.12076399469731,76.06428241075147,-0.05648158394583902,0.05648158394583902
WD-JD2-86,adjacent,divergent,57.59553258208392,57.53905099813807,-0.056481583945846126,0.056481583945846126
WD-JD2-87,divergent,exact_or_related,72.56203817285416,72.60251207496276,0.04047390210860158,0.04047390210860158
WD-JD2-88,exact_or_related,adjacent,72.8014100789163,72.81741776075354,0.016007681837237442,0.016007681837237442
WD-JD2-89,exact_or_related,adjacent,61.38943673422461,61.40544441606185,0.016007681837237442,0.016007681837237442
WD-JD2-90,exact_or_related,adjacent,72.37137690375415,72.3873845855914,0.016007681837251653,0.016007681837251653
WD-JD2-91,adjacent,divergent,79.04646393318555,78.98998234923971,-0.05648158394583902,0.05648158394583902
WD-JD2-92,adjacent,divergent,62.845096162354274,62.78861457840843,-0.056481583945846126,0.056481583945846126
WD-JD2-93,divergent,exact_or_related,69.32959975700392,69.37007365911252,0.04047390210860158,0.04047390210860158
WD-JD2-94,exact_or_related,adjacent,80.3162059342963,80.33221361613354,0.016007681837237442,0.016007681837237442
WD-JD2-95,divergent,exact_or_related,67.15900853754401,67.19948243965261,0.04047390210860158,0.04047390210860158
WD-JD2-96,exact_or_related,adjacent,61.312343804720186,61.32835148655743,0.016007681837244547,0.016007681837244547
WD-JD2-97,divergent,exact_or_related,76.14226065492994,76.18273455703854,0.04047390210860158,0.04047390210860158
WD-JD2-98,exact_or_related,adjacent,76.7318228450914,76.74783052692864,0.016007681837237442,0.016007681837237442
WD-JD2-99,exact_or_related,adjacent,59.796121638805275,59.81212932064251,0.016007681837237442,0.016007681837237442
WD-JD2-100,divergent,exact_or_related,83.6317861072188,83.67226000932742,0.04047390210861579,0.04047390210861579
FSD-JD3-01,exact_or_related,adjacent,72.66047501974084,72.67648270157808,0.016007681837237442,0.016007681837237442
FSD-JD3-02,adjacent,divergent,74.3917798374625,74.33529825351664,-0.05648158394585323,0.05648158394585323
FSD-JD3-03,adjacent,divergent,78.02227109674502,77.96578951279918,-0.05648158394583902,0.05648158394583902
FSD-JD3-04,exact_or_related,adjacent,75.93979859199952,75.95580627383676,0.016007681837237442,0.016007681837237442
FSD-JD3-05,adjacent,divergent,78.05711322032468,78.00063163637883,-0.05648158394585323,0.05648158394585323
FSD-JD3-06,divergent,exact_or_related,63.003981791483085,63.04445569359169,0.040473902108608684,0.040473902108608684
FSD-JD3-07,adjacent,divergent,61.027503230363244,60.9710216464174,-0.056481583945846126,0.056481583945846126
FSD-JD3-08,exact_or_related,adjacent,80.45400113396906,80.4700088158063,0.016007681837237442,0.016007681837237442
FSD-JD3-09,exact_or_related,adjacent,73.36328274270967,73.37929042454691,0.016007681837237442,0.016007681837237442
FSD-JD3-10,exact_or_related,adjacent,64.62753452390899,64.64354220574623,0.016007681837237442,0.016007681837237442
FSD-JD3-11,exact_or_related,adjacent,63.03396248870308,63.04997017054032,0.016007681837237442,0.016007681837237442
FSD-JD3-12,divergent,exact_or_related,76.27495887249653,76.31543277460514,0.04047390210861579,0.04047390210861579
FSD-JD3-13,exact_or_related,adjacent,67.5875545584164,67.60356224025364,0.016007681837237442,0.016007681837237442
FSD-JD3-14,adjacent,divergent,80.39572169662398,80.33924011267813,-0.05648158394585323,0.05648158394585323
FSD-JD3-15,divergent,exact_or_related,73.34221812945967,73.38269203156827,0.04047390210860158,0.04047390210860158
FSD-JD3-16,exact_or_related,adjacent,71.73121172705602,71.74721940889326,0.016007681837237442,0.016007681837237442
FSD-JD3-17,divergent,exact_or_related,69.37944687787308,69.4199207799817,0.04047390210861579,0.04047390210861579
FSD-JD3-18,exact_or_related,adjacent,58.61506578318796,58.631073465025196,0.016007681837237442,0.016007681837237442
FSD-JD3-19,adjacent,divergent,67.29342470619167,67.23694312224582,-0.05648158394585323,0.05648158394585323
FSD-JD3-20,exact_or_related,adjacent,72.5897855287532,72.60579321059043,0.016007681837237442,0.016007681837237442
FSD-JD3-21,exact_or_related,adjacent,63.02402930612544,63.04003698796269,0.016007681837244547,0.016007681837244547
FSD-JD3-22,exact_or_related,adjacent,76.66654900288285,76.6825566847201,0.016007681837251653,0.016007681837251653
FSD-JD3-23,adjacent,divergent,84.12126147451426,84.0647798905684,-0.05648158394585323,0.05648158394585323
FSD-JD3-24,exact_or_related,adjacent,75.11205615663788,75.12806383847511,0.016007681837237442,0.016007681837237442
FSD-JD3-25,exact_or_related,adjacent,68.17114958002963,68.18715726186687,0.016007681837237442,0.016007681837237442
FSD-JD3-26,exact_or_related,adjacent,81.01171082121631,81.02771850305355,0.016007681837237442,0.016007681837237442
FSD-JD3-27,exact_or_related,adjacent,52.029575681834345,52.04558336367159,0.016007681837244547,0.016007681837244547
FSD-JD3-28,exact_or_related,adjacent,89.55673904557771,89.57274672741495,0.016007681837237442,0.016007681837237442
FSD-JD3-29,exact_or_related,adjacent,79.900502575642,79.91651025747923,0.016007681837237442,0.016007681837237442
FSD-JD3-30,exact_or_related,adjacent,71.7969280250255,71.81293570686273,0.016007681837237442,0.016007681837237442
FSD-JD3-31,exact_or_related,adjacent,58.421711481552684,58.43771916338992,0.016007681837237442,0.016007681837237442
FSD-JD3-32,adjacent,divergent,80.61818935043496,80.56170776648912,-0.05648158394583902,0.05648158394583902
FSD-JD3-33,exact_or_related,adjacent,69.04537796109042,69.06138564292768,0.016007681837251653,0.016007681837251653
FSD-JD3-34,exact_or_related,adjacent,66.5104048366058,66.52641251844305,0.016007681837251653,0.016007681837251653
FSD-JD3-35,exact_or_related,adjacent,76.01132959361664,76.02733727545387,0.016007681837237442,0.016007681837237442
FSD-JD3-36,exact_or_related,adjacent,68.2927021499359,68.30870983177314,0.016007681837237442,0.016007681837237442
FSD-JD3-37,exact_or_related,adjacent,76.79344856029299,76.80945624213022,0.016007681837237442,0.016007681837237442
FSD-JD3-38,exact_or_related,adjacent,58.54237148052647,58.55837916236371,0.016007681837237442,0.016007681837237442
FSD-JD3-39,divergent,exact_or_related,71.46520508233449,71.5056789844431,0.04047390210860158,0.04047390210860158
FSD-JD3-40,exact_or_related,adjacent,63.37809104076353,63.39409872260077,0.016007681837244547,0.016007681837244547
FSD-JD3-41,exact_or_related,adjacent,70.71101223868664,70.72701992052387,0.016007681837237442,0.016007681837237442
FSD-JD3-42,adjacent,divergent,74.30327173634794,74.24679015240208,-0.05648158394585323,0.05648158394585323
FSD-JD3-43,adjacent,divergent,60.11407247536936,60.05759089142351,-0.05648158394585323,0.05648158394585323
FSD-JD3-44,divergent,exact_or_related,62.85589429617753,62.89636819828615,0.04047390210861579,0.04047390210861579
FSD-JD3-45,adjacent,divergent,71.31292629566333,71.25644471171748,-0.05648158394585323,0.05648158394585323
FSD-JD3-46,exact_or_related,adjacent,68.46411726627232,68.48012494810956,0.016007681837237442,0.016007681837237442
FSD-JD3-47,divergent,exact_or_related,68.44225091464949,68.48272481675811,0.04047390210861579,0.04047390210861579
FSD-JD3-48,adjacent,divergent,69.41441919544707,69.35793761150121,-0.05648158394585323,0.05648158394585323
FSD-JD3-49,exact_or_related,adjacent,70.57557173817415,70.59157942001139,0.016007681837237442,0.016007681837237442
FSD-JD3-50,exact_or_related,adjacent,79.01954706380748,79.03555474564473,0.016007681837251653,0.016007681837251653
FSD-JD3-51,divergent,exact_or_related,86.16328962569567,86.20376352780427,0.04047390210860158,0.04047390210860158
FSD-JD3-52,divergent,exact_or_related,64.45444285939367,64.49491676150228,0.04047390210861579,0.04047390210861579
FSD-JD3-53,divergent,exact_or_related,74.18442714645481,74.22490104856341,0.04047390210860158,0.04047390210860158
FSD-JD3-54,exact_or_related,adjacent,71.15148951906757,71.1674972009048,0.016007681837237442,0.016007681837237442
FSD-JD3-55,exact_or_related,adjacent,87.13349190187897,87.1494995837162,0.016007681837237442,0.016007681837237442
FSD-JD3-56,exact_or_related,adjacent,76.48886581308557,76.5048734949228,0.016007681837237442,0.016007681837237442
FSD-JD3-57,exact_or_related,adjacent,74.58618600483057,74.6021936866678,0.016007681837237442,0.016007681837237442
FSD-JD3-58,exact_or_related,adjacent,61.34830880427721,61.36431648611445,0.016007681837237442,0.016007681837237442
FSD-JD3-59,exact_or_related,adjacent,73.1874463073702,73.20345398920743,0.016007681837237442,0.016007681837237442
FSD-JD3-60,divergent,exact_or_related,75.74440863687515,75.78488253898375,0.04047390210860158,0.04047390210860158
FSD-JD3-61,exact_or_related,adjacent,74.43043239410757,74.4464400759448,0.016007681837237442,0.016007681837237442
FSD-JD3-62,exact_or_related,adjacent,80.63839098041625,80.65439866225348,0.016007681837237442,0.016007681837237442
FSD-JD3-63,divergent,exact_or_related,84.06171810510266,84.10219200721126,0.04047390210860158,0.04047390210860158
FSD-JD3-64,divergent,exact_or_related,66.66385241044051,66.70432631254911,0.04047390210860158,0.04047390210860158
FSD-JD3-65,exact_or_related,adjacent,73.15861397476178,73.17462165659903,0.016007681837251653,0.016007681837251653
FSD-JD3-66,divergent,exact_or_related,66.57580743008263,66.61628133219125,0.04047390210861579,0.04047390210861579
FSD-JD3-67,exact_or_related,adjacent,75.90915803373568,75.92516571557292,0.016007681837237442,0.016007681837237442
FSD-JD3-68,exact_or_related,adjacent,69.8432664194708,69.85927410130803,0.016007681837237442,0.016007681837237442
FSD-JD3-69,exact_or_related,adjacent,79.30360953480833,79.31961721664557,0.016007681837237442,0.016007681837237442
FSD-JD3-70,adjacent,divergent,68.17533919447224,68.1188576105264,-0.05648158394583902,0.05648158394583902
FSD-JD3-71,exact_or_related,adjacent,88.24843706878303,88.26444475062027,0.016007681837237442,0.016007681837237442
FSD-JD3-72,exact_or_related,adjacent,79.61351285519716,79.62952053703441,0.016007681837251653,0.016007681837251653
FSD-JD3-73,exact_or_related,adjacent,69.4457349856688,69.46174266750606,0.016007681837251653,0.016007681837251653
FSD-JD3-74,adjacent,divergent,64.67422758442794,64.61774600048209,-0.05648158394585323,0.05648158394585323
FSD-JD3-75,exact_or_related,adjacent,86.56160600138698,86.57761368322421,0.016007681837237442,0.016007681837237442
FSD-JD3-76,exact_or_related,adjacent,77.09548719822973,77.11149488006697,0.016007681837237442,0.016007681837237442
FSD-JD3-77,exact_or_related,adjacent,76.80840737055067,76.8244150523879,0.016007681837237442,0.016007681837237442
FSD-JD3-78,exact_or_related,adjacent,66.37276760252584,66.38877528436308,0.016007681837237442,0.016007681837237442
FSD-JD3-79,exact_or_related,adjacent,67.02007988838143,67.03608757021867,0.016007681837237442,0.016007681837237442
FSD-JD3-80,adjacent,divergent,84.96005034275545,84.9035687588096,-0.05648158394585323,0.05648158394585323
FSD-JD3-81,divergent,exact_or_related,70.20155504589536,70.24202894800398,0.04047390210861579,0.04047390210861579
FSD-JD3-82,exact_or_related,adjacent,67.6853235589152,67.70133124075244,0.016007681837237442,0.016007681837237442
FSD-JD3-83,adjacent,divergent,75.221918046329,75.16543646238313,-0.05648158394586744,0.05648158394586744
FSD-JD3-84,exact_or_related,adjacent,60.08144517185415,60.09745285369139,0.016007681837237442,0.016007681837237442
FSD-JD3-85,adjacent,divergent,66.35305712600426,66.2965755420584,-0.05648158394585323,0.05648158394585323
FSD-JD3-86,exact_or_related,adjacent,65.30272581922921,65.31873350106645,0.016007681837237442,0.016007681837237442
FSD-JD3-87,exact_or_related,adjacent,71.7949834179408,71.81099109977804,0.016007681837237442,0.016007681837237442
FSD-JD3-88,exact_or_related,adjacent,72.2281284742288,72.24413615606603,0.016007681837237442,0.016007681837237442
FSD-JD3-89,exact_or_related,adjacent,75.39348381358667,75.40949149542391,0.016007681837237442,0.016007681837237442
FSD-JD3-90,exact_or_related,adjacent,67.8449329235495,67.86094060538673,0.016007681837237442,0.016007681837237442
FSD-JD3-91,exact_or_related,adjacent,69.67934084471878,69.69534852655603,0.016007681837251653,0.016007681837251653
FSD-JD3-92,exact_or_related,adjacent,76.8892233199854,76.90523100182264,0.016007681837237442,0.016007681837237442
FSD-JD3-93,divergent,exact_or_related,83.33557646948739,83.37605037159601,0.04047390210861579,0.04047390210861579
FSD-JD3-94,exact_or_related,adjacent,65.52919621059563,65.54520389243287,0.016007681837237442,0.016007681837237442
FSD-JD3-95,exact_or_related,adjacent,76.27813863681806,76.2941463186553,0.016007681837237442,0.016007681837237442
FSD-JD3-96,adjacent,divergent,56.38059569595796,56.32411411201211,-0.056481583945846126,0.056481583945846126
FSD-JD3-97,adjacent,divergent,56.74902441375237,56.69254282980653,-0.056481583945846126,0.056481583945846126
FSD-JD3-98,exact_or_related,adjacent,73.10325403831322,73.11926172015046,0.016007681837237442,0.016007681837237442
FSD-JD3-99,divergent,exact_or_related,75.3386978508559,75.37917175296451,0.04047390210861579,0.04047390210861579
FSD-JD3-100,exact_or_related,adjacent,62.12652894144941,62.142536623286645,0.016007681837237442,0.016007681837237442
AD-JD4-01,exact_or_related,adjacent,64.19957169427988,64.21557937611712,0.016007681837237442,0.016007681837237442
AD-JD4-02,adjacent,divergent,83.58295302841218,83.52647144446634,-0.05648158394583902,0.05648158394583902
AD-JD4-03,divergent,exact_or_related,77.12127416692965,77.16174806903825,0.04047390210860158,0.04047390210860158
AD-JD4-04,exact_or_related,adjacent,80.92143263607839,80.93744031791563,0.016007681837237442,0.016007681837237442
AD-JD4-05,adjacent,divergent,79.33009397607194,79.27361239212608,-0.05648158394585323,0.05648158394585323
AD-JD4-06,exact_or_related,adjacent,69.99466212897755,70.01066981081479,0.016007681837237442,0.016007681837237442
AD-JD4-07,adjacent,divergent,61.857858738689465,61.80137715474361,-0.05648158394585323,0.05648158394585323
AD-JD4-08,exact_or_related,adjacent,58.18851185327929,58.204519535116525,0.016007681837237442,0.016007681837237442
AD-JD4-09,exact_or_related,adjacent,73.61224577228418,73.62825345412143,0.016007681837251653,0.016007681837251653
AD-JD4-10,exact_or_related,adjacent,66.16189972065949,66.17790740249673,0.016007681837237442,0.016007681837237442
AD-JD4-11,exact_or_related,adjacent,71.32428873785628,71.34029641969352,0.016007681837237442,0.016007681837237442
AD-JD4-12,adjacent,divergent,72.69222945620432,72.63574787225846,-0.05648158394585323,0.05648158394585323
AD-JD4-13,exact_or_related,adjacent,69.71158186063477,69.727589542472,0.016007681837237442,0.016007681837237442
AD-JD4-14,exact_or_related,adjacent,68.85270002750063,68.86870770933787,0.016007681837237442,0.016007681837237442
AD-JD4-15,exact_or_related,adjacent,69.49352890106884,69.50953658290608,0.016007681837237442,0.016007681837237442
AD-JD4-16,exact_or_related,adjacent,71.14240548143795,71.15841316327518,0.016007681837237442,0.016007681837237442
AD-JD4-17,exact_or_related,adjacent,81.37004300129435,81.38605068313159,0.016007681837237442,0.016007681837237442
AD-JD4-18,exact_or_related,adjacent,64.6977049756155,64.71371265745273,0.016007681837237442,0.016007681837237442
AD-JD4-19,exact_or_related,adjacent,68.9998149781031,69.01582265994034,0.016007681837237442,0.016007681837237442
AD-JD4-20,adjacent,divergent,53.91910565747668,53.862624073530824,-0.05648158394585323,0.05648158394585323
AD-JD4-21,adjacent,divergent,68.88689454421802,68.83041296027217,-0.05648158394585323,0.05648158394585323
AD-JD4-22,divergent,exact_or_related,70.93294259692972,70.97341649903832,0.04047390210860158,0.04047390210860158
AD-JD4-23,exact_or_related,adjacent,71.44437674921822,71.46038443105546,0.016007681837237442,0.016007681837237442
AD-JD4-24,exact_or_related,adjacent,70.33053753143997,70.34654521327722,0.016007681837251653,0.016007681837251653
AD-JD4-25,exact_or_related,adjacent,69.84802626227255,69.86403394410979,0.016007681837237442,0.016007681837237442
AD-JD4-26,exact_or_related,adjacent,66.51209250390393,66.52810018574118,0.016007681837251653,0.016007681837251653
AD-JD4-27,divergent,exact_or_related,75.69192202778677,75.73239592989538,0.04047390210860158,0.04047390210860158
AD-JD4-28,exact_or_related,adjacent,51.98825372708966,52.0042614089269,0.016007681837237442,0.016007681837237442
AD-JD4-29,adjacent,divergent,84.93651551992104,84.88003393597519,-0.05648158394585323,0.05648158394585323
AD-JD4-30,exact_or_related,adjacent,74.91292826999354,74.92893595183078,0.016007681837237442,0.016007681837237442
AD-JD4-31,exact_or_related,adjacent,70.75600202328894,70.77200970512618,0.016007681837237442,0.016007681837237442
AD-JD4-32,exact_or_related,adjacent,80.56928563041448,80.58529331225174,0.016007681837251653,0.016007681837251653
AD-JD4-33,divergent,exact_or_related,70.17328321791938,70.21375712002799,0.04047390210861579,0.04047390210861579
AD-JD4-34,adjacent,divergent,89.36362772699643,89.30714614305057,-0.05648158394585323,0.05648158394585323
AD-JD4-35,exact_or_related,adjacent,69.64191895165968,69.65792663349691,0.016007681837237442,0.016007681837237442
AD-JD4-36,adjacent,divergent,66.96262124141174,66.9061396574659,-0.05648158394583902,0.05648158394583902
AD-JD4-37,adjacent,divergent,74.06772683337707,74.01124524943121,-0.05648158394585323,0.05648158394585323
AD-JD4-38,divergent,exact_or_related,53.28969997268217,53.33017387479077,0.04047390210860158,0.04047390210860158
AD-JD4-39,exact_or_related,adjacent,69.65574913190426,69.67175681374151,0.016007681837251653,0.016007681837251653
AD-JD4-40,adjacent,divergent,73.61038760100504,73.55390601705919,-0.05648158394585323,0.05648158394585323
AD-JD4-41,divergent,exact_or_related,72.53879004234024,72.57926394444884,0.04047390210860158,0.04047390210860158
AD-JD4-42,exact_or_related,adjacent,65.21880197293824,65.23480965477547,0.016007681837237442,0.016007681837237442
AD-JD4-43,exact_or_related,adjacent,76.23149151139627,76.24749919323351,0.016007681837237442,0.016007681837237442
AD-JD4-44,divergent,exact_or_related,85.66020015854382,85.70067406065242,0.04047390210860158,0.04047390210860158
AD-JD4-45,exact_or_related,adjacent,62.2852045059911,62.30121218782834,0.016007681837237442,0.016007681837237442
AD-JD4-46,exact_or_related,adjacent,71.39773679617652,71.41374447801377,0.016007681837251653,0.016007681837251653
AD-JD4-47,divergent,exact_or_related,77.02753522180784,77.06800912391644,0.04047390210860158,0.04047390210860158
AD-JD4-48,exact_or_related,adjacent,66.7347668210065,66.75077450284374,0.016007681837237442,0.016007681837237442
AD-JD4-49,exact_or_related,adjacent,67.33466813723551,67.35067581907276,0.016007681837251653,0.016007681837251653
AD-JD4-50,divergent,exact_or_related,80.26517564477128,80.30564954687988,0.04047390210860158,0.04047390210860158
AD-JD4-51,divergent,exact_or_related,61.96631267610619,62.00678657821481,0.04047390210861579,0.04047390210861579
AD-JD4-52,exact_or_related,adjacent,77.54077366721255,77.55678134904979,0.016007681837237442,0.016007681837237442
AD-JD4-53,exact_or_related,adjacent,68.33816173854079,68.35416942037803,0.016007681837237442,0.016007681837237442
AD-JD4-54,exact_or_related,adjacent,69.07059603010211,69.08660371193936,0.016007681837251653,0.016007681837251653
AD-JD4-55,exact_or_related,adjacent,75.11913289472137,75.13514057655861,0.016007681837237442,0.016007681837237442
AD-JD4-56,adjacent,divergent,75.77216156370386,75.71567997975802,-0.05648158394583902,0.05648158394583902
AD-JD4-57,exact_or_related,adjacent,73.51077452829966,73.5267822101369,0.016007681837237442,0.016007681837237442
AD-JD4-58,adjacent,divergent,69.02623008176427,68.96974849781841,-0.05648158394585323,0.05648158394585323
AD-JD4-59,divergent,exact_or_related,66.69647758290311,66.73695148501173,0.04047390210861579,0.04047390210861579
AD-JD4-60,exact_or_related,adjacent,66.31372993977611,66.32973762161335,0.016007681837237442,0.016007681837237442
AD-JD4-61,exact_or_related,adjacent,67.41410093529062,67.43010861712786,0.016007681837237442,0.016007681837237442
AD-JD4-62,exact_or_related,adjacent,72.38547735124001,72.40148503307726,0.016007681837251653,0.016007681837251653
AD-JD4-63,exact_or_related,adjacent,61.57021346788091,61.58622114971815,0.016007681837237442,0.016007681837237442
AD-JD4-64,divergent,exact_or_related,58.55283581780328,58.593309719911886,0.040473902108608684,0.040473902108608684
AD-JD4-65,exact_or_related,adjacent,82.35741194042203,82.37341962225928,0.016007681837251653,0.016007681837251653
AD-JD4-66,exact_or_related,adjacent,85.83189280964686,85.8479004914841,0.016007681837237442,0.016007681837237442
AD-JD4-67,exact_or_related,adjacent,68.51458940343446,68.53059708527171,0.016007681837251653,0.016007681837251653
AD-JD4-68,adjacent,divergent,76.50232013295307,76.44583854900722,-0.05648158394585323,0.05648158394585323
AD-JD4-69,exact_or_related,adjacent,72.14881093890574,72.16481862074298,0.016007681837237442,0.016007681837237442
AD-JD4-70,exact_or_related,adjacent,56.05966786007036,56.0756755419076,0.016007681837237442,0.016007681837237442
AD-JD4-71,exact_or_related,adjacent,72.975276782397,72.99128446423424,0.016007681837237442,0.016007681837237442
AD-JD4-72,exact_or_related,adjacent,75.38490535124252,75.40091303307977,0.016007681837251653,0.016007681837251653
AD-JD4-73,divergent,exact_or_related,66.34838317789473,66.38885708000335,0.04047390210861579,0.04047390210861579
AD-JD4-74,adjacent,divergent,74.04619917448004,73.98971759053418,-0.05648158394585323,0.05648158394585323
AD-JD4-75,exact_or_related,adjacent,76.63074062621563,76.64674830805286,0.016007681837237442,0.016007681837237442
AD-JD4-76,exact_or_related,adjacent,75.6276408080646,75.64364848990184,0.016007681837237442,0.016007681837237442
AD-JD4-77,adjacent,divergent,83.74905719136201,83.69257560741617,-0.05648158394583902,0.05648158394583902
AD-JD4-78,exact_or_related,adjacent,78.06480187786588,78.08080955970311,0.016007681837237442,0.016007681837237442
AD-JD4-79,exact_or_related,adjacent,71.5052307746464,71.52123845648364,0.016007681837237442,0.016007681837237442
AD-JD4-80,divergent,exact_or_related,81.88988126845557,81.93035517056418,0.04047390210861579,0.04047390210861579
AD-JD4-81,divergent,exact_or_related,65.00470350576485,65.04517740787347,0.04047390210861579,0.04047390210861579
AD-JD4-82,exact_or_related,adjacent,84.66270175848977,84.67870944032701,0.016007681837237442,0.016007681837237442
AD-JD4-83,exact_or_related,adjacent,70.31764520448417,70.33365288632142,0.016007681837251653,0.016007681837251653
AD-JD4-84,adjacent,divergent,57.31193834653217,57.25545676258632,-0.05648158394585323,0.05648158394585323
AD-JD4-85,adjacent,divergent,68.30609909750184,68.24961751355599,-0.05648158394585323,0.05648158394585323
AD-JD4-86,exact_or_related,adjacent,69.23430107098477,69.25030875282201,0.016007681837237442,0.016007681837237442
AD-JD4-87,divergent,exact_or_related,75.66652872764504,75.70700262975365,0.04047390210860158,0.04047390210860158
AD-JD4-88,adjacent,divergent,63.511183181180066,63.45470159723422,-0.056481583945846126,0.056481583945846126
AD-JD4-89,exact_or_related,adjacent,79.12217644881987,79.13818413065711,0.016007681837237442,0.016007681837237442
AD-JD4-90,exact_or_related,adjacent,58.26635015528918,58.282357837126426,0.016007681837244547,0.016007681837244547
AD-JD4-91,exact_or_related,adjacent,78.37304209987155,78.3890497817088,0.016007681837251653,0.016007681837251653
AD-JD4-92,divergent,exact_or_related,69.77738467806037,69.81785858016899,0.04047390210861579,0.04047390210861579
AD-JD4-93,exact_or_related,adjacent,71.33390821531164,71.34991589714888,0.016007681837237442,0.016007681837237442
AD-JD4-94,exact_or_related,adjacent,77.32008641853626,77.3360941003735,0.016007681837237442,0.016007681837237442
AD-JD4-95,exact_or_related,adjacent,78.52155409644035,78.53756177827759,0.016007681837237442,0.016007681837237442
AD-JD4-96,divergent,exact_or_related,79.21127972622776,79.25175362833636,0.04047390210860158,0.04047390210860158
AD-JD4-97,exact_or_related,adjacent,64.79688741135234,64.81289509318958,0.016007681837237442,0.016007681837237442
AD-JD4-98,exact_or_related,adjacent,67.86653549678304,67.88254317862028,0.016007681837237442,0.016007681837237442
AD-JD4-99,exact_or_related,adjacent,70.09754450085424,70.11355218269148,0.016007681837237442,0.016007681837237442
AD-JD4-100,exact_or_related,adjacent,71.32252109678755,71.33852877862479,0.016007681837237442,0.016007681837237442
FE-JD5-01,adjacent,divergent,84.73786811984453,84.6813865358987,-0.05648158394583902,0.05648158394583902
FE-JD5-02,exact_or_related,adjacent,83.70814401521261,83.72415169704985,0.016007681837237442,0.016007681837237442
FE-JD5-03,exact_or_related,adjacent,74.56781898094869,74.58382666278592,0.016007681837237442,0.016007681837237442
FE-JD5-04,exact_or_related,adjacent,81.35608667381761,81.37209435565487,0.016007681837251653,0.016007681837251653
FE-JD5-05,adjacent,divergent,67.71899666693447,67.66251508298862,-0.05648158394585323,0.05648158394585323
FE-JD5-06,exact_or_related,adjacent,83.90887482730683,83.92488250914407,0.016007681837237442,0.016007681837237442
FE-JD5-07,adjacent,divergent,76.89731520380924,76.84083361986339,-0.05648158394585323,0.05648158394585323
FE-JD5-08,exact_or_related,adjacent,75.07462993352861,75.09063761536585,0.016007681837237442,0.016007681837237442
FE-JD5-09,exact_or_related,adjacent,74.9155562548503,74.93156393668754,0.016007681837237442,0.016007681837237442
FE-JD5-10,divergent,exact_or_related,67.0744612299433,67.1149351320519,0.04047390210860158,0.04047390210860158
FE-JD5-11,exact_or_related,adjacent,62.529198798797886,62.54520648063513,0.016007681837244547,0.016007681837244547
FE-JD5-12,exact_or_related,adjacent,60.718735144437254,60.7347428262745,0.016007681837244547,0.016007681837244547
FE-JD5-13,exact_or_related,adjacent,69.85530980018854,69.87131748202577,0.016007681837237442,0.016007681837237442
FE-JD5-14,exact_or_related,adjacent,75.90698597427674,75.92299365611399,0.016007681837251653,0.016007681837251653
FE-JD5-15,exact_or_related,adjacent,83.31963295512315,83.33564063696039,0.016007681837237442,0.016007681837237442
FE-JD5-16,adjacent,divergent,78.62154746439337,78.56506588044752,-0.05648158394585323,0.05648158394585323
FE-JD5-17,exact_or_related,adjacent,63.224543277170454,63.24055095900769,0.016007681837237442,0.016007681837237442
FE-JD5-18,exact_or_related,adjacent,79.26681278683817,79.28282046867541,0.016007681837237442,0.016007681837237442
FE-JD5-19,exact_or_related,adjacent,79.3418728832386,79.35788056507583,0.016007681837237442,0.016007681837237442
FE-JD5-20,adjacent,divergent,79.5677156527323,79.51123406878646,-0.05648158394583902,0.05648158394583902
FE-JD5-21,exact_or_related,adjacent,75.16031825316085,75.17632593499809,0.016007681837237442,0.016007681837237442
FE-JD5-22,exact_or_related,adjacent,82.48202100110095,82.49802868293818,0.016007681837237442,0.016007681837237442
FE-JD5-23,divergent,exact_or_related,53.21779481252433,53.25826871463294,0.040473902108608684,0.040473902108608684
FE-JD5-24,adjacent,divergent,57.02609353578281,56.96961195183696,-0.05648158394585323,0.05648158394585323
FE-JD5-25,adjacent,divergent,62.09668719410908,62.040205610163234,-0.056481583945846126,0.056481583945846126
FE-JD5-26,adjacent,divergent,83.1929273014802,83.13644571753436,-0.05648158394583902,0.05648158394583902
FE-JD5-27,exact_or_related,adjacent,71.35945910039031,71.37546678222755,0.016007681837237442,0.016007681837237442
FE-JD5-28,exact_or_related,adjacent,80.50790226590905,80.52390994774629,0.016007681837237442,0.016007681837237442
FE-JD5-29,exact_or_related,adjacent,66.40489542153648,66.42090310337372,0.016007681837237442,0.016007681837237442
FE-JD5-30,divergent,exact_or_related,65.65544309330366,65.69591699541226,0.04047390210860158,0.04047390210860158
FE-JD5-31,exact_or_related,adjacent,68.01572370555654,68.03173138739378,0.016007681837237442,0.016007681837237442
FE-JD5-32,exact_or_related,adjacent,65.56273773238286,65.5787454142201,0.016007681837237442,0.016007681837237442
FE-JD5-33,exact_or_related,adjacent,75.60873930899989,75.62474699083712,0.016007681837237442,0.016007681837237442
FE-JD5-34,adjacent,divergent,77.13961355575397,77.08313197180811,-0.05648158394585323,0.05648158394585323
FE-JD5-35,adjacent,divergent,75.05404081200861,74.99755922806276,-0.05648158394585323,0.05648158394585323
FE-JD5-36,exact_or_related,adjacent,68.9545072803668,68.97051496220404,0.016007681837237442,0.016007681837237442
FE-JD5-37,exact_or_related,adjacent,63.466794836791244,63.48280251862849,0.016007681837244547,0.016007681837244547
FE-JD5-38,adjacent,divergent,75.12606527443134,75.06958369048547,-0.05648158394586744,0.05648158394586744
FE-JD5-39,exact_or_related,adjacent,86.99935947262972,87.01536715446696,0.016007681837237442,0.016007681837237442
FE-JD5-40,exact_or_related,adjacent,85.22476925774691,85.24077693958415,0.016007681837237442,0.016007681837237442
FE-JD5-41,exact_or_related,adjacent,79.98853839907562,80.00454608091286,0.016007681837237442,0.016007681837237442
FE-JD5-42,exact_or_related,adjacent,76.20760732831454,76.22361501015179,0.016007681837251653,0.016007681837251653
FE-JD5-43,exact_or_related,adjacent,65.10442620143803,65.12043388327527,0.016007681837237442,0.016007681837237442
FE-JD5-44,exact_or_related,adjacent,78.96176342373866,78.9777711055759,0.016007681837237442,0.016007681837237442
FE-JD5-45,exact_or_related,adjacent,73.36560283173822,73.38161051357545,0.016007681837237442,0.016007681837237442
FE-JD5-46,exact_or_related,adjacent,66.97557887425158,66.99158655608882,0.016007681837237442,0.016007681837237442
FE-JD5-47,exact_or_related,adjacent,86.00092039208906,86.0169280739263,0.016007681837237442,0.016007681837237442
FE-JD5-48,exact_or_related,adjacent,71.36401097114552,71.38001865298276,0.016007681837237442,0.016007681837237442
FE-JD5-49,divergent,exact_or_related,86.17459875239753,86.21507265450614,0.04047390210861579,0.04047390210861579
FE-JD5-50,exact_or_related,adjacent,59.35960391975674,59.37561160159398,0.016007681837237442,0.016007681837237442
FE-JD5-51,exact_or_related,adjacent,75.88074168377953,75.89674936561677,0.016007681837237442,0.016007681837237442
FE-JD5-52,adjacent,divergent,80.41564977956561,80.35916819561976,-0.05648158394585323,0.05648158394585323
FE-JD5-53,exact_or_related,adjacent,67.47578250112024,67.49179018295747,0.016007681837237442,0.016007681837237442
FE-JD5-54,exact_or_related,adjacent,72.45527570562143,72.47128338745868,0.016007681837251653,0.016007681837251653
FE-JD5-55,exact_or_related,adjacent,80.15286033186632,80.16886801370356,0.016007681837237442,0.016007681837237442
FE-JD5-56,exact_or_related,adjacent,74.15842715401922,74.17443483585646,0.016007681837237442,0.016007681837237442
FE-JD5-57,exact_or_related,adjacent,63.682054526645906,63.698062208483144,0.016007681837237442,0.016007681837237442
FE-JD5-58,exact_or_related,adjacent,74.36035646096809,74.37636414280534,0.016007681837251653,0.016007681837251653
FE-JD5-59,exact_or_related,adjacent,83.4296576102154,83.44566529205264,0.016007681837237442,0.016007681837237442
FE-JD5-60,exact_or_related,adjacent,57.161222531102766,57.17723021294,0.016007681837237442,0.016007681837237442
FE-JD5-61,exact_or_related,adjacent,64.09845956335049,64.11446724518773,0.016007681837237442,0.016007681837237442
FE-JD5-62,adjacent,divergent,80.06024007824797,80.00375849430212,-0.05648158394585323,0.05648158394585323
FE-JD5-63,exact_or_related,adjacent,71.7506414909706,71.76664917280783,0.016007681837237442,0.016007681837237442
FE-JD5-64,exact_or_related,adjacent,73.48254317712112,73.49855085895835,0.016007681837237442,0.016007681837237442
FE-JD5-65,exact_or_related,adjacent,76.33023351500864,76.34624119684588,0.016007681837237442,0.016007681837237442
FE-JD5-66,exact_or_related,adjacent,80.66483096582661,80.68083864766385,0.016007681837237442,0.016007681837237442
FE-JD5-67,adjacent,divergent,85.89425211344168,85.83777052949584,-0.05648158394583902,0.05648158394583902
FE-JD5-68,exact_or_related,adjacent,53.692484449359746,53.70849213119699,0.016007681837244547,0.016007681837244547
FE-JD5-69,exact_or_related,adjacent,60.48856018083094,60.504567862668175,0.016007681837237442,0.016007681837237442
FE-JD5-70,exact_or_related,adjacent,68.23467655761405,68.25068423945129,0.016007681837237442,0.016007681837237442
FE-JD5-71,adjacent,divergent,68.74726803955943,68.69078645561358,-0.05648158394585323,0.05648158394585323
FE-JD5-72,exact_or_related,adjacent,61.917382044868766,61.933389726706004,0.016007681837237442,0.016007681837237442
FE-JD5-73,exact_or_related,adjacent,65.8418511831348,65.85785886497206,0.016007681837251653,0.016007681837251653
FE-JD5-74,adjacent,divergent,61.48883581080644,61.432354226860596,-0.056481583945846126,0.056481583945846126
FE-JD5-75,exact_or_related,adjacent,78.12581597380589,78.14182365564312,0.016007681837237442,0.016007681837237442
FE-JD5-76,exact_or_related,adjacent,66.79069653164167,66.80670421347891,0.016007681837237442,0.016007681837237442
FE-JD5-77,exact_or_related,adjacent,81.77167621577206,81.7876838976093,0.016007681837237442,0.016007681837237442
FE-JD5-78,divergent,exact_or_related,76.96727634813237,77.00775025024099,0.04047390210861579,0.04047390210861579
FE-JD5-79,exact_or_related,adjacent,79.17115848124169,79.18716616307894,0.016007681837251653,0.016007681837251653
FE-JD5-80,exact_or_related,adjacent,70.03852755929077,70.05453524112802,0.016007681837251653,0.016007681837251653
FE-JD5-81,exact_or_related,adjacent,81.28397594600877,81.299983627846,0.016007681837237442,0.016007681837237442
FE-JD5-82,exact_or_related,adjacent,71.97871784014967,71.99472552198691,0.016007681837237442,0.016007681837237442
FE-JD5-83,adjacent,divergent,74.4763013414641,74.41981975751824,-0.05648158394585323,0.05648158394585323
FE-JD5-84,adjacent,divergent,73.26060448841424,73.20412290446839,-0.05648158394585323,0.05648158394585323
FE-JD5-85,adjacent,divergent,66.72581844412028,66.66933686017443,-0.05648158394585323,0.05648158394585323
FE-JD5-86,exact_or_related,adjacent,72.6257142036756,72.64172188551284,0.016007681837237442,0.016007681837237442
FE-JD5-87,divergent,exact_or_related,76.64211295998592,76.68258686209452,0.04047390210860158,0.04047390210860158
FE-JD5-88,exact_or_related,adjacent,60.961957534258225,60.97796521609546,0.016007681837237442,0.016007681837237442
FE-JD5-89,exact_or_related,adjacent,76.63945737982398,76.65546506166122,0.016007681837237442,0.016007681837237442
FE-JD5-90,exact_or_related,adjacent,61.68261745194795,61.69862513378519,0.016007681837244547,0.016007681837244547
FE-JD5-91,exact_or_related,adjacent,81.4329294578555,81.44893713969275,0.016007681837251653,0.016007681837251653
FE-JD5-92,exact_or_related,adjacent,75.16948407601525,75.18549175785249,0.016007681837237442,0.016007681837237442
FE-JD5-93,exact_or_related,adjacent,73.72236774242356,73.7383754242608,0.016007681837237442,0.016007681837237442
FE-JD5-94,exact_or_related,adjacent,60.69054958184742,60.70655726368466,0.016007681837237442,0.016007681837237442
FE-JD5-95,divergent,exact_or_related,72.44838076105763,72.48885466316624,0.04047390210860158,0.04047390210860158
FE-JD5-96,adjacent,divergent,81.90401033255075,81.84752874860492,-0.05648158394583902,0.05648158394583902
FE-JD5-97,adjacent,divergent,85.79901481039869,85.74253322645284,-0.05648158394585323,0.05648158394585323
FE-JD5-98,exact_or_related,adjacent,71.56021015041716,71.57621783225441,0.016007681837251653,0.016007681837251653
FE-JD5-99,adjacent,divergent,56.900493424655124,56.84401184070927,-0.05648158394585323,0.05648158394585323
FE-JD5-100,exact_or_related,adjacent,65.55659886797116,65.5726065498084,0.016007681837237442,0.016007681837237442
RD-JD6-01,divergent,exact_or_related,55.82490977510978,55.86538367721838,0.04047390210860158,0.04047390210860158
RD-JD6-02,adjacent,divergent,71.95788055863945,71.90139897469359,-0.05648158394585323,0.05648158394585323
RD-JD6-03,divergent,exact_or_related,68.07358694289768,68.11406084500629,0.04047390210861579,0.04047390210861579
RD-JD6-04,exact_or_related,adjacent,78.27007061087028,78.28607829270751,0.016007681837237442,0.016007681837237442
RD-JD6-05,divergent,exact_or_related,59.3560111303386,59.39648503244722,0.04047390210861579,0.04047390210861579
RD-JD6-06,exact_or_related,adjacent,79.72247050791886,79.7384781897561,0.016007681837237442,0.016007681837237442
RD-JD6-07,divergent,exact_or_related,66.29941704071726,66.33989094282586,0.04047390210860158,0.04047390210860158
RD-JD6-08,exact_or_related,adjacent,75.09313724746802,75.10914492930527,0.016007681837251653,0.016007681837251653
RD-JD6-09,adjacent,divergent,62.47168077627321,62.415199192327364,-0.056481583945846126,0.056481583945846126
RD-JD6-10,adjacent,divergent,73.32891512011045,73.27243353616461,-0.05648158394583902,0.05648158394583902
RD-JD6-11,adjacent,divergent,75.1319901631025,75.07550857915666,-0.05648158394583902,0.05648158394583902
RD-JD6-12,exact_or_related,adjacent,80.84579805385316,80.8618057356904,0.016007681837237442,0.016007681837237442
RD-JD6-13,exact_or_related,adjacent,77.47226841787605,77.48827609971329,0.016007681837237442,0.016007681837237442
RD-JD6-14,exact_or_related,adjacent,67.25522580419609,67.27123348603332,0.016007681837237442,0.016007681837237442
RD-JD6-15,exact_or_related,adjacent,72.79195211800497,72.80795979984221,0.016007681837237442,0.016007681837237442
RD-JD6-16,exact_or_related,adjacent,83.71109448405579,83.72710216589303,0.016007681837237442,0.016007681837237442
RD-JD6-17,divergent,exact_or_related,64.95599158763315,64.99646548974177,0.04047390210861579,0.04047390210861579
RD-JD6-18,exact_or_related,adjacent,74.85513981662092,74.87114749845817,0.016007681837251653,0.016007681837251653
RD-JD6-19,divergent,exact_or_related,77.49429057942476,77.53476448153336,0.04047390210860158,0.04047390210860158
RD-JD6-20,adjacent,divergent,68.05223193933654,67.99575035539068,-0.05648158394585323,0.05648158394585323
RD-JD6-21,divergent,exact_or_related,70.2738238205796,70.3142977226882,0.04047390210860158,0.04047390210860158
RD-JD6-22,adjacent,divergent,81.3406942324382,81.28421264849233,-0.05648158394586744,0.05648158394586744
RD-JD6-23,adjacent,divergent,72.5915280226426,72.53504643869675,-0.05648158394585323,0.05648158394585323
RD-JD6-24,exact_or_related,adjacent,68.15674937373859,68.17275705557583,0.016007681837237442,0.016007681837237442
RD-JD6-25,exact_or_related,adjacent,78.19879706270858,78.21480474454582,0.016007681837237442,0.016007681837237442
RD-JD6-26,exact_or_related,adjacent,78.78080942164767,78.79681710348491,0.016007681837237442,0.016007681837237442
RD-JD6-27,exact_or_related,adjacent,75.70015193344499,75.71615961528222,0.016007681837237442,0.016007681837237442
RD-JD6-28,exact_or_related,adjacent,70.49930250041025,70.5153101822475,0.016007681837251653,0.016007681837251653
RD-JD6-29,exact_or_related,adjacent,57.24304296093555,57.259050642772785,0.016007681837237442,0.016007681837237442
RD-JD6-30,exact_or_related,adjacent,72.85914753195331,72.87515521379055,0.016007681837237442,0.016007681837237442
RD-JD6-31,exact_or_related,adjacent,68.00323531560167,68.01924299743891,0.016007681837237442,0.016007681837237442
RD-JD6-32,exact_or_related,adjacent,65.07778578909331,65.09379347093055,0.016007681837237442,0.016007681837237442
RD-JD6-33,exact_or_related,adjacent,72.04169529505036,72.0577029768876,0.016007681837237442,0.016007681837237442
RD-JD6-34,exact_or_related,adjacent,60.50214478278249,60.51815246461973,0.016007681837244547,0.016007681837244547
RD-JD6-35,exact_or_related,adjacent,74.49531409192548,74.51132177376273,0.016007681837251653,0.016007681837251653
RD-JD6-36,adjacent,divergent,68.09496048645576,68.03847890250992,-0.05648158394583902,0.05648158394583902
RD-JD6-37,exact_or_related,adjacent,82.4911541384004,82.50716182023764,0.016007681837237442,0.016007681837237442
RD-JD6-38,exact_or_related,adjacent,81.36929698068755,81.38530466252479,0.016007681837237442,0.016007681837237442
RD-JD6-39,exact_or_related,adjacent,75.45527001955045,75.47127770138769,0.016007681837237442,0.016007681837237442
RD-JD6-40,exact_or_related,adjacent,64.43588823269802,64.45189591453526,0.016007681837237442,0.016007681837237442
RD-JD6-41,adjacent,divergent,71.30022872382091,71.24374713987505,-0.05648158394585323,0.05648158394585323
RD-JD6-42,exact_or_related,adjacent,86.26027343338237,86.27628111521962,0.016007681837251653,0.016007681837251653
RD-JD6-43,exact_or_related,adjacent,73.80203184244598,73.81803952428322,0.016007681837237442,0.016007681837237442
RD-JD6-44,divergent,exact_or_related,61.4439178290792,61.484391731187806,0.040473902108608684,0.040473902108608684
RD-JD6-45,exact_or_related,adjacent,66.01570340271866,66.0317110845559,0.016007681837237442,0.016007681837237442
RD-JD6-46,exact_or_related,adjacent,70.85519225026827,70.87119993210551,0.016007681837237442,0.016007681837237442
RD-JD6-47,exact_or_related,adjacent,79.70538244532433,79.72139012716158,0.016007681837251653,0.016007681837251653
RD-JD6-48,exact_or_related,adjacent,78.31360151061361,78.32960919245085,0.016007681837237442,0.016007681837237442
RD-JD6-49,exact_or_related,adjacent,63.13096041735866,63.1469680991959,0.016007681837244547,0.016007681837244547
RD-JD6-50,divergent,exact_or_related,64.50813684572063,64.54861074782923,0.04047390210860158,0.04047390210860158
RD-JD6-51,divergent,exact_or_related,65.87956952132822,65.92004342343684,0.04047390210861579,0.04047390210861579
RD-JD6-52,exact_or_related,adjacent,82.08021716122585,82.09622484306308,0.016007681837237442,0.016007681837237442
RD-JD6-53,exact_or_related,adjacent,73.1093717804998,73.12537946233704,0.016007681837237442,0.016007681837237442
RD-JD6-54,adjacent,divergent,82.57788353930192,82.52140195535607,-0.05648158394585323,0.05648158394585323
RD-JD6-55,divergent,exact_or_related,78.98838227646043,79.02885617856904,0.04047390210861579,0.04047390210861579
RD-JD6-56,exact_or_related,adjacent,71.98861338825981,72.00462107009704,0.016007681837237442,0.016007681837237442
RD-JD6-57,divergent,exact_or_related,75.07813080997765,75.11860471208625,0.04047390210860158,0.04047390210860158
RD-JD6-58,exact_or_related,adjacent,81.98861112530251,82.00461880713975,0.016007681837237442,0.016007681837237442
RD-JD6-59,exact_or_related,adjacent,80.98470993013464,81.00071761197188,0.016007681837237442,0.016007681837237442
RD-JD6-60,divergent,exact_or_related,85.4826230949374,85.523096997046,0.04047390210860158,0.04047390210860158
RD-JD6-61,adjacent,divergent,67.63485253290442,67.57837094895858,-0.05648158394583902,0.05648158394583902
RD-JD6-62,exact_or_related,adjacent,69.7120190458625,69.72802672769974,0.016007681837237442,0.016007681837237442
RD-JD6-63,adjacent,divergent,70.42016341938246,70.36368183543662,-0.05648158394583902,0.05648158394583902
RD-JD6-64,adjacent,divergent,83.40681980309601,83.35033821915016,-0.05648158394585323,0.05648158394585323
RD-JD6-65,exact_or_related,adjacent,76.23093928032777,76.24694696216503,0.016007681837251653,0.016007681837251653
RD-JD6-66,exact_or_related,adjacent,63.50477092929697,63.520778611134205,0.016007681837237442,0.016007681837237442
RD-JD6-67,exact_or_related,adjacent,86.0365354928868,86.05254317472404,0.016007681837237442,0.016007681837237442
RD-JD6-68,exact_or_related,adjacent,70.20060132015091,70.21660900198815,0.016007681837237442,0.016007681837237442
RD-JD6-69,exact_or_related,adjacent,74.6240474534666,74.64005513530384,0.016007681837237442,0.016007681837237442
RD-JD6-70,adjacent,divergent,80.9690235392441,80.91254195529825,-0.05648158394585323,0.05648158394585323
RD-JD6-71,exact_or_related,adjacent,67.70104967363778,67.71705735547502,0.016007681837237442,0.016007681837237442
RD-JD6-72,exact_or_related,adjacent,62.36522867014132,62.38123635197856,0.016007681837237442,0.016007681837237442
RD-JD6-73,exact_or_related,adjacent,81.2189347839033,81.23494246574055,0.016007681837251653,0.016007681837251653
RD-JD6-74,divergent,exact_or_related,80.07425127047537,80.11472517258397,0.04047390210860158,0.04047390210860158
RD-JD6-75,exact_or_related,adjacent,58.277567720979675,58.29357540281691,0.016007681837237442,0.016007681837237442
RD-JD6-76,exact_or_related,adjacent,58.20612573683686,58.2221334186741,0.016007681837237442,0.016007681837237442
RD-JD6-77,divergent,exact_or_related,72.81292793065705,72.85340183276567,0.04047390210861579,0.04047390210861579
RD-JD6-78,adjacent,divergent,65.92502342520265,65.86854184125681,-0.05648158394583902,0.05648158394583902
RD-JD6-79,exact_or_related,adjacent,62.3186991665279,62.33470684836514,0.016007681837237442,0.016007681837237442
RD-JD6-80,adjacent,divergent,62.44919796920799,62.39271638526213,-0.05648158394585323,0.05648158394585323
RD-JD6-81,exact_or_related,adjacent,70.15248286224782,70.16849054408506,0.016007681837237442,0.016007681837237442
RD-JD6-82,divergent,exact_or_related,79.11740291783704,79.15787681994564,0.04047390210860158,0.04047390210860158
RD-JD6-83,exact_or_related,adjacent,74.06148745897893,74.07749514081618,0.016007681837251653,0.016007681837251653
RD-JD6-84,exact_or_related,adjacent,72.66489531884265,72.68090300067989,0.016007681837237442,0.016007681837237442
RD-JD6-85,exact_or_related,adjacent,69.43640880962325,69.45241649146048,0.016007681837237442,0.016007681837237442
RD-JD6-86,exact_or_related,adjacent,72.53984251589029,72.55585019772752,0.016007681837237442,0.016007681837237442
RD-JD6-87,adjacent,divergent,76.03306888918776,75.97658730524192,-0.05648158394583902,0.05648158394583902
RD-JD6-88,exact_or_related,adjacent,66.05944348528172,66.07545116711896,0.016007681837237442,0.016007681837237442
RD-JD6-89,divergent,exact_or_related,68.79394151823536,68.83441542034397,0.04047390210861579,0.04047390210861579
RD-JD6-90,adjacent,divergent,65.0136607083959,64.95717912445005,-0.05648158394585323,0.05648158394585323
RD-JD6-91,exact_or_related,adjacent,69.98853334958395,70.00454103142118,0.016007681837237442,0.016007681837237442
RD-JD6-92,exact_or_related,adjacent,75.15988163060496,75.1758893124422,0.016007681837237442,0.016007681837237442
RD-JD6-93,exact_or_related,adjacent,68.3369930978857,68.35300077972293,0.016007681837237442,0.016007681837237442
RD-JD6-94,adjacent,divergent,82.30843634705637,82.2519547631105,-0.05648158394586744,0.05648158394586744
RD-JD6-95,exact_or_related,adjacent,67.83344532328097,67.8494530051182,0.016007681837237442,0.016007681837237442
RD-JD6-96,exact_or_related,adjacent,78.12321249579303,78.13922017763026,0.016007681837237442,0.016007681837237442
RD-JD6-97,adjacent,divergent,74.38502935285705,74.3285477689112,-0.05648158394583902,0.05648158394583902
RD-JD6-98,exact_or_related,adjacent,71.58662941464128,71.60263709647852,0.016007681837237442,0.016007681837237442
RD-JD6-99,divergent,exact_or_related,82.16632087012071,82.20679477222933,0.04047390210861579,0.04047390210861579
RD-JD6-100,exact_or_related,adjacent,72.57102716467169,72.58703484650894,0.016007681837251653,0.016007681837251653
UID-JD7-01,adjacent,divergent,64.34089059809995,64.28440901415411,-0.05648158394583902,0.05648158394583902
UID-JD7-02,exact_or_related,adjacent,73.05412979900206,73.07013748083929,0.016007681837237442,0.016007681837237442
UID-JD7-03,exact_or_related,adjacent,73.02852933286425,73.04453701470149,0.016007681837237442,0.016007681837237442
UID-JD7-04,adjacent,divergent,63.961131978091245,63.90465039414539,-0.05648158394585323,0.05648158394585323
UID-JD7-05,exact_or_related,adjacent,64.76744842103301,64.78345610287025,0.016007681837237442,0.016007681837237442
UID-JD7-06,adjacent,divergent,76.87768305232711,76.82120146838126,-0.05648158394585323,0.05648158394585323
UID-JD7-07,exact_or_related,adjacent,72.07519427882455,72.09120196066179,0.016007681837237442,0.016007681837237442
UID-JD7-08,exact_or_related,adjacent,71.43543334835883,71.45144103019607,0.016007681837237442,0.016007681837237442
UID-JD7-09,exact_or_related,adjacent,83.30216284579417,83.31817052763141,0.016007681837237442,0.016007681837237442
UID-JD7-10,adjacent,divergent,78.77745667810494,78.72097509415909,-0.05648158394585323,0.05648158394585323
UID-JD7-11,exact_or_related,adjacent,66.4493560579286,66.46536373976583,0.016007681837237442,0.016007681837237442
UID-JD7-12,exact_or_related,adjacent,76.11335401033381,76.12936169217105,0.016007681837237442,0.016007681837237442
UID-JD7-13,exact_or_related,adjacent,65.81416244769004,65.83017012952727,0.016007681837237442,0.016007681837237442
UID-JD7-14,divergent,exact_or_related,82.76431042527184,82.80478432738045,0.04047390210860158,0.04047390210860158
UID-JD7-15,exact_or_related,adjacent,59.29905827247821,59.31506595431545,0.016007681837237442,0.016007681837237442
UID-JD7-16,exact_or_related,adjacent,65.50236434833805,65.51837203017529,0.016007681837237442,0.016007681837237442
UID-JD7-17,adjacent,divergent,79.53119349617302,79.47471191222718,-0.05648158394583902,0.05648158394583902
UID-JD7-18,exact_or_related,adjacent,80.04036723748747,80.05637491932471,0.016007681837237442,0.016007681837237442
UID-JD7-19,exact_or_related,adjacent,86.44196012416532,86.45796780600257,0.016007681837251653,0.016007681837251653
UID-JD7-20,exact_or_related,adjacent,86.2939526026304,86.30996028446764,0.016007681837237442,0.016007681837237442
UID-JD7-21,exact_or_related,adjacent,65.4144273744538,65.43043505629103,0.016007681837237442,0.016007681837237442
UID-JD7-22,exact_or_related,adjacent,83.56710772443266,83.5831154062699,0.016007681837237442,0.016007681837237442
UID-JD7-23,divergent,exact_or_related,72.49813544789578,72.53860935000438,0.04047390210860158,0.04047390210860158
UID-JD7-24,exact_or_related,adjacent,62.44818296000855,62.464190641845796,0.016007681837244547,0.016007681837244547
UID-JD7-25,adjacent,divergent,70.6768649038265,70.62038331988066,-0.05648158394583902,0.05648158394583902
UID-JD7-26,exact_or_related,adjacent,63.98989379311723,64.00590147495447,0.016007681837237442,0.016007681837237442
UID-JD7-27,exact_or_related,adjacent,78.89205708877911,78.90806477061635,0.016007681837237442,0.016007681837237442
UID-JD7-28,exact_or_related,adjacent,64.5744073108512,64.59041499268844,0.016007681837237442,0.016007681837237442
UID-JD7-29,exact_or_related,adjacent,69.28614730686367,69.3021549887009,0.016007681837237442,0.016007681837237442
UID-JD7-30,exact_or_related,adjacent,84.54274540006381,84.55875308190105,0.016007681837237442,0.016007681837237442
UID-JD7-31,adjacent,divergent,65.88776159491044,65.83128001096459,-0.05648158394585323,0.05648158394585323
UID-JD7-32,exact_or_related,adjacent,60.911233290996364,60.9272409728336,0.016007681837237442,0.016007681837237442
UID-JD7-33,exact_or_related,adjacent,77.10260787689872,77.11861555873597,0.016007681837251653,0.016007681837251653
UID-JD7-34,exact_or_related,adjacent,78.58534760876303,78.60135529060027,0.016007681837237442,0.016007681837237442
UID-JD7-35,exact_or_related,adjacent,74.65503057412981,74.67103825596705,0.016007681837237442,0.016007681837237442
UID-JD7-36,exact_or_related,adjacent,70.3306508096279,70.34665849146513,0.016007681837237442,0.016007681837237442
UID-JD7-37,exact_or_related,adjacent,64.65445455785972,64.67046223969696,0.016007681837237442,0.016007681837237442
UID-JD7-38,exact_or_related,adjacent,76.76548176283652,76.78148944467375,0.016007681837237442,0.016007681837237442
UID-JD7-39,exact_or_related,adjacent,67.67313401212566,67.68914169396291,0.016007681837251653,0.016007681837251653
UID-JD7-40,exact_or_related,adjacent,79.32334963750574,79.33935731934298,0.016007681837237442,0.016007681837237442
UID-JD7-41,adjacent,divergent,88.24675387216296,88.1902722882171,-0.05648158394585323,0.05648158394585323
UID-JD7-42,adjacent,divergent,64.57176796914045,64.51528638519461,-0.05648158394583902,0.05648158394583902
UID-JD7-43,divergent,exact_or_related,80.71942135366729,80.7598952557759,0.04047390210861579,0.04047390210861579
UID-JD7-44,exact_or_related,adjacent,78.47341884729447,78.4894265291317,0.016007681837237442,0.016007681837237442
UID-JD7-45,exact_or_related,adjacent,71.48664212032241,71.50264980215967,0.016007681837251653,0.016007681837251653
UID-JD7-46,exact_or_related,adjacent,61.953363434629686,61.969371116466924,0.016007681837237442,0.016007681837237442
UID-JD7-47,exact_or_related,adjacent,66.27224148940373,66.28824917124098,0.016007681837251653,0.016007681837251653
UID-JD7-48,exact_or_related,adjacent,70.2211081637092,70.23711584554646,0.016007681837251653,0.016007681837251653
UID-JD7-49,exact_or_related,adjacent,67.34285574263367,67.35886342447091,0.016007681837237442,0.016007681837237442
UID-JD7-50,exact_or_related,adjacent,75.99106077070434,76.00706845254157,0.016007681837237442,0.016007681837237442
UID-JD7-51,adjacent,divergent,70.36176045708905,70.30527887314321,-0.05648158394583902,0.05648158394583902
UID-JD7-52,adjacent,divergent,70.785944372798,70.72946278885215,-0.05648158394585323,0.05648158394585323
UID-JD7-53,exact_or_related,adjacent,51.42302484599798,51.43903252783522,0.016007681837237442,0.016007681837237442
UID-JD7-54,exact_or_related,adjacent,83.41855428735572,83.43456196919296,0.016007681837237442,0.016007681837237442
UID-JD7-55,adjacent,divergent,74.48210960431717,74.42562802037132,-0.05648158394585323,0.05648158394585323
UID-JD7-56,exact_or_related,adjacent,87.66132305097489,87.67733073281212,0.016007681837237442,0.016007681837237442
UID-JD7-57,exact_or_related,adjacent,67.07722794463362,67.09323562647086,0.016007681837237442,0.016007681837237442
UID-JD7-58,exact_or_related,adjacent,66.4513401380755,66.46734781991275,0.016007681837251653,0.016007681837251653
UID-JD7-59,adjacent,divergent,85.00647678973999,84.94999520579414,-0.05648158394585323,0.05648158394585323
UID-JD7-60,adjacent,divergent,78.00925066192389,77.95276907797803,-0.05648158394585323,0.05648158394585323
UID-JD7-61,adjacent,divergent,66.10398756920002,66.04750598525418,-0.05648158394583902,0.05648158394583902
UID-JD7-62,exact_or_related,adjacent,62.059599580850076,62.07560726268731,0.016007681837237442,0.016007681837237442
UID-JD7-63,adjacent,divergent,65.2205088899446,65.16402730599876,-0.05648158394583902,0.05648158394583902
UID-JD7-64,adjacent,divergent,78.94786703293451,78.89138544898867,-0.05648158394583902,0.05648158394583902
UID-JD7-65,adjacent,divergent,65.14495556892976,65.0884739849839,-0.05648158394585323,0.05648158394585323
UID-JD7-66,adjacent,divergent,57.39417141408601,57.33768983014016,-0.05648158394585323,0.05648158394585323
UID-JD7-67,exact_or_related,adjacent,68.5104395690144,68.52644725085163,0.016007681837237442,0.016007681837237442
UID-JD7-68,exact_or_related,adjacent,80.24667309475193,80.26268077658916,0.016007681837237442,0.016007681837237442
UID-JD7-69,exact_or_related,adjacent,78.89944951746122,78.91545719929846,0.016007681837237442,0.016007681837237442
UID-JD7-70,divergent,exact_or_related,67.29236868417682,67.33284258628544,0.04047390210861579,0.04047390210861579
UID-JD7-71,adjacent,divergent,74.08723853169542,74.03075694774957,-0.05648158394585323,0.05648158394585323
UID-JD7-72,exact_or_related,adjacent,72.58475320748657,72.60076088932381,0.016007681837237442,0.016007681837237442
UID-JD7-73,exact_or_related,adjacent,63.94226253575158,63.95827021758882,0.016007681837237442,0.016007681837237442
UID-JD7-74,exact_or_related,adjacent,73.04959233650236,73.0656000183396,0.016007681837237442,0.016007681837237442
UID-JD7-75,divergent,exact_or_related,76.32819699432522,76.36867089643384,0.04047390210861579,0.04047390210861579
UID-JD7-76,divergent,exact_or_related,60.62238360930195,60.66285751141056,0.040473902108608684,0.040473902108608684
UID-JD7-77,exact_or_related,adjacent,78.26627728869462,78.28228497053186,0.016007681837237442,0.016007681837237442
UID-JD7-78,exact_or_related,adjacent,77.67160352670695,77.68761120854418,0.016007681837237442,0.016007681837237442
UID-JD7-79,exact_or_related,adjacent,62.7248331111074,62.74084079294464,0.016007681837237442,0.016007681837237442
UID-JD7-80,adjacent,divergent,83.41552448620995,83.3590429022641,-0.05648158394585323,0.05648158394585323
UID-JD7-81,adjacent,divergent,59.55017327008752,59.49369168614167,-0.056481583945846126,0.056481583945846126
UID-JD7-82,adjacent,divergent,77.1832725642948,77.12679098034894,-0.05648158394585323,0.05648158394585323
UID-JD7-83,divergent,exact_or_related,79.45286475669091,79.49333865879952,0.04047390210860158,0.04047390210860158
UID-JD7-84,adjacent,divergent,84.81279766449282,84.75631608054697,-0.05648158394585323,0.05648158394585323
UID-JD7-85,divergent,exact_or_related,67.93965060960046,67.98012451170906,0.04047390210860158,0.04047390210860158
UID-JD7-86,adjacent,divergent,62.69511010242795,62.63862851848211,-0.05648158394583902,0.05648158394583902
UID-JD7-87,exact_or_related,adjacent,75.9438406930278,75.95984837486503,0.016007681837237442,0.016007681837237442
UID-JD7-88,exact_or_related,adjacent,61.45690884357069,61.47291652540793,0.016007681837244547,0.016007681837244547
UID-JD7-89,adjacent,divergent,69.27177764145614,69.21529605751029,-0.05648158394585323,0.05648158394585323
UID-JD7-90,exact_or_related,adjacent,85.1993103920901,85.21531807392734,0.016007681837237442,0.016007681837237442
UID-JD7-91,adjacent,divergent,70.21339444136133,70.15691285741548,-0.05648158394585323,0.05648158394585323
UID-JD7-92,exact_or_related,adjacent,87.52862335416438,87.54463103600162,0.016007681837237442,0.016007681837237442
UID-JD7-93,adjacent,divergent,52.85632561667749,52.79984403273164,-0.056481583945846126,0.056481583945846126
UID-JD7-94,exact_or_related,adjacent,77.13043049908772,77.14643818092496,0.016007681837237442,0.016007681837237442
UID-JD7-95,exact_or_related,adjacent,64.5210107207252,64.53701840256244,0.016007681837237442,0.016007681837237442
UID-JD7-96,exact_or_related,adjacent,68.09170772931166,68.1077154111489,0.016007681837237442,0.016007681837237442
UID-JD7-97,exact_or_related,adjacent,74.78246807051082,74.79847575234805,0.016007681837237442,0.016007681837237442
UID-JD7-98,exact_or_related,adjacent,63.48616141817801,63.502169100015244,0.016007681837237442,0.016007681837237442
UID-JD7-99,exact_or_related,adjacent,64.08571189491579,64.10171957675303,0.016007681837237442,0.016007681837237442
UID-JD7-100,exact_or_related,adjacent,59.209126595849156,59.2251342776864,0.016007681837244547,0.016007681837244547
BE-JD8-01,adjacent,divergent,76.50518053036947,76.44869894642362,-0.05648158394585323,0.05648158394585323
BE-JD8-02,exact_or_related,adjacent,61.254497540086355,61.2705052219236,0.016007681837244547,0.016007681837244547
BE-JD8-03,exact_or_related,adjacent,61.80449618723691,61.82050386907415,0.016007681837244547,0.016007681837244547
BE-JD8-04,exact_or_related,adjacent,60.23288888445801,60.24889656629525,0.016007681837237442,0.016007681837237442
BE-JD8-05,exact_or_related,adjacent,76.87664189070745,76.89264957254468,0.016007681837237442,0.016007681837237442
BE-JD8-06,exact_or_related,adjacent,66.38071137798394,66.39671905982118,0.016007681837237442,0.016007681837237442
BE-JD8-07,exact_or_related,adjacent,57.50819804229502,57.524205724132266,0.016007681837244547,0.016007681837244547
BE-JD8-08,exact_or_related,adjacent,57.48262482421802,57.498632506055266,0.016007681837244547,0.016007681837244547
BE-JD8-09,adjacent,divergent,74.74508979745805,74.6886082135122,-0.05648158394585323,0.05648158394585323
BE-JD8-10,divergent,exact_or_related,72.97701765209585,73.01749155420445,0.04047390210860158,0.04047390210860158
BE-JD8-11,adjacent,divergent,67.34516347317673,67.28868188923087,-0.05648158394585323,0.05648158394585323
BE-JD8-12,adjacent,divergent,67.21277315050617,67.15629156656031,-0.05648158394585323,0.05648158394585323
BE-JD8-13,adjacent,divergent,66.50053151505938,66.44404993111353,-0.05648158394585323,0.05648158394585323
BE-JD8-14,divergent,exact_or_related,74.98171362388713,75.02218752599573,0.04047390210860158,0.04047390210860158
BE-JD8-15,divergent,exact_or_related,82.42908031358408,82.4695542156927,0.04047390210861579,0.04047390210861579
BE-JD8-16,exact_or_related,adjacent,75.29370519938307,75.3097128812203,0.016007681837237442,0.016007681837237442
BE-JD8-17,exact_or_related,adjacent,77.59424454385352,77.61025222569076,0.016007681837237442,0.016007681837237442
BE-JD8-18,exact_or_related,adjacent,89.77183964827272,89.78784733010995,0.016007681837237442,0.016007681837237442
BE-JD8-19,exact_or_related,adjacent,74.35442716777692,74.37043484961416,0.016007681837237442,0.016007681837237442
BE-JD8-20,exact_or_related,adjacent,71.14479544564871,71.16080312748595,0.016007681837237442,0.016007681837237442
BE-JD8-21,adjacent,divergent,62.90412950446235,62.84764792051649,-0.05648158394585323,0.05648158394585323
BE-JD8-22,exact_or_related,adjacent,85.16952915653195,85.18553683836919,0.016007681837237442,0.016007681837237442
BE-JD8-23,exact_or_related,adjacent,66.13511037500182,66.15111805683905,0.016007681837237442,0.016007681837237442
BE-JD8-24,exact_or_related,adjacent,76.852570611674,76.86857829351123,0.016007681837237442,0.016007681837237442
BE-JD8-25,adjacent,divergent,79.02343459171597,78.96695300777012,-0.05648158394585323,0.05648158394585323
BE-JD8-26,adjacent,divergent,64.74846174170928,64.69198015776342,-0.05648158394585323,0.05648158394585323
BE-JD8-27,adjacent,divergent,77.30646901009273,77.24998742614687,-0.05648158394585323,0.05648158394585323
BE-JD8-28,exact_or_related,adjacent,69.78162556662978,69.79763324846702,0.016007681837237442,0.016007681837237442
BE-JD8-29,adjacent,divergent,71.79763615477003,71.7411545708242,-0.05648158394583902,0.05648158394583902
BE-JD8-30,exact_or_related,adjacent,64.55208112667579,64.56808880851302,0.016007681837237442,0.016007681837237442
BE-JD8-31,exact_or_related,adjacent,70.2282730474616,70.24428072929884,0.016007681837237442,0.016007681837237442
BE-JD8-32,exact_or_related,adjacent,62.01340019554161,62.029407877378844,0.016007681837237442,0.016007681837237442
BE-JD8-33,exact_or_related,adjacent,83.71735718154098,83.73336486337821,0.016007681837237442,0.016007681837237442
BE-JD8-34,exact_or_related,adjacent,64.93219058617572,64.94819826801296,0.016007681837237442,0.016007681837237442
BE-JD8-35,exact_or_related,adjacent,61.759646716603086,61.775654398440324,0.016007681837237442,0.016007681837237442
BE-JD8-36,divergent,exact_or_related,83.65551232377557,83.69598622588417,0.04047390210860158,0.04047390210860158
BE-JD8-37,exact_or_related,adjacent,64.59803138641892,64.61403906825616,0.016007681837237442,0.016007681837237442
BE-JD8-38,exact_or_related,adjacent,74.56321021928119,74.57921790111843,0.016007681837237442,0.016007681837237442
BE-JD8-39,exact_or_related,adjacent,66.53036460817994,66.54637229001717,0.016007681837237442,0.016007681837237442
BE-JD8-40,adjacent,divergent,71.1473108364058,71.09082925245994,-0.05648158394585323,0.05648158394585323
BE-JD8-41,adjacent,divergent,73.53695493596622,73.48047335202038,-0.05648158394583902,0.05648158394583902
BE-JD8-42,exact_or_related,adjacent,76.56397019585201,76.57997787768925,0.016007681837237442,0.016007681837237442
BE-JD8-43,exact_or_related,adjacent,83.2162942558776,83.23230193771485,0.016007681837251653,0.016007681837251653
BE-JD8-44,adjacent,divergent,83.649745546576,83.59326396263016,-0.05648158394583902,0.05648158394583902
BE-JD8-45,exact_or_related,adjacent,64.12414817515719,64.14015585699443,0.016007681837237442,0.016007681837237442
BE-JD8-46,exact_or_related,adjacent,63.19969358875275,63.215701270589996,0.016007681837244547,0.016007681837244547
BE-JD8-47,exact_or_related,adjacent,68.11653945759045,68.13254713942769,0.016007681837237442,0.016007681837237442
BE-JD8-48,exact_or_related,adjacent,73.06912617694708,73.08513385878432,0.016007681837237442,0.016007681837237442
BE-JD8-49,exact_or_related,adjacent,68.798132366403,68.81414004824023,0.016007681837237442,0.016007681837237442
BE-JD8-50,divergent,exact_or_related,66.15840431511708,66.1988782172257,0.04047390210861579,0.04047390210861579
BE-JD8-51,exact_or_related,adjacent,76.0922596493413,76.10826733117854,0.016007681837237442,0.016007681837237442
BE-JD8-52,adjacent,divergent,89.0875881761901,89.03110659224426,-0.05648158394583902,0.05648158394583902
BE-JD8-53,adjacent,divergent,81.875177530259,81.81869594631314,-0.05648158394585323,0.05648158394585323
BE-JD8-54,exact_or_related,adjacent,69.80055022983538,69.81655791167263,0.016007681837251653,0.016007681837251653
BE-JD8-55,divergent,exact_or_related,70.50771379706563,70.54818769917424,0.04047390210860158,0.04047390210860158
BE-JD8-56,adjacent,divergent,73.78053520675397,73.72405362280811,-0.05648158394585323,0.05648158394585323
BE-JD8-57,adjacent,divergent,70.20943678069474,70.15295519674889,-0.05648158394585323,0.05648158394585323
BE-JD8-58,exact_or_related,adjacent,67.53031455045463,67.54632223229187,0.016007681837237442,0.016007681837237442
BE-JD8-59,exact_or_related,adjacent,66.12826254400187,66.14427022583911,0.016007681837237442,0.016007681837237442
BE-JD8-60,adjacent,divergent,71.73917677124768,71.68269518730183,-0.05648158394585323,0.05648158394585323
BE-JD8-61,exact_or_related,adjacent,75.97668601668859,75.99269369852583,0.016007681837237442,0.016007681837237442
BE-JD8-62,exact_or_related,adjacent,70.76152831550208,70.77753599733931,0.016007681837237442,0.016007681837237442
BE-JD8-63,exact_or_related,adjacent,71.26166212244682,71.27766980428406,0.016007681837237442,0.016007681837237442
BE-JD8-64,exact_or_related,adjacent,64.84107089040829,64.85707857224554,0.016007681837251653,0.016007681837251653
BE-JD8-65,divergent,exact_or_related,80.57147607299605,80.61194997510466,0.04047390210861579,0.04047390210861579
BE-JD8-66,adjacent,divergent,71.04402752937779,70.98754594543193,-0.05648158394585323,0.05648158394585323
BE-JD8-67,adjacent,divergent,84.09168305451894,84.03520147057309,-0.05648158394585323,0.05648158394585323
BE-JD8-68,adjacent,divergent,69.65503603610044,69.59855445215459,-0.05648158394585323,0.05648158394585323
BE-JD8-69,exact_or_related,adjacent,76.3537293597404,76.36973704157764,0.016007681837237442,0.016007681837237442
BE-JD8-70,adjacent,divergent,62.09010147294439,62.03361988899854,-0.05648158394585323,0.05648158394585323
BE-JD8-71,exact_or_related,adjacent,61.50058426529421,61.51659194713145,0.016007681837244547,0.016007681837244547
BE-JD8-72,exact_or_related,adjacent,66.9906738536583,67.00668153549553,0.016007681837237442,0.016007681837237442
BE-JD8-73,adjacent,divergent,68.80489124976562,68.74840966581976,-0.05648158394585323,0.05648158394585323
BE-JD8-74,exact_or_related,adjacent,74.56621744249576,74.582225124333,0.016007681837237442,0.016007681837237442
BE-JD8-75,adjacent,divergent,77.5344214594182,77.47793987547234,-0.05648158394585323,0.05648158394585323
BE-JD8-76,adjacent,divergent,67.25015355367937,67.19367196973351,-0.05648158394585323,0.05648158394585323
BE-JD8-77,divergent,exact_or_related,62.99327865391473,63.03375255602334,0.040473902108608684,0.040473902108608684
BE-JD8-78,exact_or_related,adjacent,76.26724497909959,76.28325266093682,0.016007681837237442,0.016007681837237442
BE-JD8-79,adjacent,divergent,77.20700312540417,77.15052154145833,-0.05648158394583902,0.05648158394583902
BE-JD8-80,exact_or_related,adjacent,77.19462534760059,77.21063302943783,0.016007681837237442,0.016007681837237442
BE-JD8-81,exact_or_related,adjacent,89.25557507933406,89.2715827611713,0.016007681837237442,0.016007681837237442
BE-JD8-82,exact_or_related,adjacent,71.21425015682998,71.23025783866721,0.016007681837237442,0.016007681837237442
BE-JD8-83,divergent,exact_or_related,78.88241124192493,78.92288514403354,0.04047390210861579,0.04047390210861579
BE-JD8-84,exact_or_related,adjacent,76.49195881936483,76.50796650120206,0.016007681837237442,0.016007681837237442
BE-JD8-85,exact_or_related,adjacent,63.373497190988225,63.38950487282546,0.016007681837237442,0.016007681837237442
BE-JD8-86,exact_or_related,adjacent,72.7928354643009,72.80884314613813,0.016007681837237442,0.016007681837237442
BE-JD8-87,exact_or_related,adjacent,85.15263963377625,85.16864731561348,0.016007681837237442,0.016007681837237442
BE-JD8-88,exact_or_related,adjacent,64.60623320817541,64.62224089001265,0.016007681837237442,0.016007681837237442
BE-JD8-89,exact_or_related,adjacent,66.64184135381115,66.65784903564838,0.016007681837237442,0.016007681837237442
BE-JD8-90,exact_or_related,adjacent,66.98379493377465,66.99980261561188,0.016007681837237442,0.016007681837237442
BE-JD8-91,adjacent,divergent,68.57931800644431,68.52283642249846,-0.05648158394585323,0.05648158394585323
BE-JD8-92,exact_or_related,adjacent,73.04701492962715,73.06302261146439,0.016007681837237442,0.016007681837237442
BE-JD8-93,exact_or_related,adjacent,77.90900966803248,77.92501734986972,0.016007681837237442,0.016007681837237442
BE-JD8-94,exact_or_related,adjacent,62.324275578312076,62.34028326014931,0.016007681837237442,0.016007681837237442
BE-JD8-95,exact_or_related,adjacent,82.48978106051707,82.50578874235431,0.016007681837237442,0.016007681837237442
BE-JD8-96,exact_or_related,adjacent,72.51517560278266,72.5311832846199,0.016007681837237442,0.016007681837237442
BE-JD8-97,exact_or_related,adjacent,66.12382293412908,66.13983061596632,0.016007681837237442,0.016007681837237442
BE-JD8-98,adjacent,divergent,63.3239345625098,63.26745297856395,-0.056481583945846126,0.056481583945846126
BE-JD8-99,divergent,exact_or_related,68.52433787922055,68.56481178132917,0.04047390210861579,0.04047390210861579
BE-JD8-100,divergent,exact_or_related,67.63825095043978,67.67872485254838,0.04047390210860158,0.04047390210860158
APD-JD9-01,divergent,exact_or_related,72.39209343699423,72.43256733910283,0.04047390210860158,0.04047390210860158
APD-JD9-02,exact_or_related,adjacent,79.2666990263288,79.28270670816603,0.016007681837237442,0.016007681837237442
APD-JD9-03,adjacent,divergent,65.39446405563581,65.33798247168995,-0.05648158394585323,0.05648158394585323
APD-JD9-04,exact_or_related,adjacent,71.15528865053733,71.17129633237457,0.016007681837237442,0.016007681837237442
APD-JD9-05,divergent,exact_or_related,76.34322704285117,76.38370094495978,0.04047390210861579,0.04047390210861579
APD-JD9-06,exact_or_related,adjacent,70.7508727336879,70.76688041552515,0.016007681837251653,0.016007681837251653
APD-JD9-07,exact_or_related,adjacent,72.16816507267019,72.18417275450743,0.016007681837237442,0.016007681837237442
APD-JD9-08,adjacent,divergent,65.49597910366491,65.43949751971905,-0.05648158394585323,0.05648158394585323
APD-JD9-09,exact_or_related,adjacent,62.661562108666665,62.6775697905039,0.016007681837237442,0.016007681837237442
APD-JD9-10,exact_or_related,adjacent,85.02572464727719,85.04173232911442,0.016007681837237442,0.016007681837237442
APD-JD9-11,exact_or_related,adjacent,65.67760143287225,65.69360911470949,0.016007681837237442,0.016007681837237442
APD-JD9-12,adjacent,divergent,62.96776631261264,62.91128472866679,-0.056481583945846126,0.056481583945846126
APD-JD9-13,exact_or_related,adjacent,80.83011818612977,80.846125867967,0.016007681837237442,0.016007681837237442
APD-JD9-14,adjacent,divergent,78.94343163107345,78.8869500471276,-0.05648158394585323,0.05648158394585323
APD-JD9-15,adjacent,divergent,65.04107918130374,64.9845975973579,-0.05648158394583902,0.05648158394583902
APD-JD9-16,adjacent,divergent,72.37444452557972,72.31796294163387,-0.05648158394585323,0.05648158394585323
APD-JD9-17,exact_or_related,adjacent,78.63781065526739,78.65381833710464,0.016007681837251653,0.016007681837251653
APD-JD9-18,exact_or_related,adjacent,68.62719925924013,68.64320694107737,0.016007681837237442,0.016007681837237442
APD-JD9-19,adjacent,divergent,60.3649685247878,60.308486940841945,-0.05648158394585323,0.05648158394585323
APD-JD9-20,adjacent,divergent,68.59550004092348,68.53901845697763,-0.05648158394585323,0.05648158394585323
APD-JD9-21,exact_or_related,adjacent,81.78503354376733,81.80104122560456,0.016007681837237442,0.016007681837237442
APD-JD9-22,exact_or_related,adjacent,57.09337112249932,57.109378804336565,0.016007681837244547,0.016007681837244547
APD-JD9-23,exact_or_related,adjacent,75.82889445191036,75.8449021337476,0.016007681837237442,0.016007681837237442
APD-JD9-24,exact_or_related,adjacent,64.90281267346516,64.9188203553024,0.016007681837237442,0.016007681837237442
APD-JD9-25,exact_or_related,adjacent,68.87761574243964,68.89362342427688,0.016007681837237442,0.016007681837237442
APD-JD9-26,exact_or_related,adjacent,54.86879764181886,54.8848053236561,0.016007681837244547,0.016007681837244547
APD-JD9-27,adjacent,divergent,63.58858143162825,63.532099847682396,-0.05648158394585323,0.05648158394585323
APD-JD9-28,adjacent,divergent,76.66226665830006,76.60578507435422,-0.05648158394583902,0.05648158394583902
APD-JD9-29,exact_or_related,adjacent,87.28780452698233,87.30381220881956,0.016007681837237442,0.016007681837237442
APD-JD9-30,adjacent,divergent,73.04468978893041,72.98820820498456,-0.05648158394585323,0.05648158394585323
APD-JD9-31,adjacent,divergent,71.54572177558774,71.4892401916419,-0.05648158394583902,0.05648158394583902
APD-JD9-32,adjacent,divergent,77.35590542095613,77.29942383701028,-0.05648158394585323,0.05648158394585323
APD-JD9-33,exact_or_related,adjacent,55.55488654777981,55.57089422961705,0.016007681837244547,0.016007681837244547
APD-JD9-34,divergent,exact_or_related,75.13985090720536,75.18032480931397,0.04047390210861579,0.04047390210861579
APD-JD9-35,adjacent,divergent,58.04795800963088,57.99147642568503,-0.05648158394585323,0.05648158394585323
APD-JD9-36,exact_or_related,adjacent,68.87284839724917,68.88885607908642,0.016007681837251653,0.016007681837251653
APD-JD9-37,exact_or_related,adjacent,79.97700317534058,79.99301085717782,0.016007681837237442,0.016007681837237442
APD-JD9-38,exact_or_related,adjacent,76.56111190595038,76.57711958778762,0.016007681837237442,0.016007681837237442
APD-JD9-39,exact_or_related,adjacent,64.98135723157013,64.99736491340737,0.016007681837237442,0.016007681837237442
APD-JD9-40,exact_or_related,adjacent,75.74364139174799,75.75964907358522,0.016007681837237442,0.016007681837237442
APD-JD9-41,divergent,exact_or_related,67.05375387816805,67.09422778027665,0.04047390210860158,0.04047390210860158
APD-JD9-42,adjacent,divergent,81.37742062197249,81.32093903802664,-0.05648158394585323,0.05648158394585323
APD-JD9-43,adjacent,divergent,59.07835030577044,59.021868721824596,-0.056481583945846126,0.056481583945846126
APD-JD9-44,exact_or_related,adjacent,53.45789271260869,53.473900394445934,0.016007681837244547,0.016007681837244547
APD-JD9-45,exact_or_related,adjacent,68.76063380290948,68.77664148474672,0.016007681837237442,0.016007681837237442
APD-JD9-46,exact_or_related,adjacent,74.71223408956376,74.728241771401,0.016007681837237442,0.016007681837237442
APD-JD9-47,exact_or_related,adjacent,63.198153387420184,63.21416106925742,0.016007681837237442,0.016007681837237442
APD-JD9-48,divergent,exact_or_related,80.39632255701812,80.43679645912673,0.04047390210860158,0.04047390210860158
APD-JD9-49,divergent,exact_or_related,68.06509907598983,68.10557297809844,0.04047390210860158,0.04047390210860158
APD-JD9-50,exact_or_related,adjacent,89.44731441080033,89.46332209263757,0.016007681837237442,0.016007681837237442
APD-JD9-51,divergent,exact_or_related,68.59771869250136,68.63819259460998,0.04047390210861579,0.04047390210861579
APD-JD9-52,exact_or_related,adjacent,77.10698911754747,77.12299679938471,0.016007681837237442,0.016007681837237442
APD-JD9-53,adjacent,divergent,70.32781426303637,70.27133267909052,-0.05648158394585323,0.05648158394585323
APD-JD9-54,divergent,exact_or_related,79.38335357788361,79.42382747999223,0.04047390210861579,0.04047390210861579
APD-JD9-55,adjacent,divergent,64.86074011048761,64.80425852654176,-0.05648158394585323,0.05648158394585323
APD-JD9-56,adjacent,divergent,67.914343240998,67.85786165705215,-0.05648158394583902,0.05648158394583902
APD-JD9-57,adjacent,divergent,72.13054958502681,72.07406800108096,-0.05648158394585323,0.05648158394585323
APD-JD9-58,exact_or_related,adjacent,83.92354306703093,83.93955074886817,0.016007681837237442,0.016007681837237442
APD-JD9-59,adjacent,divergent,71.66457734583658,71.60809576189072,-0.05648158394585323,0.05648158394585323
APD-JD9-60,adjacent,divergent,84.94396717727653,84.88748559333068,-0.05648158394585323,0.05648158394585323
APD-JD9-61,adjacent,divergent,81.22388632590297,81.16740474195711,-0.05648158394585323,0.05648158394585323
APD-JD9-62,adjacent,divergent,69.59562484169936,69.53914325775352,-0.05648158394583902,0.05648158394583902
APD-JD9-63,adjacent,divergent,85.18086301482326,85.12438143087742,-0.05648158394583902,0.05648158394583902
APD-JD9-64,exact_or_related,adjacent,66.59407954469334,66.61008722653058,0.016007681837237442,0.016007681837237442
APD-JD9-65,divergent,exact_or_related,56.235294922254724,56.27576882436333,0.040473902108608684,0.040473902108608684
APD-JD9-66,adjacent,divergent,65.05108545319345,64.9946038692476,-0.05648158394585323,0.05648158394585323
APD-JD9-67,exact_or_related,adjacent,62.88507446579789,62.90108214763513,0.016007681837237442,0.016007681837237442
APD-JD9-68,adjacent,divergent,79.31365666095284,79.257175077007,-0.05648158394583902,0.05648158394583902
APD-JD9-69,exact_or_related,adjacent,87.6342237123149,87.65023139415214,0.016007681837237442,0.016007681837237442
APD-JD9-70,exact_or_related,adjacent,78.16655346729705,78.18256114913429,0.016007681837237442,0.016007681837237442
APD-JD9-71,exact_or_related,adjacent,64.90452887617082,64.92053655800805,0.016007681837237442,0.016007681837237442
APD-JD9-72,adjacent,divergent,72.36124572207225,72.3047641381264,-0.05648158394585323,0.05648158394585323
APD-JD9-73,exact_or_related,adjacent,54.90090019387798,54.916907875715225,0.016007681837244547,0.016007681837244547
APD-JD9-74,divergent,exact_or_related,78.29735403211652,78.33782793422513,0.04047390210861579,0.04047390210861579
APD-JD9-75,exact_or_related,adjacent,69.1126801145487,69.12868779638593,0.016007681837237442,0.016007681837237442
APD-JD9-76,divergent,exact_or_related,70.73650775702056,70.77698165912918,0.04047390210861579,0.04047390210861579
APD-JD9-77,exact_or_related,adjacent,68.207156021027,68.22316370286424,0.016007681837237442,0.016007681837237442
APD-JD9-78,divergent,exact_or_related,87.03202895599894,87.07250285810754,0.04047390210860158,0.04047390210860158
APD-JD9-79,divergent,exact_or_related,82.71406224534854,82.75453614745716,0.04047390210861579,0.04047390210861579
APD-JD9-80,adjacent,divergent,72.87141485258368,72.81493326863783,-0.05648158394585323,0.05648158394585323
APD-JD9-81,exact_or_related,adjacent,72.97872122571464,72.99472890755187,0.016007681837237442,0.016007681837237442
APD-JD9-82,exact_or_related,adjacent,50.72199429282204,50.73800197465928,0.016007681837237442,0.016007681837237442
APD-JD9-83,exact_or_related,adjacent,72.80661208509733,72.82261976693457,0.016007681837237442,0.016007681837237442
APD-JD9-84,exact_or_related,adjacent,73.97530664225181,73.99131432408905,0.016007681837237442,0.016007681837237442
APD-JD9-85,adjacent,divergent,67.57000069281399,67.51351910886814,-0.05648158394585323,0.05648158394585323
APD-JD9-86,exact_or_related,adjacent,69.81314181296005,69.82914949479729,0.016007681837237442,0.016007681837237442
APD-JD9-87,adjacent,divergent,71.16795218463848,71.11147060069264,-0.05648158394583902,0.05648158394583902
APD-JD9-88,divergent,exact_or_related,80.97148225808321,81.01195616019182,0.04047390210860158,0.04047390210860158
APD-JD9-89,divergent,exact_or_related,66.81970537248517,66.86017927459379,0.04047390210861579,0.04047390210861579
APD-JD9-90,exact_or_related,adjacent,84.43651610342177,84.452523785259,0.016007681837237442,0.016007681837237442
APD-JD9-91,exact_or_related,adjacent,87.37273526267795,87.38874294451519,0.016007681837237442,0.016007681837237442
APD-JD9-92,exact_or_related,adjacent,84.16202785886736,84.1780355407046,0.016007681837237442,0.016007681837237442
APD-JD9-93,divergent,exact_or_related,65.43601123299004,65.47648513509866,0.04047390210861579,0.04047390210861579
APD-JD9-94,adjacent,divergent,84.851508672686,84.79502708874014,-0.05648158394585323,0.05648158394585323
APD-JD9-95,divergent,exact_or_related,62.1574452133206,62.197919115429215,0.04047390210861579,0.04047390210861579
APD-JD9-96,exact_or_related,adjacent,79.23863724155413,79.25464492339137,0.016007681837237442,0.016007681837237442
APD-JD9-97,divergent,exact_or_related,66.43174394466882,66.47221784677743,0.04047390210860158,0.04047390210860158
APD-JD9-98,divergent,exact_or_related,61.338304806415024,61.37877870852363,0.040473902108608684,0.040473902108608684
APD-JD9-99,exact_or_related,adjacent,62.44379631110459,62.45980399294183,0.016007681837237442,0.016007681837237442
APD-JD9-100,exact_or_related,adjacent,79.69691102387874,79.71291870571598,0.016007681837237442,0.016007681837237442
SSD-JD10-01,adjacent,divergent,74.28947636274337,74.23299477879752,-0.05648158394585323,0.05648158394585323
SSD-JD10-02,exact_or_related,adjacent,72.62404889078402,72.64005657262128,0.016007681837251653,0.016007681837251653
SSD-JD10-03,exact_or_related,adjacent,67.8480190249872,67.86402670682443,0.016007681837237442,0.016007681837237442
SSD-JD10-04,divergent,exact_or_related,67.54111332667807,67.58158722878669,0.04047390210861579,0.04047390210861579
SSD-JD10-05,adjacent,divergent,66.38785049662683,66.33136891268097,-0.05648158394585323,0.05648158394585323
SSD-JD10-06,adjacent,divergent,76.202157226437,76.14567564249114,-0.05648158394585323,0.05648158394585323
SSD-JD10-07,exact_or_related,adjacent,60.58802820237648,60.604035884213715,0.016007681837237442,0.016007681837237442
SSD-JD10-08,exact_or_related,adjacent,63.44988720932874,63.46589489116598,0.016007681837237442,0.016007681837237442
SSD-JD10-09,divergent,exact_or_related,75.1424480936027,75.1829219957113,0.04047390210860158,0.04047390210860158
SSD-JD10-10,exact_or_related,adjacent,70.00491629331894,70.02092397515618,0.016007681837237442,0.016007681837237442
SSD-JD10-11,exact_or_related,adjacent,76.52023642528751,76.53624410712474,0.016007681837237442,0.016007681837237442
SSD-JD10-12,divergent,exact_or_related,72.58895812552231,72.62943202763091,0.04047390210860158,0.04047390210860158
SSD-JD10-13,exact_or_related,adjacent,74.70840510036655,74.72441278220379,0.016007681837237442,0.016007681837237442
SSD-JD10-14,exact_or_related,adjacent,73.13166219598804,73.14766987782528,0.016007681837237442,0.016007681837237442
SSD-JD10-15,adjacent,divergent,84.28213415068352,84.22565256673768,-0.05648158394583902,0.05648158394583902
SSD-JD10-16,exact_or_related,adjacent,69.1949259514965,69.21093363333374,0.016007681837237442,0.016007681837237442
SSD-JD10-17,exact_or_related,adjacent,80.53585896570932,80.55186664754656,0.016007681837237442,0.016007681837237442
SSD-JD10-18,exact_or_related,adjacent,84.60945116958789,84.62545885142512,0.016007681837237442,0.016007681837237442
SSD-JD10-19,exact_or_related,adjacent,65.78952256002228,65.80553024185953,0.016007681837251653,0.016007681837251653
SSD-JD10-20,exact_or_related,adjacent,71.6190737827677,71.63508146460495,0.016007681837251653,0.016007681837251653
SSD-JD10-21,exact_or_related,adjacent,71.78131426510602,71.79732194694326,0.016007681837237442,0.016007681837237442
SSD-JD10-22,divergent,exact_or_related,82.12596260724246,82.16643650935107,0.04047390210861579,0.04047390210861579
SSD-JD10-23,adjacent,divergent,58.47842853580066,58.42194695185481,-0.05648158394585323,0.05648158394585323
SSD-JD10-24,exact_or_related,adjacent,64.37214347333243,64.38815115516967,0.016007681837237442,0.016007681837237442
SSD-JD10-25,adjacent,divergent,82.25212201112336,82.19564042717752,-0.05648158394583902,0.05648158394583902
SSD-JD10-26,adjacent,divergent,71.37788600568646,71.32140442174062,-0.05648158394583902,0.05648158394583902
SSD-JD10-27,exact_or_related,adjacent,80.16052598441316,80.1765336662504,0.016007681837251653,0.016007681837251653
SSD-JD10-28,exact_or_related,adjacent,73.2813449371988,73.29735261903603,0.016007681837237442,0.016007681837237442
SSD-JD10-29,exact_or_related,adjacent,78.42325446941963,78.43926215125687,0.016007681837237442,0.016007681837237442
SSD-JD10-30,exact_or_related,adjacent,70.89540160281237,70.91140928464961,0.016007681837237442,0.016007681837237442
SSD-JD10-31,adjacent,divergent,55.68331548724831,55.62683390330246,-0.056481583945846126,0.056481583945846126
SSD-JD10-32,divergent,exact_or_related,69.76411449974374,69.80458840185234,0.04047390210860158,0.04047390210860158
SSD-JD10-33,exact_or_related,adjacent,66.66185570120673,66.67786338304397,0.016007681837237442,0.016007681837237442
SSD-JD10-34,exact_or_related,adjacent,85.82996792682596,85.8459756086632,0.016007681837237442,0.016007681837237442
SSD-JD10-35,exact_or_related,adjacent,61.57767189917337,61.593679581010605,0.016007681837237442,0.016007681837237442
SSD-JD10-36,exact_or_related,adjacent,75.3991691725764,75.41517685441364,0.016007681837237442,0.016007681837237442
SSD-JD10-37,exact_or_related,adjacent,73.63856955423054,73.6545772360678,0.016007681837251653,0.016007681837251653
SSD-JD10-38,exact_or_related,adjacent,69.87289755523682,69.88890523707406,0.016007681837237442,0.016007681837237442
SSD-JD10-39,exact_or_related,adjacent,70.68631065547991,70.70231833731715,0.016007681837237442,0.016007681837237442
SSD-JD10-40,adjacent,divergent,64.22368175641341,64.16720017246756,-0.05648158394585323,0.05648158394585323
SSD-JD10-41,exact_or_related,adjacent,91.13436277765614,91.15037045949337,0.016007681837237442,0.016007681837237442
SSD-JD10-42,exact_or_related,adjacent,59.20465368155907,59.22066136339631,0.016007681837237442,0.016007681837237442
SSD-JD10-43,divergent,exact_or_related,57.72258652487424,57.76306042698284,0.04047390210860158,0.04047390210860158
SSD-JD10-44,adjacent,divergent,68.08722487651193,68.03074329256607,-0.05648158394585323,0.05648158394585323
SSD-JD10-45,exact_or_related,adjacent,68.35009012656771,68.36609780840494,0.016007681837237442,0.016007681837237442
SSD-JD10-46,exact_or_related,adjacent,71.52600800160386,71.54201568344111,0.016007681837251653,0.016007681837251653
SSD-JD10-47,exact_or_related,adjacent,71.96887376788385,71.98488144972109,0.016007681837237442,0.016007681837237442
SSD-JD10-48,exact_or_related,adjacent,74.4959834624809,74.51199114431813,0.016007681837237442,0.016007681837237442
SSD-JD10-49,exact_or_related,adjacent,78.41365485183682,78.42966253367406,0.016007681837237442,0.016007681837237442
SSD-JD10-50,adjacent,divergent,72.98057048928511,72.92408890533926,-0.05648158394585323,0.05648158394585323
SSD-JD10-51,divergent,exact_or_related,75.70986156305824,75.75033546516686,0.04047390210861579,0.04047390210861579
SSD-JD10-52,exact_or_related,adjacent,81.88331094737912,81.89931862921635,0.016007681837237442,0.016007681837237442
SSD-JD10-53,adjacent,divergent,76.57896005062987,76.52247846668402,-0.05648158394585323,0.05648158394585323
SSD-JD10-54,exact_or_related,adjacent,76.34813074845825,76.36413843029548,0.016007681837237442,0.016007681837237442
SSD-JD10-55,exact_or_related,adjacent,74.10622316910337,74.12223085094061,0.016007681837237442,0.016007681837237442
SSD-JD10-56,exact_or_related,adjacent,68.88948242718266,68.9054901090199,0.016007681837237442,0.016007681837237442
SSD-JD10-57,exact_or_related,adjacent,82.38050154173911,82.39650922357636,0.016007681837251653,0.016007681837251653
SSD-JD10-58,exact_or_related,adjacent,70.77923612267527,70.79524380451251,0.016007681837237442,0.016007681837237442
SSD-JD10-59,divergent,exact_or_related,69.62762148075757,69.66809538286618,0.04047390210861579,0.04047390210861579
SSD-JD10-60,exact_or_related,adjacent,73.87292124669916,73.8889289285364,0.016007681837237442,0.016007681837237442
SSD-JD10-61,adjacent,divergent,65.5735940607298,65.51711247678396,-0.05648158394583902,0.05648158394583902
SSD-JD10-62,exact_or_related,adjacent,81.91238327160734,81.92839095344458,0.016007681837237442,0.016007681837237442
SSD-JD10-63,exact_or_related,adjacent,82.07505027884537,82.0910579606826,0.016007681837237442,0.016007681837237442
SSD-JD10-64,exact_or_related,adjacent,69.58461094879847,69.60061863063571,0.016007681837237442,0.016007681837237442
SSD-JD10-65,divergent,exact_or_related,77.84318972004449,77.8836636221531,0.04047390210860158,0.04047390210860158
SSD-JD10-66,adjacent,divergent,67.24332894207863,67.18684735813278,-0.05648158394585323,0.05648158394585323
SSD-JD10-67,divergent,exact_or_related,65.31068321976444,65.35115712187304,0.04047390210860158,0.04047390210860158
SSD-JD10-68,exact_or_related,adjacent,68.61040033285293,68.62640801469017,0.016007681837237442,0.016007681837237442
SSD-JD10-69,adjacent,divergent,68.8041837614891,68.74770217754325,-0.05648158394585323,0.05648158394585323
SSD-JD10-70,exact_or_related,adjacent,71.85272087097779,71.86872855281504,0.016007681837251653,0.016007681837251653
SSD-JD10-71,exact_or_related,adjacent,70.29856641660173,70.31457409843897,0.016007681837237442,0.016007681837237442
SSD-JD10-72,divergent,exact_or_related,69.02443811170677,69.06491201381537,0.04047390210860158,0.04047390210860158
SSD-JD10-73,exact_or_related,adjacent,54.811503474753195,54.82751115659043,0.016007681837237442,0.016007681837237442
SSD-JD10-74,divergent,exact_or_related,79.15085651406139,79.19133041616999,0.04047390210860158,0.04047390210860158
SSD-JD10-75,exact_or_related,adjacent,78.922098562751,78.93810624458824,0.016007681837237442,0.016007681837237442
SSD-JD10-76,exact_or_related,adjacent,76.03197857616787,76.04798625800511,0.016007681837237442,0.016007681837237442
SSD-JD10-77,adjacent,divergent,68.61259427990781,68.55611269596197,-0.05648158394583902,0.05648158394583902
SSD-JD10-78,exact_or_related,adjacent,64.94695087016484,64.96295855200208,0.016007681837237442,0.016007681837237442
SSD-JD10-79,exact_or_related,adjacent,55.856364701467186,55.87237238330442,0.016007681837237442,0.016007681837237442
SSD-JD10-80,exact_or_related,adjacent,86.5153825685773,86.53139025041455,0.016007681837251653,0.016007681837251653
SSD-JD10-81,exact_or_related,adjacent,60.45934951360808,60.47535719544532,0.016007681837237442,0.016007681837237442
SSD-JD10-82,exact_or_related,adjacent,76.28335419180523,76.29936187364247,0.016007681837237442,0.016007681837237442
SSD-JD10-83,exact_or_related,adjacent,78.79294006163339,78.80894774347064,0.016007681837251653,0.016007681837251653
SSD-JD10-84,adjacent,divergent,71.04079422951307,70.98431264556723,-0.05648158394583902,0.05648158394583902
SSD-JD10-85,exact_or_related,adjacent,78.05466668484861,78.07067436668585,0.016007681837237442,0.016007681837237442
SSD-JD10-86,exact_or_related,adjacent,61.48708716091024,61.50309484274748,0.016007681837237442,0.016007681837237442
SSD-JD10-87,exact_or_related,adjacent,66.75402791544782,66.77003559728506,0.016007681837237442,0.016007681837237442
SSD-JD10-88,adjacent,divergent,81.03909750493763,80.98261592099179,-0.05648158394583902,0.05648158394583902
SSD-JD10-89,exact_or_related,adjacent,65.65968744472893,65.67569512656618,0.016007681837251653,0.016007681837251653
SSD-JD10-90,exact_or_related,adjacent,85.78534589592829,85.80135357776554,0.016007681837251653,0.016007681837251653
SSD-JD10-91,exact_or_related,adjacent,73.87050092205645,73.88650860389369,0.016007681837237442,0.016007681837237442
SSD-JD10-92,exact_or_related,adjacent,68.52237228027872,68.53837996211595,0.016007681837237442,0.016007681837237442
SSD-JD10-93,adjacent,divergent,62.93895904481094,62.8824774608651,-0.056481583945846126,0.056481583945846126
SSD-JD10-94,exact_or_related,adjacent,73.68246816505827,73.6984758468955,0.016007681837237442,0.016007681837237442
SSD-JD10-95,exact_or_related,adjacent,56.22350620479333,56.239513886630576,0.016007681837244547,0.016007681837244547
SSD-JD10-96,divergent,exact_or_related,63.57901759269454,63.61949149480315,0.040473902108608684,0.040473902108608684
SSD-JD10-97,adjacent,divergent,65.9049818288141,65.84850024486825,-0.05648158394585323,0.05648158394585323
SSD-JD10-98,exact_or_related,adjacent,86.8293659838127,86.84537366564994,0.016007681837237442,0.016007681837237442
SSD-JD10-99,exact_or_related,adjacent,70.71145429247653,70.72746197431377,0.016007681837237442,0.016007681837237442
SSD-JD10-100,exact_or_related,adjacent,88.80314436650255,88.81915204833979,0.016007681837237442,0.016007681837237442
DA-JD11-01,exact_or_related,adjacent,77.81743506213994,77.83344274397717,0.016007681837237442,0.016007681837237442
DA-JD11-02,exact_or_related,adjacent,76.83334569025918,76.84935337209642,0.016007681837237442,0.016007681837237442
DA-JD11-03,exact_or_related,adjacent,66.53242547728745,66.54843315912468,0.016007681837237442,0.016007681837237442
DA-JD11-04,adjacent,divergent,81.3539136791498,81.29743209520396,-0.05648158394583902,0.05648158394583902
DA-JD11-05,exact_or_related,adjacent,86.47101740419312,86.48702508603037,0.016007681837251653,0.016007681837251653
DA-JD11-06,exact_or_related,adjacent,57.60296582574473,57.61897350758198,0.016007681837244547,0.016007681837244547
DA-JD11-07,exact_or_related,adjacent,60.3697390378514,60.38574671968864,0.016007681837237442,0.016007681837237442
DA-JD11-08,divergent,exact_or_related,67.18571473358024,67.22618863568886,0.04047390210861579,0.04047390210861579
DA-JD11-09,adjacent,divergent,58.91412066574333,58.85763908179748,-0.05648158394585323,0.05648158394585323
DA-JD11-10,exact_or_related,adjacent,72.43711109651852,72.45311877835577,0.016007681837251653,0.016007681837251653
DA-JD11-11,exact_or_related,adjacent,70.43298028221162,70.44898796404887,0.016007681837251653,0.016007681837251653
DA-JD11-12,exact_or_related,adjacent,63.60896212348898,63.62496980532622,0.016007681837237442,0.016007681837237442
DA-JD11-13,divergent,exact_or_related,71.34859815606787,71.38907205817648,0.04047390210861579,0.04047390210861579
DA-JD11-14,adjacent,divergent,80.17908073990507,80.12259915595924,-0.05648158394583902,0.05648158394583902
DA-JD11-15,adjacent,divergent,67.51593230511652,67.45945072117067,-0.05648158394585323,0.05648158394585323
DA-JD11-16,divergent,exact_or_related,69.89766296674263,69.93813686885125,0.04047390210861579,0.04047390210861579
DA-JD11-17,exact_or_related,adjacent,73.16885034742566,73.18485802926291,0.016007681837251653,0.016007681837251653
DA-JD11-18,divergent,exact_or_related,65.47430925481987,65.51478315692849,0.04047390210861579,0.04047390210861579
DA-JD11-19,exact_or_related,adjacent,59.03914975700747,59.05515743884471,0.016007681837237442,0.016007681837237442
DA-JD11-20,exact_or_related,adjacent,67.4497796238877,67.46578730572493,0.016007681837237442,0.016007681837237442
DA-JD11-21,adjacent,divergent,84.32902804496261,84.27254646101677,-0.05648158394583902,0.05648158394583902
DA-JD11-22,adjacent,divergent,74.64775790513707,74.59127632119122,-0.05648158394585323,0.05648158394585323
DA-JD11-23,exact_or_related,adjacent,67.31801630205425,67.33402398389148,0.016007681837237442,0.016007681837237442
DA-JD11-24,exact_or_related,adjacent,91.12643736667629,91.14244504851352,0.016007681837237442,0.016007681837237442
DA-JD11-25,exact_or_related,adjacent,85.98951533177627,86.00552301361351,0.016007681837237442,0.016007681837237442
DA-JD11-26,exact_or_related,adjacent,70.38397901559237,70.39998669742961,0.016007681837237442,0.016007681837237442
DA-JD11-27,adjacent,divergent,81.62965360675967,81.57317202281384,-0.05648158394583902,0.05648158394583902
DA-JD11-28,adjacent,divergent,53.33067009413981,53.274188510193966,-0.056481583945846126,0.056481583945846126
DA-JD11-29,exact_or_related,adjacent,64.88117186265134,64.89717954448858,0.016007681837237442,0.016007681837237442
DA-JD11-30,adjacent,divergent,68.93054070999388,68.87405912604802,-0.05648158394585323,0.05648158394585323
DA-JD11-31,exact_or_related,adjacent,59.21308466085508,59.229092342692326,0.016007681837244547,0.016007681837244547
DA-JD11-32,divergent,exact_or_related,64.6181099088263,64.65858381093491,0.04047390210861579,0.04047390210861579
DA-JD11-33,exact_or_related,adjacent,67.66843898837253,67.68444667020977,0.016007681837237442,0.016007681837237442
DA-JD11-34,exact_or_related,adjacent,77.66425491571057,77.68026259754781,0.016007681837237442,0.016007681837237442
DA-JD11-35,divergent,exact_or_related,82.79322219996729,82.8336961020759,0.04047390210861579,0.04047390210861579
DA-JD11-36,exact_or_related,adjacent,69.408787582312,69.42479526414924,0.016007681837237442,0.016007681837237442
DA-JD11-37,adjacent,divergent,77.86152811524683,77.80504653130097,-0.05648158394585323,0.05648158394585323
DA-JD11-38,exact_or_related,adjacent,73.04426695684552,73.06027463868277,0.016007681837251653,0.016007681837251653
DA-JD11-39,exact_or_related,adjacent,65.03852073966259,65.05452842149982,0.016007681837237442,0.016007681837237442
DA-JD11-40,adjacent,divergent,63.34814712345512,63.291665539509275,-0.056481583945846126,0.056481583945846126
DA-JD11-41,adjacent,divergent,72.50626238161746,72.44978079767161,-0.05648158394585323,0.05648158394585323
DA-JD11-42,divergent,exact_or_related,64.41864607326771,64.45911997537631,0.04047390210860158,0.04047390210860158
DA-JD11-43,exact_or_related,adjacent,67.72330257999747,67.7393102618347,0.016007681837237442,0.016007681837237442
DA-JD11-44,divergent,exact_or_related,82.99318530562556,83.03365920773417,0.04047390210861579,0.04047390210861579
DA-JD11-45,exact_or_related,adjacent,59.50392795298237,59.51993563481962,0.016007681837244547,0.016007681837244547
DA-JD11-46,exact_or_related,adjacent,61.91916475971767,61.935172441554904,0.016007681837237442,0.016007681837237442
DA-JD11-47,exact_or_related,adjacent,76.75322328278386,76.7692309646211,0.016007681837237442,0.016007681837237442
DA-JD11-48,exact_or_related,adjacent,90.23376991270581,90.24977759454305,0.016007681837237442,0.016007681837237442
DA-JD11-49,exact_or_related,adjacent,77.111897158067,77.12790483990423,0.016007681837237442,0.016007681837237442
DA-JD11-50,exact_or_related,adjacent,77.26549748159002,77.28150516342725,0.016007681837237442,0.016007681837237442
DA-JD11-51,exact_or_related,adjacent,72.04248718789673,72.05849486973396,0.016007681837237442,0.016007681837237442
DA-JD11-52,exact_or_related,adjacent,73.40415572752788,73.42016340936512,0.016007681837237442,0.016007681837237442
DA-JD11-53,exact_or_related,adjacent,76.90817352004936,76.92418120188661,0.016007681837251653,0.016007681837251653
DA-JD11-54,exact_or_related,adjacent,55.19074103514479,55.206748716982034,0.016007681837244547,0.016007681837244547
DA-JD11-55,adjacent,divergent,70.64256356298377,70.58608197903791,-0.05648158394585323,0.05648158394585323
DA-JD11-56,divergent,exact_or_related,60.80204126627968,60.842515168388296,0.04047390210861579,0.04047390210861579
DA-JD11-57,adjacent,divergent,83.58277040328419,83.52628881933835,-0.05648158394583902,0.05648158394583902
DA-JD11-58,adjacent,divergent,73.9508168381563,73.89433525421046,-0.05648158394583902,0.05648158394583902
DA-JD11-59,exact_or_related,adjacent,66.22230850748777,66.238316189325,0.016007681837237442,0.016007681837237442
DA-JD11-60,exact_or_related,adjacent,74.07121542759765,74.08722310943489,0.016007681837237442,0.016007681837237442
DA-JD11-61,exact_or_related,adjacent,59.47306326959143,59.489070951428666,0.016007681837237442,0.016007681837237442
DA-JD11-62,exact_or_related,adjacent,76.93824878076,76.95425646259724,0.016007681837237442,0.016007681837237442
DA-JD11-63,exact_or_related,adjacent,72.99615234760333,73.01216002944057,0.016007681837237442,0.016007681837237442
DA-JD11-64,divergent,exact_or_related,63.28465862134967,63.32513252345828,0.040473902108608684,0.040473902108608684
DA-JD11-65,exact_or_related,adjacent,86.68700151010802,86.70300919194526,0.016007681837237442,0.016007681837237442
DA-JD11-66,adjacent,divergent,79.81971961427806,79.7632380303322,-0.05648158394585323,0.05648158394585323
DA-JD11-67,exact_or_related,adjacent,66.34018585934818,66.35619354118542,0.016007681837237442,0.016007681837237442
DA-JD11-68,adjacent,divergent,73.81670254285285,73.760220958907,-0.05648158394585323,0.05648158394585323
DA-JD11-69,adjacent,divergent,71.57063301366588,71.51415142972003,-0.05648158394585323,0.05648158394585323
DA-JD11-70,exact_or_related,adjacent,71.1498268859233,71.16583456776056,0.016007681837251653,0.016007681837251653
DA-JD11-71,exact_or_related,adjacent,75.78677135964045,75.80277904147769,0.016007681837237442,0.016007681837237442
DA-JD11-72,exact_or_related,adjacent,59.907110568337146,59.92311825017438,0.016007681837237442,0.016007681837237442
DA-JD11-73,exact_or_related,adjacent,82.95648001284361,82.97248769468085,0.016007681837237442,0.016007681837237442
DA-JD11-74,divergent,exact_or_related,71.5007334387251,71.54120734083372,0.04047390210861579,0.04047390210861579
DA-JD11-75,adjacent,divergent,63.30395205715838,63.24747047321253,-0.056481583945846126,0.056481583945846126
DA-JD11-76,adjacent,divergent,76.98596448164213,76.92948289769626,-0.05648158394586744,0.05648158394586744
DA-JD11-77,exact_or_related,adjacent,55.07863444727871,55.094642129115954,0.016007681837244547,0.016007681837244547
DA-JD11-78,divergent,exact_or_related,69.15984010710041,69.20031400920902,0.04047390210861579,0.04047390210861579
DA-JD11-79,adjacent,divergent,51.48187139114226,51.42538980719642,-0.056481583945846126,0.056481583945846126
DA-JD11-80,exact_or_related,adjacent,67.06834726251492,67.08435494435216,0.016007681837237442,0.016007681837237442
DA-JD11-81,exact_or_related,adjacent,74.19315734541443,74.20916502725169,0.016007681837251653,0.016007681837251653
DA-JD11-82,exact_or_related,adjacent,71.45551853888003,71.47152622071727,0.016007681837237442,0.016007681837237442
DA-JD11-83,adjacent,divergent,88.43512731717395,88.3786457332281,-0.05648158394585323,0.05648158394585323
DA-JD11-84,exact_or_related,adjacent,77.51779254442073,77.53380022625797,0.016007681837237442,0.016007681837237442
DA-JD11-85,exact_or_related,adjacent,59.78004613485631,59.79605381669355,0.016007681837237442,0.016007681837237442
DA-JD11-86,exact_or_related,adjacent,78.97373182570803,78.98973950754527,0.016007681837237442,0.016007681837237442
DA-JD11-87,divergent,exact_or_related,82.00777688053286,82.04825078264146,0.04047390210860158,0.04047390210860158
DA-JD11-88,divergent,exact_or_related,66.3557606427268,66.39623454483541,0.04047390210860158,0.04047390210860158
DA-JD11-89,exact_or_related,adjacent,63.093283090036145,63.10929077187339,0.016007681837244547,0.016007681837244547
DA-JD11-90,exact_or_related,adjacent,77.02351245670751,77.03952013854476,0.016007681837251653,0.016007681837251653
DA-JD11-91,adjacent,divergent,66.95889105240178,66.90240946845594,-0.05648158394583902,0.05648158394583902
DA-JD11-92,exact_or_related,adjacent,80.38431268116632,80.40032036300357,0.016007681837251653,0.016007681837251653
DA-JD11-93,adjacent,divergent,73.43734255064956,73.38086096670371,-0.05648158394585323,0.05648158394585323
DA-JD11-94,exact_or_related,adjacent,70.21902325629718,70.23503093813441,0.016007681837237442,0.016007681837237442
DA-JD11-95,exact_or_related,adjacent,82.58761419017185,82.60362187200909,0.016007681837237442,0.016007681837237442
DA-JD11-96,exact_or_related,adjacent,71.9495741683237,71.96558185016093,0.016007681837237442,0.016007681837237442
DA-JD11-97,exact_or_related,adjacent,65.76990310559323,65.78591078743047,0.016007681837237442,0.016007681837237442
DA-JD11-98,exact_or_related,adjacent,70.45724097488338,70.47324865672061,0.016007681837237442,0.016007681837237442
DA-JD11-99,exact_or_related,adjacent,67.00527725061258,67.02128493244982,0.016007681837237442,0.016007681837237442
DA-JD11-100,exact_or_related,adjacent,60.88630411443,60.902311796267234,0.016007681837237442,0.016007681837237442
DS-JD12-01,exact_or_related,adjacent,69.522958454491,69.53896613632824,0.016007681837237442,0.016007681837237442
DS-JD12-02,exact_or_related,adjacent,56.757150892188285,56.77315857402552,0.016007681837237442,0.016007681837237442
DS-JD12-03,exact_or_related,adjacent,83.71773190025827,83.73373958209551,0.016007681837237442,0.016007681837237442
DS-JD12-04,divergent,exact_or_related,64.28174258730931,64.32221648941793,0.04047390210861579,0.04047390210861579
DS-JD12-05,exact_or_related,adjacent,58.09144118433648,58.10744886617372,0.016007681837237442,0.016007681837237442
DS-JD12-06,exact_or_related,adjacent,81.203904362849,81.21991204468625,0.016007681837251653,0.016007681837251653
DS-JD12-07,exact_or_related,adjacent,67.34988645966894,67.36589414150617,0.016007681837237442,0.016007681837237442
DS-JD12-08,exact_or_related,adjacent,64.81192667520679,64.82793435704404,0.016007681837251653,0.016007681837251653
DS-JD12-09,exact_or_related,adjacent,53.02944339845949,53.04545108029673,0.016007681837237442,0.016007681837237442
DS-JD12-10,divergent,exact_or_related,87.19989532002808,87.24036922213668,0.04047390210860158,0.04047390210860158
DS-JD12-11,exact_or_related,adjacent,76.08510501659059,76.10111269842783,0.016007681837237442,0.016007681837237442
DS-JD12-12,exact_or_related,adjacent,65.06268711343901,65.07869479527625,0.016007681837237442,0.016007681837237442
DS-JD12-13,exact_or_related,adjacent,61.44661245065146,61.462620132488695,0.016007681837237442,0.016007681837237442
DS-JD12-14,divergent,exact_or_related,73.5071776619781,73.54765156408672,0.04047390210861579,0.04047390210861579
DS-JD12-15,divergent,exact_or_related,75.19623136774686,75.23670526985546,0.04047390210860158,0.04047390210860158
DS-JD12-16,divergent,exact_or_related,68.94615354809899,68.98662745020759,0.04047390210860158,0.04047390210860158
DS-JD12-17,exact_or_related,adjacent,66.17664863072069,66.19265631255793,0.016007681837237442,0.016007681837237442
DS-JD12-18,exact_or_related,adjacent,77.24666791312741,77.26267559496466,0.016007681837251653,0.016007681837251653
DS-JD12-19,exact_or_related,adjacent,84.5452815982624,84.56128928009964,0.016007681837237442,0.016007681837237442
DS-JD12-20,exact_or_related,adjacent,85.72673690978714,85.74274459162437,0.016007681837237442,0.016007681837237442
DS-JD12-21,exact_or_related,adjacent,72.95443802966103,72.97044571149827,0.016007681837237442,0.016007681837237442
DS-JD12-22,exact_or_related,adjacent,76.10874596468368,76.12475364652092,0.016007681837237442,0.016007681837237442
DS-JD12-23,exact_or_related,adjacent,75.81835468839374,75.83436237023098,0.016007681837237442,0.016007681837237442
DS-JD12-24,exact_or_related,adjacent,79.99895851485587,80.01496619669311,0.016007681837237442,0.016007681837237442
DS-JD12-25,exact_or_related,adjacent,69.87643661427646,69.8924442961137,0.016007681837237442,0.016007681837237442
DS-JD12-26,exact_or_related,adjacent,71.43945965222991,71.45546733406715,0.016007681837237442,0.016007681837237442
DS-JD12-27,exact_or_related,adjacent,76.50522340170025,76.52123108353749,0.016007681837237442,0.016007681837237442
DS-JD12-28,exact_or_related,adjacent,68.48118911710053,68.49719679893776,0.016007681837237442,0.016007681837237442
DS-JD12-29,exact_or_related,adjacent,73.36413504662967,73.38014272846691,0.016007681837237442,0.016007681837237442
DS-JD12-30,divergent,exact_or_related,59.774817346898566,59.815291249007174,0.040473902108608684,0.040473902108608684
DS-JD12-31,exact_or_related,adjacent,74.06822517076296,74.0842328526002,0.016007681837237442,0.016007681837237442
DS-JD12-32,exact_or_related,adjacent,76.83009136202388,76.84609904386112,0.016007681837237442,0.016007681837237442
DS-JD12-33,exact_or_related,adjacent,57.95529948716301,57.97130716900025,0.016007681837237442,0.016007681837237442
DS-JD12-34,exact_or_related,adjacent,65.89480311083689,65.91081079267414,0.016007681837251653,0.016007681837251653
DS-JD12-35,exact_or_related,adjacent,69.46694545640837,69.4829531382456,0.016007681837237442,0.016007681837237442
DS-JD12-36,exact_or_related,adjacent,69.31877169571669,69.33477937755393,0.016007681837237442,0.016007681837237442
DS-JD12-37,exact_or_related,adjacent,70.45253098938595,70.46853867122319,0.016007681837237442,0.016007681837237442
DS-JD12-38,exact_or_related,adjacent,76.06343716576355,76.0794448476008,0.016007681837251653,0.016007681837251653
DS-JD12-39,exact_or_related,adjacent,56.04489718717925,56.0609048690165,0.016007681837244547,0.016007681837244547
DS-JD12-40,exact_or_related,adjacent,77.91091449042617,77.9269221722634,0.016007681837237442,0.016007681837237442
DS-JD12-41,divergent,exact_or_related,74.51472324600871,74.55519714811732,0.04047390210860158,0.04047390210860158
DS-JD12-42,divergent,exact_or_related,70.40262440698085,70.44309830908945,0.04047390210860158,0.04047390210860158
DS-JD12-43,exact_or_related,adjacent,60.10782269075404,60.12383037259128,0.016007681837237442,0.016007681837237442
DS-JD12-44,exact_or_related,adjacent,76.09512494687581,76.11113262871305,0.016007681837237442,0.016007681837237442
DS-JD12-45,exact_or_related,adjacent,78.08990513262432,78.10591281446156,0.016007681837237442,0.016007681837237442
DS-JD12-46,exact_or_related,adjacent,83.30786571204405,83.32387339388129,0.016007681837237442,0.016007681837237442
DS-JD12-47,exact_or_related,adjacent,64.91226652351979,64.92827420535703,0.016007681837237442,0.016007681837237442
DS-JD12-48,exact_or_related,adjacent,85.67893745263157,85.69494513446881,0.016007681837237442,0.016007681837237442
DS-JD12-49,divergent,exact_or_related,74.86120663377034,74.90168053587894,0.04047390210860158,0.04047390210860158
DS-JD12-50,exact_or_related,adjacent,67.67487683472169,67.69088451655892,0.016007681837237442,0.016007681837237442
DS-JD12-51,exact_or_related,adjacent,67.5248500279567,67.54085770979394,0.016007681837237442,0.016007681837237442
DS-JD12-52,exact_or_related,adjacent,70.60252138029462,70.61852906213187,0.016007681837251653,0.016007681837251653
DS-JD12-53,exact_or_related,adjacent,72.87914321688298,72.89515089872023,0.016007681837251653,0.016007681837251653
DS-JD12-54,exact_or_related,adjacent,83.19173253940181,83.20774022123905,0.016007681837237442,0.016007681837237442
DS-JD12-55,exact_or_related,adjacent,76.3725742828713,76.38858196470854,0.016007681837237442,0.016007681837237442
DS-JD12-56,exact_or_related,adjacent,59.039356931803304,59.05536461364054,0.016007681837237442,0.016007681837237442
DS-JD12-57,divergent,exact_or_related,70.13478680986081,70.17526071196941,0.04047390210860158,0.04047390210860158
DS-JD12-58,exact_or_related,adjacent,81.78013918385679,81.79614686569403,0.016007681837237442,0.016007681837237442
DS-JD12-59,exact_or_related,adjacent,57.50095985465136,57.5169675364886,0.016007681837237442,0.016007681837237442
DS-JD12-60,divergent,exact_or_related,79.08086790810593,79.12134181021455,0.04047390210861579,0.04047390210861579
DS-JD12-61,exact_or_related,adjacent,75.94546158321614,75.96146926505338,0.016007681837237442,0.016007681837237442
DS-JD12-62,exact_or_related,adjacent,58.31256852616949,58.32857620800673,0.016007681837237442,0.016007681837237442
DS-JD12-63,exact_or_related,adjacent,64.1613013519071,64.17730903374434,0.016007681837237442,0.016007681837237442
DS-JD12-64,exact_or_related,adjacent,60.27535870185012,60.29136638368736,0.016007681837244547,0.016007681837244547
DS-JD12-65,exact_or_related,adjacent,71.15418809512391,71.17019577696115,0.016007681837237442,0.016007681837237442
DS-JD12-66,exact_or_related,adjacent,78.7741409721289,78.79014865396616,0.016007681837251653,0.016007681837251653
DS-JD12-67,exact_or_related,adjacent,62.83594800948303,62.85195569132028,0.016007681837244547,0.016007681837244547
DS-JD12-68,exact_or_related,adjacent,75.36543911371804,75.38144679555528,0.016007681837237442,0.016007681837237442
DS-JD12-69,divergent,exact_or_related,68.7525578468402,68.7930317489488,0.04047390210860158,0.04047390210860158
DS-JD12-70,exact_or_related,adjacent,60.18755526799737,60.203562949834605,0.016007681837237442,0.016007681837237442
DS-JD12-71,exact_or_related,adjacent,69.97230381574484,69.98831149758207,0.016007681837237442,0.016007681837237442
DS-JD12-72,exact_or_related,adjacent,70.72288111775873,70.73888879959597,0.016007681837237442,0.016007681837237442
DS-JD12-73,exact_or_related,adjacent,67.35403209964755,67.37003978148479,0.016007681837237442,0.016007681837237442
DS-JD12-74,exact_or_related,adjacent,75.20073499858415,75.21674268042139,0.016007681837237442,0.016007681837237442
DS-JD12-75,divergent,exact_or_related,58.99065416109005,59.03112806319866,0.040473902108608684,0.040473902108608684
DS-JD12-76,exact_or_related,adjacent,65.4247725973058,65.44078027914304,0.016007681837237442,0.016007681837237442
DS-JD12-77,exact_or_related,adjacent,73.80668748584745,73.82269516768469,0.016007681837237442,0.016007681837237442
DS-JD12-78,exact_or_related,adjacent,67.74399561737172,67.76000329920896,0.016007681837237442,0.016007681837237442
DS-JD12-79,exact_or_related,adjacent,71.33178501953505,71.34779270137228,0.016007681837237442,0.016007681837237442
DS-JD12-80,exact_or_related,adjacent,91.49925865009354,91.51526633193077,0.016007681837237442,0.016007681837237442
DS-JD12-81,exact_or_related,adjacent,81.30906525351794,81.32507293535518,0.016007681837237442,0.016007681837237442
DS-JD12-82,divergent,exact_or_related,82.29047221546129,82.33094611756991,0.04047390210861579,0.04047390210861579
DS-JD12-83,exact_or_related,adjacent,81.11786472140408,81.13387240324133,0.016007681837251653,0.016007681837251653
DS-JD12-84,exact_or_related,adjacent,71.6662897631578,71.68229744499504,0.016007681837237442,0.016007681837237442
DS-JD12-85,exact_or_related,adjacent,61.8598954523835,61.875903134220735,0.016007681837237442,0.016007681837237442
DS-JD12-86,exact_or_related,adjacent,75.43439367403504,75.45040135587227,0.016007681837237442,0.016007681837237442
DS-JD12-87,exact_or_related,adjacent,75.03276188261071,75.04876956444797,0.016007681837251653,0.016007681837251653
DS-JD12-88,exact_or_related,adjacent,62.015916478609334,62.03192416044657,0.016007681837237442,0.016007681837237442
DS-JD12-89,exact_or_related,adjacent,75.05631027370214,75.07231795553938,0.016007681837237442,0.016007681837237442
DS-JD12-90,exact_or_related,adjacent,76.92374788360769,76.93975556544493,0.016007681837237442,0.016007681837237442
DS-JD12-91,exact_or_related,adjacent,65.80311710114299,65.81912478298023,0.016007681837237442,0.016007681837237442
DS-JD12-92,exact_or_related,adjacent,71.82846137664485,71.84446905848209,0.016007681837237442,0.016007681837237442
DS-JD12-93,exact_or_related,adjacent,65.66754604887836,65.6835537307156,0.016007681837237442,0.016007681837237442
DS-JD12-94,exact_or_related,adjacent,79.68601412925537,79.7020218110926,0.016007681837237442,0.016007681837237442
DS-JD12-95,exact_or_related,adjacent,65.26855139923504,65.28455908107227,0.016007681837237442,0.016007681837237442
DS-JD12-96,exact_or_related,adjacent,67.07094120870688,67.08694889054412,0.016007681837237442,0.016007681837237442
DS-JD12-97,exact_or_related,adjacent,76.7744161174969,76.79042379933414,0.016007681837237442,0.016007681837237442
DS-JD12-98,exact_or_related,adjacent,67.16384259612147,67.1798502779587,0.016007681837237442,0.016007681837237442
DS-JD12-99,exact_or_related,adjacent,59.30816745168649,59.324175133523724,0.016007681837237442,0.016007681837237442
DS-JD12-100,exact_or_related,adjacent,82.57608881309915,82.59209649493638,0.016007681837237442,0.016007681837237442
BIA-JD13-01,exact_or_related,adjacent,74.54403487985765,74.56004256169489,0.016007681837237442,0.016007681837237442
BIA-JD13-02,exact_or_related,adjacent,85.10062479943689,85.11663248127412,0.016007681837237442,0.016007681837237442
BIA-JD13-03,exact_or_related,adjacent,63.842609211699056,63.85861689353631,0.016007681837251653,0.016007681837251653
BIA-JD13-04,divergent,exact_or_related,71.29524355853226,71.33571746064086,0.04047390210860158,0.04047390210860158
BIA-JD13-05,exact_or_related,adjacent,73.8273344129788,73.84334209481604,0.016007681837237442,0.016007681837237442
BIA-JD13-06,divergent,exact_or_related,65.59064145643515,65.63111535854377,0.04047390210861579,0.04047390210861579
BIA-JD13-07,exact_or_related,adjacent,66.4184233820065,66.43443106384373,0.016007681837237442,0.016007681837237442
BIA-JD13-08,divergent,exact_or_related,75.0402250782761,75.0806989803847,0.04047390210860158,0.04047390210860158
BIA-JD13-09,exact_or_related,adjacent,72.76315350772352,72.77916118956075,0.016007681837237442,0.016007681837237442
BIA-JD13-10,exact_or_related,adjacent,82.73865253238066,82.7546602142179,0.016007681837251653,0.016007681837251653
BIA-JD13-11,adjacent,divergent,82.63610719925438,82.57962561530853,-0.05648158394585323,0.05648158394585323
BIA-JD13-12,divergent,exact_or_related,61.445086955356224,61.485560857464826,0.04047390210860158,0.04047390210860158
BIA-JD13-13,adjacent,divergent,67.44863186616116,67.39215028221531,-0.05648158394585323,0.05648158394585323
BIA-JD13-14,exact_or_related,adjacent,73.1384242472238,73.15443192906103,0.016007681837237442,0.016007681837237442
BIA-JD13-15,divergent,exact_or_related,77.11093387611133,77.15140777821995,0.04047390210861579,0.04047390210861579
BIA-JD13-16,adjacent,divergent,73.35822404429956,73.30174246035371,-0.05648158394585323,0.05648158394585323
BIA-JD13-17,divergent,exact_or_related,79.48757240280759,79.5280463049162,0.04047390210861579,0.04047390210861579
BIA-JD13-18,divergent,exact_or_related,70.79865590976321,70.83912981187183,0.04047390210861579,0.04047390210861579
BIA-JD13-19,exact_or_related,adjacent,59.93026565859577,59.94627334043301,0.016007681837237442,0.016007681837237442
BIA-JD13-20,exact_or_related,adjacent,63.98549469989142,64.00150238172866,0.016007681837237442,0.016007681837237442
BIA-JD13-21,exact_or_related,adjacent,57.49404072758036,57.51004840941761,0.016007681837244547,0.016007681837244547
BIA-JD13-22,exact_or_related,adjacent,83.3398805225699,83.35588820440714,0.016007681837237442,0.016007681837237442
BIA-JD13-23,exact_or_related,adjacent,59.71376156232713,59.72976924416437,0.016007681837244547,0.016007681837244547
BIA-JD13-24,divergent,exact_or_related,85.65945650384172,85.69993040595034,0.04047390210861579,0.04047390210861579
BIA-JD13-25,divergent,exact_or_related,65.33529090656698,65.3757648086756,0.04047390210861579,0.04047390210861579
BIA-JD13-26,adjacent,divergent,67.74676538979101,67.69028380584516,-0.05648158394585323,0.05648158394585323
BIA-JD13-27,exact_or_related,adjacent,68.30283870933968,68.31884639117693,0.016007681837251653,0.016007681837251653
BIA-JD13-28,exact_or_related,adjacent,64.74488936918792,64.76089705102515,0.016007681837237442,0.016007681837237442
BIA-JD13-29,exact_or_related,adjacent,73.38234772318421,73.39835540502145,0.016007681837237442,0.016007681837237442
BIA-JD13-30,divergent,exact_or_related,75.56786431811648,75.6083382202251,0.04047390210861579,0.04047390210861579
BIA-JD13-31,divergent,exact_or_related,80.2082884402344,80.24876234234301,0.04047390210861579,0.04047390210861579
BIA-JD13-32,adjacent,divergent,63.453679084735136,63.3971975007893,-0.05648158394583902,0.05648158394583902
BIA-JD13-33,exact_or_related,adjacent,88.47459633321209,88.49060401504933,0.016007681837237442,0.016007681837237442
BIA-JD13-34,exact_or_related,adjacent,87.03705642915136,87.0530641109886,0.016007681837237442,0.016007681837237442
BIA-JD13-35,adjacent,divergent,74.14936352029716,74.09288193635132,-0.05648158394583902,0.05648158394583902
BIA-JD13-36,exact_or_related,adjacent,78.49902797095248,78.51503565278973,0.016007681837251653,0.016007681837251653
BIA-JD13-37,exact_or_related,adjacent,69.83687615038944,69.85288383222668,0.016007681837237442,0.016007681837237442
BIA-JD13-38,exact_or_related,adjacent,70.29748240939756,70.3134900912348,0.016007681837237442,0.016007681837237442
BIA-JD13-39,exact_or_related,adjacent,60.70146594766457,60.71747362950182,0.016007681837244547,0.016007681837244547
BIA-JD13-40,exact_or_related,adjacent,79.13065219680335,79.14665987864059,0.016007681837237442,0.016007681837237442
BIA-JD13-41,exact_or_related,adjacent,71.15440815246755,71.1704158343048,0.016007681837251653,0.016007681837251653
BIA-JD13-42,exact_or_related,adjacent,78.24485229809663,78.26085997993387,0.016007681837237442,0.016007681837237442
BIA-JD13-43,exact_or_related,adjacent,74.98925446100539,75.00526214284262,0.016007681837237442,0.016007681837237442
BIA-JD13-44,exact_or_related,adjacent,76.22893678964098,76.24494447147822,0.016007681837237442,0.016007681837237442
BIA-JD13-45,exact_or_related,adjacent,73.47469442883074,73.49070211066798,0.016007681837237442,0.016007681837237442
BIA-JD13-46,divergent,exact_or_related,67.49463787494747,67.53511177705609,0.04047390210861579,0.04047390210861579
BIA-JD13-47,adjacent,divergent,74.4626539320851,74.40617234813925,-0.05648158394585323,0.05648158394585323
BIA-JD13-48,divergent,exact_or_related,85.7613995237349,85.8018734258435,0.04047390210860158,0.04047390210860158
BIA-JD13-49,exact_or_related,adjacent,87.66960127902077,87.685608960858,0.016007681837237442,0.016007681837237442
BIA-JD13-50,exact_or_related,adjacent,70.84510960950689,70.86111729134413,0.016007681837237442,0.016007681837237442
BIA-JD13-51,exact_or_related,adjacent,74.57351348659287,74.58952116843011,0.016007681837237442,0.016007681837237442
BIA-JD13-52,exact_or_related,adjacent,71.40933222005627,71.42533990189351,0.016007681837237442,0.016007681837237442
BIA-JD13-53,adjacent,divergent,82.68266805929005,82.6261864753442,-0.05648158394585323,0.05648158394585323
BIA-JD13-54,exact_or_related,adjacent,71.38772166211257,71.4037293439498,0.016007681837237442,0.016007681837237442
BIA-JD13-55,exact_or_related,adjacent,61.26544174773948,61.281449429576725,0.016007681837244547,0.016007681837244547
BIA-JD13-56,exact_or_related,adjacent,77.36211125276678,77.37811893460402,0.016007681837237442,0.016007681837237442
BIA-JD13-57,exact_or_related,adjacent,68.98791260925597,69.00392029109322,0.016007681837251653,0.016007681837251653
BIA-JD13-58,exact_or_related,adjacent,78.14542159810817,78.16142927994542,0.016007681837251653,0.016007681837251653
BIA-JD13-59,exact_or_related,adjacent,78.84112516822066,78.8571328500579,0.016007681837237442,0.016007681837237442
BIA-JD13-60,adjacent,divergent,72.062165274476,72.00568369053016,-0.05648158394583902,0.05648158394583902
BIA-JD13-61,adjacent,divergent,74.78235792266625,74.72587633872041,-0.05648158394583902,0.05648158394583902
BIA-JD13-62,divergent,exact_or_related,77.80209606245779,77.8425699645664,0.04047390210860158,0.04047390210860158
BIA-JD13-63,exact_or_related,adjacent,65.10859564608806,65.12460332792531,0.016007681837251653,0.016007681837251653
BIA-JD13-64,adjacent,divergent,87.91621546617787,87.85973388223204,-0.05648158394583902,0.05648158394583902
BIA-JD13-65,exact_or_related,adjacent,65.55794447794271,65.57395215977995,0.016007681837237442,0.016007681837237442
BIA-JD13-66,adjacent,divergent,62.05084975651167,61.994368172565814,-0.05648158394585323,0.05648158394585323
BIA-JD13-67,adjacent,divergent,77.0310143801425,76.97453279619666,-0.05648158394583902,0.05648158394583902
BIA-JD13-68,adjacent,divergent,55.67929644313986,55.622814859194015,-0.056481583945846126,0.056481583945846126
BIA-JD13-69,exact_or_related,adjacent,82.68279561960804,82.6988033014453,0.016007681837251653,0.016007681837251653
BIA-JD13-70,exact_or_related,adjacent,78.48301894956704,78.49902663140428,0.016007681837237442,0.016007681837237442
BIA-JD13-71,adjacent,divergent,68.81494966042324,68.75846807647739,-0.05648158394585323,0.05648158394585323
BIA-JD13-72,exact_or_related,adjacent,73.23834466727787,73.25435234911511,0.016007681837237442,0.016007681837237442
BIA-JD13-73,exact_or_related,adjacent,80.09996058482395,80.11596826666118,0.016007681837237442,0.016007681837237442
BIA-JD13-74,adjacent,divergent,82.86992730055817,82.81344571661234,-0.05648158394583902,0.05648158394583902
BIA-JD13-75,adjacent,divergent,80.5441961840642,80.48771460011835,-0.05648158394585323,0.05648158394585323
BIA-JD13-76,adjacent,divergent,67.59791378274213,67.54143219879627,-0.05648158394585323,0.05648158394585323
BIA-JD13-77,exact_or_related,adjacent,75.79775272970943,75.81376041154667,0.016007681837237442,0.016007681837237442
BIA-JD13-78,divergent,exact_or_related,87.54286793004962,87.58334183215823,0.04047390210860158,0.04047390210860158
BIA-JD13-79,exact_or_related,adjacent,75.57269474001161,75.58870242184885,0.016007681837237442,0.016007681837237442
BIA-JD13-80,divergent,exact_or_related,80.50972942820545,80.55020333031406,0.04047390210861579,0.04047390210861579
BIA-JD13-81,exact_or_related,adjacent,76.56377410226828,76.57978178410552,0.016007681837237442,0.016007681837237442
BIA-JD13-82,exact_or_related,adjacent,70.29080772710006,70.3068154089373,0.016007681837237442,0.016007681837237442
BIA-JD13-83,divergent,exact_or_related,76.61741368649336,76.65788758860198,0.04047390210861579,0.04047390210861579
BIA-JD13-84,divergent,exact_or_related,73.37429077536139,73.41476467747,0.04047390210861579,0.04047390210861579
BIA-JD13-85,exact_or_related,adjacent,83.47550185132954,83.49150953316678,0.016007681837237442,0.016007681837237442
BIA-JD13-86,exact_or_related,adjacent,63.68499624290419,63.70100392474143,0.016007681837237442,0.016007681837237442
BIA-JD13-87,adjacent,divergent,66.33864235783422,66.28216077388836,-0.05648158394585323,0.05648158394585323
BIA-JD13-88,exact_or_related,adjacent,69.37568434232521,69.39169202416247,0.016007681837251653,0.016007681837251653
BIA-JD13-89,exact_or_related,adjacent,82.46377098699345,82.47977866883069,0.016007681837237442,0.016007681837237442
BIA-JD13-90,exact_or_related,adjacent,69.68552943003095,69.70153711186819,0.016007681837237442,0.016007681837237442
BIA-JD13-91,exact_or_related,adjacent,67.04312365174769,67.05913133358493,0.016007681837237442,0.016007681837237442
BIA-JD13-92,exact_or_related,adjacent,61.19051037806676,61.206518059904006,0.016007681837244547,0.016007681837244547
BIA-JD13-93,exact_or_related,adjacent,62.44366758767737,62.45967526951461,0.016007681837244547,0.016007681837244547
BIA-JD13-94,exact_or_related,adjacent,73.53613350742329,73.55214118926052,0.016007681837237442,0.016007681837237442
BIA-JD13-95,exact_or_related,adjacent,77.61536544122256,77.63137312305982,0.016007681837251653,0.016007681837251653
BIA-JD13-96,exact_or_related,adjacent,73.69503369068643,73.71104137252367,0.016007681837237442,0.016007681837237442
BIA-JD13-97,adjacent,divergent,61.62946337849306,61.5729817945472,-0.05648158394585323,0.05648158394585323
BIA-JD13-98,exact_or_related,adjacent,88.16747132895428,88.18347901079153,0.016007681837251653,0.016007681837251653
BIA-JD13-99,exact_or_related,adjacent,74.99307715858708,75.00908484042432,0.016007681837237442,0.016007681837237442
BIA-JD13-100,exact_or_related,adjacent,59.503189108283614,59.51919679012086,0.016007681837244547,0.016007681837244547
DEV-JD14-01,exact_or_related,adjacent,69.68526380499753,69.70127148683477,0.016007681837237442,0.016007681837237442
DEV-JD14-02,exact_or_related,adjacent,68.44309315681978,68.45910083865702,0.016007681837237442,0.016007681837237442
DEV-JD14-03,exact_or_related,adjacent,63.500050754451706,63.516058436288944,0.016007681837237442,0.016007681837237442
DEV-JD14-04,exact_or_related,adjacent,78.28333146799514,78.29933914983238,0.016007681837237442,0.016007681837237442
DEV-JD14-05,exact_or_related,adjacent,71.53126497030475,71.54727265214198,0.016007681837237442,0.016007681837237442
DEV-JD14-06,exact_or_related,adjacent,60.76039752090868,60.77640520274592,0.016007681837237442,0.016007681837237442
DEV-JD14-07,divergent,exact_or_related,69.5426157477405,69.5830896498491,0.04047390210860158,0.04047390210860158
DEV-JD14-08,adjacent,divergent,72.82276714991518,72.76628556596933,-0.05648158394585323,0.05648158394585323
DEV-JD14-09,exact_or_related,adjacent,55.00261186016623,55.01861954200348,0.016007681837244547,0.016007681837244547
DEV-JD14-10,exact_or_related,adjacent,70.01192176540756,70.0279294472448,0.016007681837237442,0.016007681837237442
DEV-JD14-11,exact_or_related,adjacent,67.78787928930912,67.80388697114635,0.016007681837237442,0.016007681837237442
DEV-JD14-12,exact_or_related,adjacent,68.94894315193743,68.96495083377467,0.016007681837237442,0.016007681837237442
DEV-JD14-13,exact_or_related,adjacent,66.13124280536468,66.14725048720192,0.016007681837237442,0.016007681837237442
DEV-JD14-14,divergent,exact_or_related,84.55502570073659,84.59549960284521,0.04047390210861579,0.04047390210861579
DEV-JD14-15,exact_or_related,adjacent,64.09806718586371,64.11407486770095,0.016007681837237442,0.016007681837237442
DEV-JD14-16,divergent,exact_or_related,83.64632802280512,83.68680192491374,0.04047390210861579,0.04047390210861579
DEV-JD14-17,exact_or_related,adjacent,86.49856824534191,86.51457592717915,0.016007681837237442,0.016007681837237442
DEV-JD14-18,adjacent,divergent,85.2155715018162,85.15908991787036,-0.05648158394583902,0.05648158394583902
DEV-JD14-19,divergent,exact_or_related,71.33881769371327,71.37929159582187,0.04047390210860158,0.04047390210860158
DEV-JD14-20,exact_or_related,adjacent,69.10934121080031,69.12534889263755,0.016007681837237442,0.016007681837237442
DEV-JD14-21,exact_or_related,adjacent,70.4173226745824,70.43333035641963,0.016007681837237442,0.016007681837237442
DEV-JD14-22,adjacent,divergent,66.5297927189669,66.47331113502105,-0.05648158394585323,0.05648158394585323
DEV-JD14-23,divergent,exact_or_related,86.53341520769816,86.57388910980676,0.04047390210860158,0.04047390210860158
DEV-JD14-24,exact_or_related,adjacent,67.47670339889869,67.49271108073593,0.016007681837237442,0.016007681837237442
DEV-JD14-25,exact_or_related,adjacent,59.34464933618126,59.3606570180185,0.016007681837237442,0.016007681837237442
DEV-JD14-26,exact_or_related,adjacent,64.49974377732286,64.51575145916011,0.016007681837251653,0.016007681837251653
DEV-JD14-27,divergent,exact_or_related,84.1395715238381,84.18004542594672,0.04047390210861579,0.04047390210861579
DEV-JD14-28,divergent,exact_or_related,69.01364854659316,69.05412244870176,0.04047390210860158,0.04047390210860158
DEV-JD14-29,divergent,exact_or_related,77.67094328597881,77.71141718808741,0.04047390210860158,0.04047390210860158
DEV-JD14-30,exact_or_related,adjacent,71.4778634312662,71.49387111310345,0.016007681837251653,0.016007681837251653
DEV-JD14-31,exact_or_related,adjacent,83.43187880839767,83.44788649023491,0.016007681837237442,0.016007681837237442
DEV-JD14-32,exact_or_related,adjacent,76.62622047726587,76.64222815910311,0.016007681837237442,0.016007681837237442
DEV-JD14-33,adjacent,divergent,56.96091274686369,56.904431162917845,-0.056481583945846126,0.056481583945846126
DEV-JD14-34,exact_or_related,adjacent,64.55918681046764,64.57519449230487,0.016007681837237442,0.016007681837237442
DEV-JD14-35,adjacent,divergent,78.398939455317,78.34245787137115,-0.05648158394585323,0.05648158394585323
DEV-JD14-36,exact_or_related,adjacent,51.29260201976393,51.30860970160117,0.016007681837237442,0.016007681837237442
DEV-JD14-37,exact_or_related,adjacent,70.78163181319516,70.7976394950324,0.016007681837237442,0.016007681837237442
DEV-JD14-38,exact_or_related,adjacent,77.22864760508304,77.24465528692029,0.016007681837251653,0.016007681837251653
DEV-JD14-39,exact_or_related,adjacent,73.53076955758071,73.54677723941795,0.016007681837237442,0.016007681837237442
DEV-JD14-40,exact_or_related,adjacent,78.79771130810856,78.8137189899458,0.016007681837237442,0.016007681837237442
DEV-JD14-41,divergent,exact_or_related,68.88053862116618,68.9210125232748,0.04047390210861579,0.04047390210861579
DEV-JD14-42,exact_or_related,adjacent,62.71723628518274,62.73324396701998,0.016007681837237442,0.016007681837237442
DEV-JD14-43,adjacent,divergent,70.18775441824421,70.13127283429836,-0.05648158394585323,0.05648158394585323
DEV-JD14-44,divergent,exact_or_related,83.24029327355554,83.28076717566414,0.04047390210860158,0.04047390210860158
DEV-JD14-45,exact_or_related,adjacent,75.41575069613592,75.43175837797315,0.016007681837237442,0.016007681837237442
DEV-JD14-46,exact_or_related,adjacent,79.08624507173408,79.10225275357134,0.016007681837251653,0.016007681837251653
DEV-JD14-47,adjacent,divergent,76.81090728504134,76.75442570109549,-0.05648158394585323,0.05648158394585323
DEV-JD14-48,exact_or_related,adjacent,54.02280397564151,54.03881165747875,0.016007681837244547,0.016007681837244547
DEV-JD14-49,divergent,exact_or_related,56.298379148906065,56.33885305101468,0.04047390210861579,0.04047390210861579
DEV-JD14-50,exact_or_related,adjacent,78.82986172765605,78.84586940949329,0.016007681837237442,0.016007681837237442
DEV-JD14-51,adjacent,divergent,64.79839266199237,64.74191107804651,-0.05648158394585323,0.05648158394585323
DEV-JD14-52,exact_or_related,adjacent,61.2315846971559,61.24759237899314,0.016007681837237442,0.016007681837237442
DEV-JD14-53,exact_or_related,adjacent,64.46238791171729,64.47839559355452,0.016007681837237442,0.016007681837237442
DEV-JD14-54,exact_or_related,adjacent,63.450200720944544,63.46620840278178,0.016007681837237442,0.016007681837237442
DEV-JD14-55,divergent,exact_or_related,57.63524033046347,57.675714232572076,0.040473902108608684,0.040473902108608684
DEV-JD14-56,divergent,exact_or_related,82.46985303176102,82.51032693386964,0.04047390210861579,0.04047390210861579
DEV-JD14-57,divergent,exact_or_related,62.13660089089875,62.17707479300735,0.04047390210860158,0.04047390210860158
DEV-JD14-58,exact_or_related,adjacent,63.73152964450183,63.74753732633907,0.016007681837237442,0.016007681837237442
DEV-JD14-59,adjacent,divergent,51.789814611309254,51.73333302736341,-0.056481583945846126,0.056481583945846126
DEV-JD14-60,exact_or_related,adjacent,84.5469435577433,84.56295123958054,0.016007681837237442,0.016007681837237442
DEV-JD14-61,exact_or_related,adjacent,75.49615493864245,75.51216262047969,0.016007681837237442,0.016007681837237442
DEV-JD14-62,exact_or_related,adjacent,81.88330272737113,81.89931040920837,0.016007681837237442,0.016007681837237442
DEV-JD14-63,exact_or_related,adjacent,57.93241979059532,57.94842747243256,0.016007681837244547,0.016007681837244547
DEV-JD14-64,exact_or_related,adjacent,54.57915513661458,54.595162818451826,0.016007681837244547,0.016007681837244547
DEV-JD14-65,exact_or_related,adjacent,70.86189684198486,70.8779045238221,0.016007681837237442,0.016007681837237442
DEV-JD14-66,exact_or_related,adjacent,66.23903404349458,66.25504172533184,0.016007681837251653,0.016007681837251653
DEV-JD14-67,divergent,exact_or_related,84.06278893311652,84.10326283522512,0.04047390210860158,0.04047390210860158
DEV-JD14-68,divergent,exact_or_related,66.12684319673137,66.16731709883997,0.04047390210860158,0.04047390210860158
DEV-JD14-69,adjacent,divergent,87.33130663203988,87.27482504809403,-0.05648158394585323,0.05648158394585323
DEV-JD14-70,divergent,exact_or_related,73.56849071678883,73.60896461889743,0.04047390210860158,0.04047390210860158
DEV-JD14-71,adjacent,divergent,86.00181686652883,85.94533528258299,-0.05648158394583902,0.05648158394583902
DEV-JD14-72,exact_or_related,adjacent,76.74680186555508,76.76280954739232,0.016007681837237442,0.016007681837237442
DEV-JD14-73,exact_or_related,adjacent,63.666740986939224,63.68274866877646,0.016007681837237442,0.016007681837237442
DEV-JD14-74,exact_or_related,adjacent,74.33785669839257,74.35386438022981,0.016007681837237442,0.016007681837237442
DEV-JD14-75,exact_or_related,adjacent,59.75973023883153,59.775737920668774,0.016007681837244547,0.016007681837244547
DEV-JD14-76,adjacent,divergent,86.70100476273717,86.64452317879132,-0.05648158394585323,0.05648158394585323
DEV-JD14-77,exact_or_related,adjacent,84.53021017648814,84.54621785832539,0.016007681837251653,0.016007681837251653
DEV-JD14-78,exact_or_related,adjacent,66.32225290746692,66.33826058930416,0.016007681837237442,0.016007681837237442
DEV-JD14-79,exact_or_related,adjacent,80.16511113185908,80.18111881369632,0.016007681837237442,0.016007681837237442
DEV-JD14-80,exact_or_related,adjacent,73.30619640934404,73.32220409118129,0.016007681837251653,0.016007681837251653
DEV-JD14-81,exact_or_related,adjacent,79.78289700250755,79.79890468434479,0.016007681837237442,0.016007681837237442
DEV-JD14-82,exact_or_related,adjacent,79.91629024127748,79.93229792311472,0.016007681837237442,0.016007681837237442
DEV-JD14-83,divergent,exact_or_related,71.2336023628316,71.27407626494022,0.04047390210861579,0.04047390210861579
DEV-JD14-84,adjacent,divergent,68.78620254227265,68.72972095832681,-0.05648158394583902,0.05648158394583902
DEV-JD14-85,adjacent,divergent,83.70217823001389,83.64569664606803,-0.05648158394585323,0.05648158394585323
DEV-JD14-86,adjacent,divergent,71.03199551848338,70.97551393453753,-0.05648158394585323,0.05648158394585323
DEV-JD14-87,exact_or_related,adjacent,61.04997640124937,61.065984083086605,0.016007681837237442,0.016007681837237442
DEV-JD14-88,adjacent,divergent,70.1964277449359,70.13994616099005,-0.05648158394585323,0.05648158394585323
DEV-JD14-89,adjacent,divergent,69.09527992354242,69.03879833959657,-0.05648158394585323,0.05648158394585323
DEV-JD14-90,exact_or_related,adjacent,75.37604628644468,75.39205396828191,0.016007681837237442,0.016007681837237442
DEV-JD14-91,exact_or_related,adjacent,83.21968461024815,83.2356922920854,0.016007681837251653,0.016007681837251653
DEV-JD14-92,divergent,exact_or_related,85.39454374215131,85.43501764425991,0.04047390210860158,0.04047390210860158
DEV-JD14-93,adjacent,divergent,68.44058436686117,68.38410278291532,-0.05648158394585323,0.05648158394585323
DEV-JD14-94,adjacent,divergent,70.59157598846409,70.53509440451825,-0.05648158394583902,0.05648158394583902
DEV-JD14-95,exact_or_related,adjacent,75.18430749349037,75.2003151753276,0.016007681837237442,0.016007681837237442
DEV-JD14-96,exact_or_related,adjacent,81.78741859811906,81.80342627995631,0.016007681837251653,0.016007681837251653
DEV-JD14-97,adjacent,divergent,64.95932567835952,64.90284409441368,-0.05648158394583902,0.05648158394583902
DEV-JD14-98,exact_or_related,adjacent,73.82949925286452,73.84550693470176,0.016007681837237442,0.016007681837237442
DEV-JD14-99,divergent,exact_or_related,81.2945028782596,81.33497678036822,0.04047390210861579,0.04047390210861579
DEV-JD14-100,exact_or_related,adjacent,86.86145277849663,86.87746046033386,0.016007681837237442,0.016007681837237442
CE-JD15-01,exact_or_related,adjacent,75.08446185584297,75.10046953768021,0.016007681837237442,0.016007681837237442
CE-JD15-02,divergent,exact_or_related,64.43514172658374,64.47561562869235,0.04047390210861579,0.04047390210861579
CE-JD15-03,divergent,exact_or_related,73.17667363932253,73.21714754143113,0.04047390210860158,0.04047390210860158
CE-JD15-04,exact_or_related,adjacent,62.530550992159625,62.54655867399686,0.016007681837237442,0.016007681837237442
CE-JD15-05,divergent,exact_or_related,75.63874168949263,75.67921559160125,0.04047390210861579,0.04047390210861579
CE-JD15-06,divergent,exact_or_related,60.90216349265634,60.94263739476496,0.04047390210861579,0.04047390210861579
CE-JD15-07,exact_or_related,adjacent,55.782827182404674,55.79883486424192,0.016007681837244547,0.016007681837244547
CE-JD15-08,exact_or_related,adjacent,69.21536890265267,69.23137658448991,0.016007681837237442,0.016007681837237442
CE-JD15-09,exact_or_related,adjacent,64.04218955283703,64.05819723467427,0.016007681837237442,0.016007681837237442
CE-JD15-10,exact_or_related,adjacent,64.61899942234147,64.63500710417871,0.016007681837237442,0.016007681837237442
CE-JD15-11,exact_or_related,adjacent,84.44513063212396,84.4611383139612,0.016007681837237442,0.016007681837237442
CE-JD15-12,adjacent,divergent,60.95026371394529,60.893782129999444,-0.056481583945846126,0.056481583945846126
CE-JD15-13,exact_or_related,adjacent,74.07695330191997,74.09296098375721,0.016007681837237442,0.016007681837237442
CE-JD15-14,exact_or_related,adjacent,62.71935490135143,62.73536258318867,0.016007681837237442,0.016007681837237442
CE-JD15-15,exact_or_related,adjacent,65.8545886699962,65.87059635183344,0.016007681837237442,0.016007681837237442
CE-JD15-16,adjacent,divergent,77.51072650179627,77.45424491785042,-0.05648158394585323,0.05648158394585323
CE-JD15-17,adjacent,divergent,76.96799884420591,76.91151726026007,-0.05648158394583902,0.05648158394583902
CE-JD15-18,exact_or_related,adjacent,64.01938097108729,64.03538865292452,0.016007681837237442,0.016007681837237442
CE-JD15-19,exact_or_related,adjacent,73.21113773688958,73.22714541872682,0.016007681837237442,0.016007681837237442
CE-JD15-20,adjacent,divergent,72.27707162694676,72.22059004300091,-0.05648158394585323,0.05648158394585323
CE-JD15-21,exact_or_related,adjacent,74.18036182015722,74.19636950199447,0.016007681837251653,0.016007681837251653
CE-JD15-22,exact_or_related,adjacent,65.38384341193014,65.39985109376738,0.016007681837237442,0.016007681837237442
CE-JD15-23,divergent,exact_or_related,84.77319872506551,84.81367262717411,0.04047390210860158,0.04047390210860158
CE-JD15-24,exact_or_related,adjacent,65.58195347151509,65.59796115335233,0.016007681837237442,0.016007681837237442
CE-JD15-25,divergent,exact_or_related,67.79687785726841,67.83735175937703,0.04047390210861579,0.04047390210861579
CE-JD15-26,divergent,exact_or_related,69.09529090389813,69.13576480600675,0.04047390210861579,0.04047390210861579
CE-JD15-27,adjacent,divergent,69.61756494000355,69.5610833560577,-0.05648158394585323,0.05648158394585323
CE-JD15-28,adjacent,divergent,80.47021938038257,80.41373779643672,-0.05648158394585323,0.05648158394585323
CE-JD15-29,exact_or_related,adjacent,81.59973240582026,81.61574008765751,0.016007681837251653,0.016007681837251653
CE-JD15-30,adjacent,divergent,73.53766380599926,73.48118222205342,-0.05648158394583902,0.05648158394583902
CE-JD15-31,divergent,exact_or_related,74.0096182174061,74.05009211951472,0.04047390210861579,0.04047390210861579
CE-JD15-32,adjacent,divergent,87.52475783522944,87.46827625128358,-0.05648158394585323,0.05648158394585323
CE-JD15-33,adjacent,divergent,62.74227742666807,62.685795842722214,-0.05648158394585323,0.05648158394585323
CE-JD15-34,adjacent,divergent,59.99236568423104,59.935884100285186,-0.05648158394585323,0.05648158394585323
CE-JD15-35,exact_or_related,adjacent,67.40653246487074,67.42254014670797,0.016007681837237442,0.016007681837237442
CE-JD15-36,adjacent,divergent,75.36331719452481,75.30683561057896,-0.05648158394585323,0.05648158394585323
CE-JD15-37,exact_or_related,adjacent,85.31099133033162,85.32699901216886,0.016007681837237442,0.016007681837237442
CE-JD15-38,exact_or_related,adjacent,81.42369160096486,81.4396992828021,0.016007681837237442,0.016007681837237442
CE-JD15-39,exact_or_related,adjacent,84.44590990095756,84.46191758279481,0.016007681837251653,0.016007681837251653
CE-JD15-40,divergent,exact_or_related,85.12398951180114,85.16446341390974,0.04047390210860158,0.04047390210860158
CE-JD15-41,exact_or_related,adjacent,78.78673224538548,78.80273992722273,0.016007681837251653,0.016007681837251653
CE-JD15-42,exact_or_related,adjacent,86.85174270467279,86.86775038651002,0.016007681837237442,0.016007681837237442
CE-JD15-43,adjacent,divergent,58.22323262517153,58.166751041225695,-0.05648158394583902,0.05648158394583902
CE-JD15-44,exact_or_related,adjacent,72.9791756441419,72.99518332597914,0.016007681837237442,0.016007681837237442
CE-JD15-45,adjacent,divergent,87.19020581696132,87.13372423301547,-0.05648158394585323,0.05648158394585323
CE-JD15-46,exact_or_related,adjacent,56.91456017077663,56.93056785261387,0.016007681837237442,0.016007681837237442
CE-JD15-47,divergent,exact_or_related,72.5166382675175,72.55711216962611,0.04047390210861579,0.04047390210861579
CE-JD15-48,divergent,exact_or_related,69.45735764852706,69.49783155063568,0.04047390210861579,0.04047390210861579
CE-JD15-49,adjacent,divergent,73.47924012345177,73.42275853950592,-0.05648158394585323,0.05648158394585323
CE-JD15-50,exact_or_related,adjacent,81.37274755228538,81.38875523412261,0.016007681837237442,0.016007681837237442
CE-JD15-51,divergent,exact_or_related,74.88204969353893,74.92252359564753,0.04047390210860158,0.04047390210860158
CE-JD15-52,exact_or_related,adjacent,75.25436364710772,75.27037132894496,0.016007681837237442,0.016007681837237442
CE-JD15-53,adjacent,divergent,78.90501169880692,78.84853011486106,-0.05648158394585323,0.05648158394585323
CE-JD15-54,adjacent,divergent,68.92561865794941,68.86913707400356,-0.05648158394585323,0.05648158394585323
CE-JD15-55,exact_or_related,adjacent,72.89224294944306,72.9082506312803,0.016007681837237442,0.016007681837237442
CE-JD15-56,adjacent,divergent,73.91594330321637,73.85946171927051,-0.05648158394585323,0.05648158394585323
CE-JD15-57,adjacent,divergent,83.70615953243376,83.6496779484879,-0.05648158394585323,0.05648158394585323
CE-JD15-58,adjacent,divergent,61.38722383349645,61.330742249550596,-0.05648158394585323,0.05648158394585323
CE-JD15-59,exact_or_related,adjacent,64.24743660001228,64.26344428184952,0.016007681837237442,0.016007681837237442
CE-JD15-60,exact_or_related,adjacent,73.07377633101306,73.0897840128503,0.016007681837237442,0.016007681837237442
CE-JD15-61,exact_or_related,adjacent,74.52293229202878,74.53893997386604,0.016007681837251653,0.016007681837251653
CE-JD15-62,exact_or_related,adjacent,67.03629797564837,67.05230565748562,0.016007681837251653,0.016007681837251653
CE-JD15-63,exact_or_related,adjacent,72.00590092085194,72.02190860268918,0.016007681837237442,0.016007681837237442
CE-JD15-64,exact_or_related,adjacent,79.13163579148771,79.14764347332495,0.016007681837237442,0.016007681837237442
CE-JD15-65,exact_or_related,adjacent,72.46850520632407,72.4845128881613,0.016007681837237442,0.016007681837237442
CE-JD15-66,divergent,exact_or_related,83.58985518276737,83.63032908487597,0.04047390210860158,0.04047390210860158
CE-JD15-67,exact_or_related,adjacent,61.06293496700672,61.078942648843956,0.016007681837237442,0.016007681837237442
CE-JD15-68,divergent,exact_or_related,72.78990627612977,72.83038017823839,0.04047390210861579,0.04047390210861579
CE-JD15-69,adjacent,divergent,62.55379399653553,62.497312412589686,-0.056481583945846126,0.056481583945846126
CE-JD15-70,exact_or_related,adjacent,87.60905506313537,87.62506274497261,0.016007681837237442,0.016007681837237442
CE-JD15-71,exact_or_related,adjacent,58.00391362649614,58.01992130833338,0.016007681837237442,0.016007681837237442
CE-JD15-72,exact_or_related,adjacent,73.86840690704348,73.88441458888072,0.016007681837237442,0.016007681837237442
CE-JD15-73,divergent,exact_or_related,68.83844010808107,68.87891401018967,0.04047390210860158,0.04047390210860158
CE-JD15-74,exact_or_related,adjacent,77.80295272996612,77.81896041180336,0.016007681837237442,0.016007681837237442
CE-JD15-75,adjacent,divergent,83.12047871581552,83.06399713186967,-0.05648158394585323,0.05648158394585323
CE-JD15-76,divergent,exact_or_related,72.07536675115244,72.11584065326105,0.04047390210860158,0.04047390210860158
CE-JD15-77,exact_or_related,adjacent,81.47406650343028,81.49007418526752,0.016007681837237442,0.016007681837237442
CE-JD15-78,exact_or_related,adjacent,73.03651931402467,73.05252699586191,0.016007681837237442,0.016007681837237442
CE-JD15-79,adjacent,divergent,69.06857734597537,69.01209576202952,-0.05648158394585323,0.05648158394585323
CE-JD15-80,adjacent,divergent,65.3739624560652,65.31748087211935,-0.05648158394585323,0.05648158394585323
CE-JD15-81,exact_or_related,adjacent,67.62532585170851,67.64133353354575,0.016007681837237442,0.016007681837237442
CE-JD15-82,divergent,exact_or_related,84.15349610649181,84.19397000860043,0.04047390210861579,0.04047390210861579
CE-JD15-83,exact_or_related,adjacent,69.92818039155328,69.94418807339054,0.016007681837251653,0.016007681837251653
CE-JD15-84,exact_or_related,adjacent,55.14744147312184,55.163449154959075,0.016007681837237442,0.016007681837237442
CE-JD15-85,exact_or_related,adjacent,55.59525327137134,55.611260953208586,0.016007681837244547,0.016007681837244547
CE-JD15-86,divergent,exact_or_related,81.02818538014827,81.06865928225687,0.04047390210860158,0.04047390210860158
CE-JD15-87,adjacent,divergent,68.3320542840325,68.27557270008666,-0.05648158394583902,0.05648158394583902
CE-JD15-88,exact_or_related,adjacent,63.990554930094405,64.00656261193164,0.016007681837237442,0.016007681837237442
CE-JD15-89,exact_or_related,adjacent,76.28572666292592,76.30173434476316,0.016007681837237442,0.016007681837237442
CE-JD15-90,exact_or_related,adjacent,73.07527272830107,73.09128041013831,0.016007681837237442,0.016007681837237442
CE-JD15-91,adjacent,divergent,77.04649464935378,76.99001306540794,-0.05648158394583902,0.05648158394583902
CE-JD15-92,exact_or_related,adjacent,72.30301992075859,72.31902760259584,0.016007681837251653,0.016007681837251653
CE-JD15-93,exact_or_related,adjacent,76.51726228696438,76.53326996880162,0.016007681837237442,0.016007681837237442
CE-JD15-94,exact_or_related,adjacent,69.15667172433483,69.17267940617207,0.016007681837237442,0.016007681837237442
CE-JD15-95,adjacent,divergent,72.23998243168819,72.18350084774234,-0.05648158394585323,0.05648158394585323
CE-JD15-96,exact_or_related,adjacent,72.97944121423728,72.99544889607452,0.016007681837237442,0.016007681837237442
CE-JD15-97,exact_or_related,adjacent,78.77118836158043,78.78719604341767,0.016007681837237442,0.016007681837237442
CE-JD15-98,exact_or_related,adjacent,63.21964479360621,63.23565247544345,0.016007681837244547,0.016007681837244547
CE-JD15-99,adjacent,divergent,71.93730948492546,71.88082790097963,-0.05648158394583902,0.05648158394583902
CE-JD15-100,exact_or_related,adjacent,60.844423550808905,60.86043123264615,0.016007681837244547,0.016007681837244547
SRE-JD16-01,exact_or_related,adjacent,70.11936119940334,70.1353688812406,0.016007681837251653,0.016007681837251653
SRE-JD16-02,exact_or_related,adjacent,72.83267710312603,72.84868478496328,0.016007681837251653,0.016007681837251653
SRE-JD16-03,divergent,exact_or_related,71.49217132198751,71.53264522409611,0.04047390210860158,0.04047390210860158
SRE-JD16-04,exact_or_related,adjacent,80.26804260340558,80.28405028524281,0.016007681837237442,0.016007681837237442
SRE-JD16-05,adjacent,divergent,63.301544229461285,63.245062645515446,-0.05648158394583902,0.05648158394583902
SRE-JD16-06,divergent,exact_or_related,91.10470113380747,91.14517503591607,0.04047390210860158,0.04047390210860158
SRE-JD16-07,exact_or_related,adjacent,58.63354748058455,58.64955516242179,0.016007681837244547,0.016007681837244547
SRE-JD16-08,exact_or_related,adjacent,75.9918775106701,76.00788519250733,0.016007681837237442,0.016007681837237442
SRE-JD16-09,exact_or_related,adjacent,72.04478935347159,72.06079703530884,0.016007681837251653,0.016007681837251653
SRE-JD16-10,divergent,exact_or_related,63.716600178932424,63.75707408104104,0.04047390210861579,0.04047390210861579
SRE-JD16-11,exact_or_related,adjacent,67.04036375237796,67.0563714342152,0.016007681837237442,0.016007681837237442
SRE-JD16-12,exact_or_related,adjacent,75.96282356118988,75.97883124302712,0.016007681837237442,0.016007681837237442
SRE-JD16-13,adjacent,divergent,52.630125063683636,52.57364347973778,-0.05648158394585323,0.05648158394585323
SRE-JD16-14,divergent,exact_or_related,64.20494341267361,64.24541731478223,0.04047390210861579,0.04047390210861579
SRE-JD16-15,divergent,exact_or_related,69.91598165241273,69.95645555452134,0.04047390210861579,0.04047390210861579
SRE-JD16-16,exact_or_related,adjacent,79.74340812344208,79.75941580527932,0.016007681837237442,0.016007681837237442
SRE-JD16-17,exact_or_related,adjacent,72.8736402122611,72.88964789409833,0.016007681837237442,0.016007681837237442
SRE-JD16-18,exact_or_related,adjacent,62.74338334098322,62.759391022820466,0.016007681837244547,0.016007681837244547
SRE-JD16-19,exact_or_related,adjacent,82.6051213789317,82.62112906076894,0.016007681837237442,0.016007681837237442
SRE-JD16-20,exact_or_related,adjacent,64.34424719652496,64.3602548783622,0.016007681837237442,0.016007681837237442
SRE-JD16-21,exact_or_related,adjacent,67.83506308673807,67.85107076857531,0.016007681837237442,0.016007681837237442
SRE-JD16-22,adjacent,divergent,77.29651600669605,77.24003442275021,-0.05648158394583902,0.05648158394583902
SRE-JD16-23,adjacent,divergent,74.53902042995807,74.48253884601222,-0.05648158394585323,0.05648158394585323
SRE-JD16-24,exact_or_related,adjacent,72.5637855092206,72.57979319105783,0.016007681837237442,0.016007681837237442
SRE-JD16-25,exact_or_related,adjacent,86.0113773433345,86.02738502517174,0.016007681837237442,0.016007681837237442
SRE-JD16-26,exact_or_related,adjacent,58.40717769393324,58.42318537577048,0.016007681837237442,0.016007681837237442
SRE-JD16-27,adjacent,divergent,77.21205469694293,77.15557311299709,-0.05648158394583902,0.05648158394583902
SRE-JD16-28,adjacent,divergent,72.97736175922877,72.92088017528292,-0.05648158394585323,0.05648158394585323
SRE-JD16-29,divergent,exact_or_related,78.28638083131132,78.32685473341994,0.04047390210861579,0.04047390210861579
SRE-JD16-30,exact_or_related,adjacent,74.44828906257311,74.46429674441035,0.016007681837237442,0.016007681837237442
SRE-JD16-31,adjacent,divergent,68.08274670658227,68.02626512263643,-0.05648158394583902,0.05648158394583902
SRE-JD16-32,exact_or_related,adjacent,69.0990210190054,69.11502870084264,0.016007681837237442,0.016007681837237442
SRE-JD16-33,divergent,exact_or_related,87.187879371721,87.22835327382961,0.04047390210861579,0.04047390210861579
SRE-JD16-34,divergent,exact_or_related,78.32173751401076,78.36221141611938,0.04047390210861579,0.04047390210861579
SRE-JD16-35,divergent,exact_or_related,75.78052346329959,75.82099736540819,0.04047390210860158,0.04047390210860158
SRE-JD16-36,exact_or_related,adjacent,74.19744163050302,74.21344931234027,0.016007681837251653,0.016007681837251653
SRE-JD16-37,exact_or_related,adjacent,68.61448369067095,68.63049137250819,0.016007681837237442,0.016007681837237442
SRE-JD16-38,exact_or_related,adjacent,53.77659285468831,53.792600536525555,0.016007681837244547,0.016007681837244547
SRE-JD16-39,divergent,exact_or_related,79.39838129604607,79.43885519815467,0.04047390210860158,0.04047390210860158
SRE-JD16-40,exact_or_related,adjacent,59.423590498455184,59.43959818029243,0.016007681837244547,0.016007681837244547
SRE-JD16-41,exact_or_related,adjacent,68.72663225755716,68.7426399393944,0.016007681837237442,0.016007681837237442
SRE-JD16-42,divergent,exact_or_related,81.25723427403042,81.29770817613904,0.04047390210861579,0.04047390210861579
SRE-JD16-43,exact_or_related,adjacent,76.73499057209743,76.75099825393467,0.016007681837237442,0.016007681837237442
SRE-JD16-44,divergent,exact_or_related,64.1091489287174,64.149622830826,0.04047390210860158,0.04047390210860158
SRE-JD16-45,divergent,exact_or_related,65.92687826604865,65.96735216815725,0.04047390210860158,0.04047390210860158
SRE-JD16-46,exact_or_related,adjacent,67.99422736178487,68.01023504362212,0.016007681837251653,0.016007681837251653
SRE-JD16-47,exact_or_related,adjacent,71.21978129458766,71.2357889764249,0.016007681837237442,0.016007681837237442
SRE-JD16-48,exact_or_related,adjacent,64.42940708645963,64.44541476829689,0.016007681837251653,0.016007681837251653
SRE-JD16-49,exact_or_related,adjacent,69.43380095933112,69.44980864116836,0.016007681837237442,0.016007681837237442
SRE-JD16-50,divergent,exact_or_related,71.3113102236109,71.35178412571952,0.04047390210861579,0.04047390210861579
SRE-JD16-51,adjacent,divergent,58.085811347848306,58.02932976390245,-0.05648158394585323,0.05648158394585323
SRE-JD16-52,adjacent,divergent,75.85147717063448,75.79499558668864,-0.05648158394583902,0.05648158394583902
SRE-JD16-53,exact_or_related,adjacent,66.04987069585012,66.06587837768737,0.016007681837251653,0.016007681837251653
SRE-JD16-54,exact_or_related,adjacent,74.77239845393417,74.78840613577141,0.016007681837237442,0.016007681837237442
SRE-JD16-55,divergent,exact_or_related,82.08400464701045,82.12447854911906,0.04047390210861579,0.04047390210861579
SRE-JD16-56,exact_or_related,adjacent,60.712603605508654,60.72861128734589,0.016007681837237442,0.016007681837237442
SRE-JD16-57,exact_or_related,adjacent,80.85640300957613,80.87241069141336,0.016007681837237442,0.016007681837237442
SRE-JD16-58,adjacent,divergent,80.12140391884063,80.06492233489479,-0.05648158394583902,0.05648158394583902
SRE-JD16-59,exact_or_related,adjacent,61.14612247455682,61.162130156394056,0.016007681837237442,0.016007681837237442
SRE-JD16-60,exact_or_related,adjacent,70.30759346769602,70.32360114953326,0.016007681837237442,0.016007681837237442
SRE-JD16-61,divergent,exact_or_related,82.07981619897754,82.12029010108616,0.04047390210861579,0.04047390210861579
SRE-JD16-62,exact_or_related,adjacent,62.81285703753262,62.82886471936986,0.016007681837237442,0.016007681837237442
SRE-JD16-63,exact_or_related,adjacent,62.03494169738774,62.050949379224974,0.016007681837237442,0.016007681837237442
SRE-JD16-64,divergent,exact_or_related,75.93590119010769,75.97637509221629,0.04047390210860158,0.04047390210860158
SRE-JD16-65,adjacent,divergent,65.95589666625816,65.8994150823123,-0.05648158394585323,0.05648158394585323
SRE-JD16-66,divergent,exact_or_related,65.2815062562954,65.32198015840402,0.04047390210861579,0.04047390210861579
SRE-JD16-67,adjacent,divergent,69.70361025513381,69.64712867118796,-0.05648158394585323,0.05648158394585323
SRE-JD16-68,divergent,exact_or_related,80.88085313008607,80.92132703219467,0.04047390210860158,0.04047390210860158
SRE-JD16-69,exact_or_related,adjacent,77.04221199558808,77.05821967742531,0.016007681837237442,0.016007681837237442
SRE-JD16-70,exact_or_related,adjacent,77.45412915178424,77.47013683362148,0.016007681837237442,0.016007681837237442
SRE-JD16-71,exact_or_related,adjacent,62.244688559024915,62.26069624086215,0.016007681837237442,0.016007681837237442
SRE-JD16-72,exact_or_related,adjacent,71.41947353452531,71.43548121636255,0.016007681837237442,0.016007681837237442
SRE-JD16-73,adjacent,divergent,79.43787616515974,79.38139458121388,-0.05648158394585323,0.05648158394585323
SRE-JD16-74,exact_or_related,adjacent,79.5399250042834,79.55593268612064,0.016007681837237442,0.016007681837237442
SRE-JD16-75,adjacent,divergent,67.37225349064491,67.31577190669907,-0.05648158394583902,0.05648158394583902
SRE-JD16-76,exact_or_related,adjacent,64.16125578421733,64.17726346605457,0.016007681837237442,0.016007681837237442
SRE-JD16-77,exact_or_related,adjacent,73.3075795045332,73.32358718637043,0.016007681837237442,0.016007681837237442
SRE-JD16-78,exact_or_related,adjacent,77.22967655744479,77.24568423928204,0.016007681837251653,0.016007681837251653
SRE-JD16-79,adjacent,divergent,71.53119476190527,71.47471317795943,-0.05648158394583902,0.05648158394583902
SRE-JD16-80,adjacent,divergent,72.10834288766988,72.05186130372402,-0.05648158394585323,0.05648158394585323
SRE-JD16-81,exact_or_related,adjacent,82.19056890597898,82.20657658781623,0.016007681837251653,0.016007681837251653
SRE-JD16-82,adjacent,divergent,76.10754633408156,76.05106475013571,-0.05648158394585323,0.05648158394585323
SRE-JD16-83,adjacent,divergent,88.38568308144522,88.32920149749937,-0.05648158394585323,0.05648158394585323
SRE-JD16-84,exact_or_related,adjacent,84.25931434392139,84.27532202575863,0.016007681837237442,0.016007681837237442
SRE-JD16-85,exact_or_related,adjacent,82.53487676274868,82.55088444458592,0.016007681837237442,0.016007681837237442
SRE-JD16-86,exact_or_related,adjacent,69.37672285954375,69.39273054138098,0.016007681837237442,0.016007681837237442
SRE-JD16-87,divergent,exact_or_related,77.36964247636749,77.4101163784761,0.04047390210861579,0.04047390210861579
SRE-JD16-88,exact_or_related,adjacent,74.47127113973802,74.48727882157526,0.016007681837237442,0.016007681837237442
SRE-JD16-89,adjacent,divergent,69.53889563944051,69.48241405549466,-0.05648158394585323,0.05648158394585323
SRE-JD16-90,exact_or_related,adjacent,62.11445250858024,62.13046019041749,0.016007681837244547,0.016007681837244547
SRE-JD16-91,adjacent,divergent,68.45935925675532,68.40287767280948,-0.05648158394583902,0.05648158394583902
SRE-JD16-92,exact_or_related,adjacent,68.02805348332961,68.04406116516685,0.016007681837237442,0.016007681837237442
SRE-JD16-93,exact_or_related,adjacent,87.73432089075561,87.75032857259285,0.016007681837237442,0.016007681837237442
SRE-JD16-94,exact_or_related,adjacent,75.53602898151769,75.55203666335493,0.016007681837237442,0.016007681837237442
SRE-JD16-95,exact_or_related,adjacent,76.21434131582019,76.23034899765743,0.016007681837237442,0.016007681837237442
SRE-JD16-96,adjacent,divergent,55.3657891592756,55.309307575329754,-0.056481583945846126,0.056481583945846126
SRE-JD16-97,exact_or_related,adjacent,73.60469087012132,73.62069855195855,0.016007681837237442,0.016007681837237442
SRE-JD16-98,exact_or_related,adjacent,61.11450072089807,61.13050840273531,0.016007681837237442,0.016007681837237442
SRE-JD16-99,adjacent,divergent,72.93364191459833,72.87716033065247,-0.05648158394585323,0.05648158394585323
SRE-JD16-100,adjacent,divergent,85.28987549259172,85.23339390864588,-0.05648158394583902,0.05648158394583902
QA-JD17-01,divergent,exact_or_related,63.97264252189272,64.01311642400134,0.04047390210861579,0.04047390210861579
QA-JD17-02,adjacent,divergent,55.525563230007464,55.46908164606162,-0.056481583945846126,0.056481583945846126
QA-JD17-03,exact_or_related,adjacent,74.37722870592748,74.39323638776473,0.016007681837251653,0.016007681837251653
QA-JD17-04,exact_or_related,adjacent,69.82554026026904,69.84154794210627,0.016007681837237442,0.016007681837237442
QA-JD17-05,exact_or_related,adjacent,62.60278138984002,62.618789071677256,0.016007681837237442,0.016007681837237442
QA-JD17-06,exact_or_related,adjacent,67.30975600129518,67.32576368313242,0.016007681837237442,0.016007681837237442
QA-JD17-07,divergent,exact_or_related,57.117645034977265,57.15811893708587,0.04047390210860158,0.04047390210860158
QA-JD17-08,adjacent,divergent,72.18388607666412,72.12740449271827,-0.05648158394585323,0.05648158394585323
QA-JD17-09,adjacent,divergent,76.53208751324489,76.47560592929904,-0.05648158394585323,0.05648158394585323
QA-JD17-10,adjacent,divergent,59.71169864430799,59.65521706036213,-0.05648158394585323,0.05648158394585323
QA-JD17-11,exact_or_related,adjacent,77.84007460493731,77.85608228677455,0.016007681837237442,0.016007681837237442
QA-JD17-12,exact_or_related,adjacent,79.10502867936702,79.12103636120426,0.016007681837237442,0.016007681837237442
QA-JD17-13,exact_or_related,adjacent,63.74783898317105,63.76384666500829,0.016007681837237442,0.016007681837237442
QA-JD17-14,exact_or_related,adjacent,72.85290367739482,72.86891135923206,0.016007681837237442,0.016007681837237442
QA-JD17-15,exact_or_related,adjacent,66.61018109586959,66.62618877770683,0.016007681837237442,0.016007681837237442
QA-JD17-16,exact_or_related,adjacent,73.89206967238117,73.9080773542184,0.016007681837237442,0.016007681837237442
QA-JD17-17,exact_or_related,adjacent,65.89515942978889,65.91116711162613,0.016007681837237442,0.016007681837237442
QA-JD17-18,exact_or_related,adjacent,73.52853106803185,73.54453874986909,0.016007681837237442,0.016007681837237442
QA-JD17-19,exact_or_related,adjacent,86.33970727585826,86.3557149576955,0.016007681837237442,0.016007681837237442
QA-JD17-20,adjacent,divergent,71.17257986958307,71.11609828563722,-0.05648158394585323,0.05648158394585323
QA-JD17-21,exact_or_related,adjacent,70.55884672437834,70.57485440621558,0.016007681837237442,0.016007681837237442
QA-JD17-22,exact_or_related,adjacent,73.32248400692578,73.33849168876301,0.016007681837237442,0.016007681837237442
QA-JD17-23,adjacent,divergent,66.8152873852445,66.75880580129866,-0.05648158394583902,0.05648158394583902
QA-JD17-24,divergent,exact_or_related,74.94317912743594,74.98365302954454,0.04047390210860158,0.04047390210860158
QA-JD17-25,exact_or_related,adjacent,72.42163902576247,72.43764670759971,0.016007681837237442,0.016007681837237442
QA-JD17-26,adjacent,divergent,89.39517016060718,89.33868857666133,-0.05648158394585323,0.05648158394585323
QA-JD17-27,exact_or_related,adjacent,61.184429380387,61.20043706222424,0.016007681837237442,0.016007681837237442
QA-JD17-28,adjacent,divergent,69.54708359103702,69.49060200709117,-0.05648158394585323,0.05648158394585323
QA-JD17-29,adjacent,divergent,75.18848818668553,75.13200660273968,-0.05648158394585323,0.05648158394585323
QA-JD17-30,divergent,exact_or_related,69.69033670837038,69.730810610479,0.04047390210861579,0.04047390210861579
QA-JD17-31,adjacent,divergent,74.65652926612663,74.60004768218077,-0.05648158394585323,0.05648158394585323
QA-JD17-32,exact_or_related,adjacent,72.863766963717,72.87977464555424,0.016007681837237442,0.016007681837237442
QA-JD17-33,exact_or_related,adjacent,80.78663024545884,80.80263792729608,0.016007681837237442,0.016007681837237442
QA-JD17-34,exact_or_related,adjacent,80.82649799671856,80.8425056785558,0.016007681837237442,0.016007681837237442
QA-JD17-35,exact_or_related,adjacent,72.99936604868466,73.0153737305219,0.016007681837237442,0.016007681837237442
QA-JD17-36,adjacent,divergent,82.86809847101894,82.8116168870731,-0.05648158394583902,0.05648158394583902
QA-JD17-37,exact_or_related,adjacent,77.75952043312755,77.77552811496479,0.016007681837237442,0.016007681837237442
QA-JD17-38,exact_or_related,adjacent,71.65042147576752,71.66642915760475,0.016007681837237442,0.016007681837237442
QA-JD17-39,exact_or_related,adjacent,62.81147140202116,62.8274790838584,0.016007681837237442,0.016007681837237442
QA-JD17-40,adjacent,divergent,75.45878169159151,75.40230010764566,-0.05648158394585323,0.05648158394585323
QA-JD17-41,exact_or_related,adjacent,58.837953722490504,58.85396140432774,0.016007681837237442,0.016007681837237442
QA-JD17-42,exact_or_related,adjacent,84.68592500823623,84.70193269007348,0.016007681837251653,0.016007681837251653
QA-JD17-43,adjacent,divergent,65.29928808195314,65.24280649800728,-0.05648158394585323,0.05648158394585323
QA-JD17-44,adjacent,divergent,73.2882224428051,73.23174085885924,-0.05648158394585323,0.05648158394585323
QA-JD17-45,adjacent,divergent,76.45680045942979,76.40031887548393,-0.05648158394585323,0.05648158394585323
QA-JD17-46,exact_or_related,adjacent,65.58771469633182,65.60372237816905,0.016007681837237442,0.016007681837237442
QA-JD17-47,exact_or_related,adjacent,72.91847831869283,72.93448600053009,0.016007681837251653,0.016007681837251653
QA-JD17-48,adjacent,divergent,78.94114165152394,78.88466006757808,-0.05648158394585323,0.05648158394585323
QA-JD17-49,exact_or_related,adjacent,72.00654347866549,72.02255116050273,0.016007681837237442,0.016007681837237442
QA-JD17-50,divergent,exact_or_related,78.34874206800824,78.38921597011685,0.04047390210861579,0.04047390210861579
QA-JD17-51,adjacent,divergent,69.07747834901222,69.02099676506637,-0.05648158394585323,0.05648158394585323
QA-JD17-52,exact_or_related,adjacent,73.941439677731,73.95744735956823,0.016007681837237442,0.016007681837237442
QA-JD17-53,exact_or_related,adjacent,78.353469779055,78.36947746089224,0.016007681837237442,0.016007681837237442
QA-JD17-54,exact_or_related,adjacent,77.61231392151369,77.62832160335093,0.016007681837237442,0.016007681837237442
QA-JD17-55,exact_or_related,adjacent,81.29278149807644,81.30878917991367,0.016007681837237442,0.016007681837237442
QA-JD17-56,exact_or_related,adjacent,61.40361644611765,61.41962412795489,0.016007681837237442,0.016007681837237442
QA-JD17-57,exact_or_related,adjacent,75.28543956138158,75.30144724321882,0.016007681837237442,0.016007681837237442
QA-JD17-58,divergent,exact_or_related,86.37039945394972,86.41087335605832,0.04047390210860158,0.04047390210860158
QA-JD17-59,adjacent,divergent,77.0025610452088,76.94607946126294,-0.05648158394585323,0.05648158394585323
QA-JD17-60,adjacent,divergent,76.40772056174293,76.3512389777971,-0.05648158394583902,0.05648158394583902
QA-JD17-61,exact_or_related,adjacent,62.1071291514051,62.123136833242334,0.016007681837237442,0.016007681837237442
QA-JD17-62,exact_or_related,adjacent,70.76799558252434,70.78400326436157,0.016007681837237442,0.016007681837237442
QA-JD17-63,exact_or_related,adjacent,69.3610644183668,69.37707210020403,0.016007681837237442,0.016007681837237442
QA-JD17-64,exact_or_related,adjacent,80.59529098876236,80.6112986705996,0.016007681837237442,0.016007681837237442
QA-JD17-65,exact_or_related,adjacent,65.76194524959793,65.77795293143517,0.016007681837237442,0.016007681837237442
QA-JD17-66,exact_or_related,adjacent,75.81834697139742,75.83435465323466,0.016007681837237442,0.016007681837237442
QA-JD17-67,divergent,exact_or_related,87.40114076455606,87.44161466666466,0.04047390210860158,0.04047390210860158
QA-JD17-68,adjacent,divergent,62.78646625712336,62.72998467317751,-0.056481583945846126,0.056481583945846126
QA-JD17-69,exact_or_related,adjacent,77.31043435035355,77.32644203219078,0.016007681837237442,0.016007681837237442
QA-JD17-70,exact_or_related,adjacent,77.48689383360787,77.5029015154451,0.016007681837237442,0.016007681837237442
QA-JD17-71,exact_or_related,adjacent,83.71041836667871,83.72642604851595,0.016007681837237442,0.016007681837237442
QA-JD17-72,exact_or_related,adjacent,75.06680389861744,75.08281158045467,0.016007681837237442,0.016007681837237442
QA-JD17-73,exact_or_related,adjacent,66.87707506175416,66.89308274359139,0.016007681837237442,0.016007681837237442
QA-JD17-74,exact_or_related,adjacent,82.75642647891753,82.77243416075477,0.016007681837237442,0.016007681837237442
QA-JD17-75,adjacent,divergent,67.61533640746632,67.55885482352046,-0.05648158394585323,0.05648158394585323
QA-JD17-76,divergent,exact_or_related,65.3277491990038,65.3682231011124,0.04047390210860158,0.04047390210860158
QA-JD17-77,exact_or_related,adjacent,73.78725183770594,73.80325951954318,0.016007681837237442,0.016007681837237442
QA-JD17-78,adjacent,divergent,65.58762574869448,65.53114416474862,-0.05648158394585323,0.05648158394585323
QA-JD17-79,adjacent,divergent,63.50718181222871,63.450700228282855,-0.05648158394585323,0.05648158394585323
QA-JD17-80,exact_or_related,adjacent,77.4120697962881,77.42807747812533,0.016007681837237442,0.016007681837237442
QA-JD17-81,adjacent,divergent,71.68081305497451,71.62433147102865,-0.05648158394585323,0.05648158394585323
QA-JD17-82,adjacent,divergent,61.12422511641151,61.06774353246566,-0.056481583945846126,0.056481583945846126
QA-JD17-83,exact_or_related,adjacent,64.7392942293426,64.75530191117984,0.016007681837237442,0.016007681837237442
QA-JD17-84,adjacent,divergent,80.33104596723665,80.2745643832908,-0.05648158394585323,0.05648158394585323
QA-JD17-85,exact_or_related,adjacent,86.95047863196339,86.96648631380064,0.016007681837251653,0.016007681837251653
QA-JD17-86,divergent,exact_or_related,74.72167974353619,74.7621536456448,0.04047390210861579,0.04047390210861579
QA-JD17-87,exact_or_related,adjacent,80.0254692777966,80.04147695963384,0.016007681837237442,0.016007681837237442
QA-JD17-88,exact_or_related,adjacent,71.88559812914205,71.90160581097929,0.016007681837237442,0.016007681837237442
QA-JD17-89,exact_or_related,adjacent,64.78026411241463,64.79627179425187,0.016007681837237442,0.016007681837237442
QA-JD17-90,exact_or_related,adjacent,68.88401069039288,68.90001837223012,0.016007681837237442,0.016007681837237442
QA-JD17-91,divergent,exact_or_related,84.58988136892911,84.63035527103773,0.04047390210861579,0.04047390210861579
QA-JD17-92,divergent,exact_or_related,66.70782399405986,66.74829789616848,0.04047390210861579,0.04047390210861579
QA-JD17-93,exact_or_related,adjacent,82.47238472817077,82.488392410008,0.016007681837237442,0.016007681837237442
QA-JD17-94,exact_or_related,adjacent,82.03860733050276,82.05461501234,0.016007681837237442,0.016007681837237442
QA-JD17-95,adjacent,divergent,79.0779479975723,79.02146641362644,-0.05648158394585323,0.05648158394585323
QA-JD17-96,exact_or_related,adjacent,77.1326156598916,77.14862334172885,0.016007681837251653,0.016007681837251653
QA-JD17-97,exact_or_related,adjacent,78.39620644281422,78.41221412465146,0.016007681837237442,0.016007681837237442
QA-JD17-98,divergent,exact_or_related,60.5009093068804,60.54138320898901,0.040473902108608684,0.040473902108608684
QA-JD17-99,divergent,exact_or_related,61.276524141015294,61.316998043123895,0.04047390210860158,0.04047390210860158
QA-JD17-100,exact_or_related,adjacent,62.12101932043069,62.13702700226793,0.016007681837237442,0.016007681837237442
ST-JD18-01,exact_or_related,adjacent,81.01875881723335,81.03476649907059,0.016007681837237442,0.016007681837237442
ST-JD18-02,exact_or_related,adjacent,89.63613767033236,89.6521453521696,0.016007681837237442,0.016007681837237442
ST-JD18-03,divergent,exact_or_related,70.03997736019659,70.0804512623052,0.04047390210861579,0.04047390210861579
ST-JD18-04,exact_or_related,adjacent,69.2986613940326,69.31466907586984,0.016007681837237442,0.016007681837237442
ST-JD18-05,divergent,exact_or_related,66.22156221077107,66.26203611287967,0.04047390210860158,0.04047390210860158
ST-JD18-06,adjacent,divergent,72.66921863697294,72.61273705302709,-0.05648158394585323,0.05648158394585323
ST-JD18-07,adjacent,divergent,66.94212499324047,66.88564340929463,-0.05648158394583902,0.05648158394583902
ST-JD18-08,exact_or_related,adjacent,65.29730899140333,65.31331667324056,0.016007681837237442,0.016007681837237442
ST-JD18-09,adjacent,divergent,73.7934140806634,73.73693249671756,-0.05648158394583902,0.05648158394583902
ST-JD18-10,divergent,exact_or_related,67.1148384400096,67.15531234211822,0.04047390210861579,0.04047390210861579
ST-JD18-11,exact_or_related,adjacent,75.66586320832525,75.68187089016249,0.016007681837237442,0.016007681837237442
ST-JD18-12,exact_or_related,adjacent,68.33996912833423,68.35597681017148,0.016007681837251653,0.016007681837251653
ST-JD18-13,exact_or_related,adjacent,72.03348707779598,72.04949475963322,0.016007681837237442,0.016007681837237442
ST-JD18-14,exact_or_related,adjacent,52.93031207125242,52.94631975308966,0.016007681837237442,0.016007681837237442
ST-JD18-15,adjacent,divergent,68.82814185809438,68.77166027414854,-0.05648158394583902,0.05648158394583902
ST-JD18-16,adjacent,divergent,55.85786766918802,55.801386085242164,-0.05648158394585323,0.05648158394585323
ST-JD18-17,adjacent,divergent,75.03360247371869,74.97712088977285,-0.05648158394583902,0.05648158394583902
ST-JD18-18,exact_or_related,adjacent,74.85425501912856,74.87026270096581,0.016007681837251653,0.016007681837251653
ST-JD18-19,adjacent,divergent,64.06647085881391,64.00998927486806,-0.05648158394585323,0.05648158394585323
ST-JD18-20,exact_or_related,adjacent,84.97362404198203,84.98963172381927,0.016007681837237442,0.016007681837237442
ST-JD18-21,exact_or_related,adjacent,74.12326125124845,74.13926893308569,0.016007681837237442,0.016007681837237442
ST-JD18-22,exact_or_related,adjacent,74.92855654656641,74.94456422840365,0.016007681837237442,0.016007681837237442
ST-JD18-23,exact_or_related,adjacent,83.55230959838494,83.56831728022219,0.016007681837251653,0.016007681837251653
ST-JD18-24,exact_or_related,adjacent,69.27824081586044,69.29424849769768,0.016007681837237442,0.016007681837237442
ST-JD18-25,adjacent,divergent,72.16089966851685,72.104418084571,-0.05648158394585323,0.05648158394585323
ST-JD18-26,exact_or_related,adjacent,79.45404749405157,79.47005517588882,0.016007681837251653,0.016007681837251653
ST-JD18-27,exact_or_related,adjacent,73.82844445147167,73.8444521333089,0.016007681837237442,0.016007681837237442
ST-JD18-28,exact_or_related,adjacent,67.29750230733491,67.31350998917216,0.016007681837251653,0.016007681837251653
ST-JD18-29,adjacent,divergent,67.0755269869636,67.01904540301776,-0.05648158394583902,0.05648158394583902
ST-JD18-30,exact_or_related,adjacent,77.11201191477903,77.12801959661627,0.016007681837237442,0.016007681837237442
ST-JD18-31,exact_or_related,adjacent,77.34531879966605,77.36132648150328,0.016007681837237442,0.016007681837237442
ST-JD18-32,exact_or_related,adjacent,76.41711517745198,76.43312285928921,0.016007681837237442,0.016007681837237442
ST-JD18-33,exact_or_related,adjacent,66.29775292853549,66.31376061037273,0.016007681837237442,0.016007681837237442
ST-JD18-34,exact_or_related,adjacent,74.55934036672488,74.57534804856212,0.016007681837237442,0.016007681837237442
ST-JD18-35,divergent,exact_or_related,77.86710401260525,77.90757791471385,0.04047390210860158,0.04047390210860158
ST-JD18-36,exact_or_related,adjacent,81.49187420002067,81.50788188185791,0.016007681837237442,0.016007681837237442
ST-JD18-37,exact_or_related,adjacent,61.64118789057701,61.65719557241425,0.016007681837244547,0.016007681837244547
ST-JD18-38,exact_or_related,adjacent,70.86515013406972,70.88115781590696,0.016007681837237442,0.016007681837237442
ST-JD18-39,exact_or_related,adjacent,66.99777800439095,67.01378568622819,0.016007681837237442,0.016007681837237442
ST-JD18-40,exact_or_related,adjacent,74.7175214744707,74.73352915630794,0.016007681837237442,0.016007681837237442
ST-JD18-41,exact_or_related,adjacent,78.79816305785042,78.81417073968765,0.016007681837237442,0.016007681837237442
ST-JD18-42,exact_or_related,adjacent,73.94009557328262,73.95610325511986,0.016007681837237442,0.016007681837237442
ST-JD18-43,exact_or_related,adjacent,62.66091854584688,62.67692622768412,0.016007681837237442,0.016007681837237442
ST-JD18-44,exact_or_related,adjacent,66.71385622541868,66.72986390725592,0.016007681837237442,0.016007681837237442
ST-JD18-45,adjacent,divergent,64.16565910384483,64.10917751989898,-0.05648158394585323,0.05648158394585323
ST-JD18-46,exact_or_related,adjacent,60.35823195966173,60.374239641498974,0.016007681837244547,0.016007681837244547
ST-JD18-47,adjacent,divergent,80.66439169587973,80.60791011193389,-0.05648158394583902,0.05648158394583902
ST-JD18-48,exact_or_related,adjacent,72.63425108684699,72.65025876868422,0.016007681837237442,0.016007681837237442
ST-JD18-49,adjacent,divergent,74.72833581115944,74.6718542272136,-0.05648158394583902,0.05648158394583902
ST-JD18-50,exact_or_related,adjacent,78.46013042653863,78.47613810837586,0.016007681837237442,0.016007681837237442
ST-JD18-51,exact_or_related,adjacent,74.61961947926513,74.63562716110238,0.016007681837251653,0.016007681837251653
ST-JD18-52,adjacent,divergent,72.65404964790527,72.59756806395941,-0.05648158394585323,0.05648158394585323
ST-JD18-53,exact_or_related,adjacent,62.20225716146201,62.218264843299245,0.016007681837237442,0.016007681837237442
ST-JD18-54,exact_or_related,adjacent,67.6978092362532,67.71381691809044,0.016007681837237442,0.016007681837237442
ST-JD18-55,exact_or_related,adjacent,68.44929740006928,68.46530508190652,0.016007681837237442,0.016007681837237442
ST-JD18-56,exact_or_related,adjacent,67.93657536952654,67.95258305136379,0.016007681837251653,0.016007681837251653
ST-JD18-57,exact_or_related,adjacent,76.07241463777967,76.08842231961691,0.016007681837237442,0.016007681837237442
ST-JD18-58,adjacent,divergent,80.34939571755432,80.29291413360848,-0.05648158394583902,0.05648158394583902
ST-JD18-59,adjacent,divergent,75.85869098869465,75.8022094047488,-0.05648158394585323,0.05648158394585323
ST-JD18-60,adjacent,divergent,86.72604399620859,86.66956241226275,-0.05648158394583902,0.05648158394583902
ST-JD18-61,exact_or_related,adjacent,67.85017725427187,67.86618493610911,0.016007681837237442,0.016007681837237442
ST-JD18-62,exact_or_related,adjacent,56.622500716704245,56.63850839854149,0.016007681837244547,0.016007681837244547
ST-JD18-63,adjacent,divergent,76.33195249474454,76.27547091079869,-0.05648158394585323,0.05648158394585323
ST-JD18-64,adjacent,divergent,63.27991993696635,63.223438353020505,-0.056481583945846126,0.056481583945846126
ST-JD18-65,divergent,exact_or_related,75.09866620342065,75.13914010552926,0.04047390210861579,0.04047390210861579
ST-JD18-66,adjacent,divergent,75.71558435238168,75.65910276843583,-0.05648158394585323,0.05648158394585323
ST-JD18-67,exact_or_related,adjacent,71.73836326295559,71.75437094479283,0.016007681837237442,0.016007681837237442
ST-JD18-68,exact_or_related,adjacent,77.50145074407133,77.51745842590857,0.016007681837237442,0.016007681837237442
ST-JD18-69,exact_or_related,adjacent,66.03568123718834,66.05168891902558,0.016007681837237442,0.016007681837237442
ST-JD18-70,exact_or_related,adjacent,83.33038753824637,83.34639522008361,0.016007681837237442,0.016007681837237442
ST-JD18-71,exact_or_related,adjacent,74.1811201230243,74.19712780486154,0.016007681837237442,0.016007681837237442
ST-JD18-72,exact_or_related,adjacent,70.22685872463114,70.24286640646838,0.016007681837237442,0.016007681837237442
ST-JD18-73,exact_or_related,adjacent,77.25474895197988,77.27075663381711,0.016007681837237442,0.016007681837237442
ST-JD18-74,exact_or_related,adjacent,60.23068266433671,60.24669034617395,0.016007681837237442,0.016007681837237442
ST-JD18-75,exact_or_related,adjacent,65.4705834454286,65.48659112726584,0.016007681837237442,0.016007681837237442
ST-JD18-76,adjacent,divergent,62.66650178112524,62.61002019717939,-0.05648158394585323,0.05648158394585323
ST-JD18-77,adjacent,divergent,61.57658018645479,61.52009860250894,-0.05648158394585323,0.05648158394585323
ST-JD18-78,exact_or_related,adjacent,76.52749841061534,76.54350609245257,0.016007681837237442,0.016007681837237442
ST-JD18-79,adjacent,divergent,86.07730995986297,86.02082837591713,-0.05648158394583902,0.05648158394583902
ST-JD18-80,exact_or_related,adjacent,60.65194464660997,60.667952328447214,0.016007681837244547,0.016007681837244547
ST-JD18-81,exact_or_related,adjacent,80.70415417910752,80.72016186094476,0.016007681837237442,0.016007681837237442
ST-JD18-82,exact_or_related,adjacent,83.63140157518679,83.64740925702402,0.016007681837237442,0.016007681837237442
ST-JD18-83,exact_or_related,adjacent,72.87888435842984,72.89489204026708,0.016007681837237442,0.016007681837237442
ST-JD18-84,adjacent,divergent,75.29429053136472,75.23780894741887,-0.05648158394585323,0.05648158394585323
ST-JD18-85,exact_or_related,adjacent,86.3916676732854,86.40767535512263,0.016007681837237442,0.016007681837237442
ST-JD18-86,divergent,exact_or_related,79.80162053528545,79.84209443739407,0.04047390210861579,0.04047390210861579
ST-JD18-87,exact_or_related,adjacent,74.01982815052594,74.03583583236318,0.016007681837237442,0.016007681837237442
ST-JD18-88,exact_or_related,adjacent,80.65048239227856,80.6664900741158,0.016007681837237442,0.016007681837237442
ST-JD18-89,adjacent,divergent,70.21059183730583,70.15411025335999,-0.05648158394583902,0.05648158394583902
ST-JD18-90,divergent,exact_or_related,67.6560562363163,67.6965301384249,0.04047390210860158,0.04047390210860158
ST-JD18-91,exact_or_related,adjacent,69.5971337918528,69.61314147369005,0.016007681837251653,0.016007681837251653
ST-JD18-92,exact_or_related,adjacent,67.09114538976746,67.1071530716047,0.016007681837237442,0.016007681837237442
ST-JD18-93,exact_or_related,adjacent,69.98397001032653,69.99997769216377,0.016007681837237442,0.016007681837237442
ST-JD18-94,divergent,exact_or_related,70.01831433624365,70.05878823835225,0.04047390210860158,0.04047390210860158
ST-JD18-95,exact_or_related,adjacent,84.61842352348414,84.63443120532138,0.016007681837237442,0.016007681837237442
ST-JD18-96,divergent,exact_or_related,67.05036493453365,67.09083883664225,0.04047390210860158,0.04047390210860158
ST-JD18-97,adjacent,divergent,62.930200407942266,62.87371882399642,-0.056481583945846126,0.056481583945846126
ST-JD18-98,exact_or_related,adjacent,68.75760016535739,68.77360784719463,0.016007681837237442,0.016007681837237442
ST-JD18-99,exact_or_related,adjacent,83.22321886570985,83.23922654754709,0.016007681837237442,0.016007681837237442
ST-JD18-100,exact_or_related,adjacent,65.18831958028835,65.20432726212559,0.016007681837237442,0.016007681837237442
AE-JD19-01,exact_or_related,adjacent,78.15017848880142,78.16618617063867,0.016007681837251653,0.016007681837251653
AE-JD19-02,divergent,exact_or_related,77.221368233417,77.26184213552561,0.04047390210861579,0.04047390210861579
AE-JD19-03,exact_or_related,adjacent,73.56193219917911,73.57793988101635,0.016007681837237442,0.016007681837237442
AE-JD19-04,exact_or_related,adjacent,79.18440608613678,79.20041376797401,0.016007681837237442,0.016007681837237442
AE-JD19-05,exact_or_related,adjacent,76.00498450745371,76.02099218929095,0.016007681837237442,0.016007681837237442
AE-JD19-06,exact_or_related,adjacent,88.76134040046063,88.77734808229786,0.016007681837237442,0.016007681837237442
AE-JD19-07,adjacent,divergent,61.182228003935144,61.12574641998929,-0.05648158394585323,0.05648158394585323
AE-JD19-08,exact_or_related,adjacent,83.55168789317308,83.56769557501032,0.016007681837237442,0.016007681837237442
AE-JD19-09,divergent,exact_or_related,67.55321584345972,67.59368974556833,0.04047390210860158,0.04047390210860158
AE-JD19-10,exact_or_related,adjacent,73.85904356476723,73.87505124660449,0.016007681837251653,0.016007681837251653
AE-JD19-11,exact_or_related,adjacent,78.33738849479101,78.35339617662825,0.016007681837237442,0.016007681837237442
AE-JD19-12,exact_or_related,adjacent,71.62025812464631,71.63626580648355,0.016007681837237442,0.016007681837237442
AE-JD19-13,exact_or_related,adjacent,68.89067921668358,68.90668689852082,0.016007681837237442,0.016007681837237442
AE-JD19-14,adjacent,divergent,73.70249341386904,73.64601182992318,-0.05648158394585323,0.05648158394585323
AE-JD19-15,exact_or_related,adjacent,88.33884511669274,88.35485279852998,0.016007681837237442,0.016007681837237442
AE-JD19-16,exact_or_related,adjacent,75.60600577603353,75.62201345787076,0.016007681837237442,0.016007681837237442
AE-JD19-17,exact_or_related,adjacent,56.96504079679648,56.98104847863372,0.016007681837237442,0.016007681837237442
AE-JD19-18,exact_or_related,adjacent,80.3948045128406,80.41081219467783,0.016007681837237442,0.016007681837237442
AE-JD19-19,divergent,exact_or_related,85.56941935237613,85.60989325448473,0.04047390210860158,0.04047390210860158
AE-JD19-20,adjacent,divergent,64.61328544137831,64.55680385743246,-0.05648158394585323,0.05648158394585323
AE-JD19-21,divergent,exact_or_related,77.18981629968215,77.23029020179077,0.04047390210861579,0.04047390210861579
AE-JD19-22,divergent,exact_or_related,70.4543707663727,70.49484466848132,0.04047390210861579,0.04047390210861579
AE-JD19-23,divergent,exact_or_related,78.79762527996105,78.83809918206966,0.04047390210860158,0.04047390210860158
AE-JD19-24,divergent,exact_or_related,66.04806083067845,66.08853473278705,0.04047390210860158,0.04047390210860158
AE-JD19-25,adjacent,divergent,76.29442643705997,76.23794485311412,-0.05648158394585323,0.05648158394585323
AE-JD19-26,exact_or_related,adjacent,75.04634715071924,75.06235483255648,0.016007681837237442,0.016007681837237442
AE-JD19-27,exact_or_related,adjacent,61.94716733703804,61.963175018875276,0.016007681837237442,0.016007681837237442
AE-JD19-28,exact_or_related,adjacent,75.56965528986497,75.5856629717022,0.016007681837237442,0.016007681837237442
AE-JD19-29,adjacent,divergent,73.0529502305793,72.99646864663345,-0.05648158394585323,0.05648158394585323
AE-JD19-30,exact_or_related,adjacent,64.66387022789844,64.6798779097357,0.016007681837251653,0.016007681837251653
AE-JD19-31,exact_or_related,adjacent,64.68725237983315,64.70326006167039,0.016007681837237442,0.016007681837237442
AE-JD19-32,adjacent,divergent,66.57873448635716,66.52225290241131,-0.05648158394585323,0.05648158394585323
AE-JD19-33,exact_or_related,adjacent,74.30513056134969,74.32113824318692,0.016007681837237442,0.016007681837237442
AE-JD19-34,exact_or_related,adjacent,52.860621075243294,52.87662875708053,0.016007681837237442,0.016007681837237442
AE-JD19-35,exact_or_related,adjacent,72.8553678060821,72.87137548791934,0.016007681837237442,0.016007681837237442
AE-JD19-36,adjacent,divergent,68.81415607486126,68.7576744909154,-0.05648158394585323,0.05648158394585323
AE-JD19-37,adjacent,divergent,60.645063290605414,60.58858170665957,-0.056481583945846126,0.056481583945846126
AE-JD19-38,exact_or_related,adjacent,67.23401346785468,67.25002114969192,0.016007681837237442,0.016007681837237442
AE-JD19-39,exact_or_related,adjacent,66.46133370928153,66.47734139111877,0.016007681837237442,0.016007681837237442
AE-JD19-40,exact_or_related,adjacent,70.58567425658575,70.60168193842298,0.016007681837237442,0.016007681837237442
AE-JD19-41,exact_or_related,adjacent,88.1274668394243,88.14347452126155,0.016007681837251653,0.016007681837251653
AE-JD19-42,adjacent,divergent,80.10876976427068,80.05228818032482,-0.05648158394585323,0.05648158394585323
AE-JD19-43,exact_or_related,adjacent,62.53372431047389,62.54973199231113,0.016007681837237442,0.016007681837237442
AE-JD19-44,divergent,exact_or_related,68.97914785893585,69.01962176104445,0.04047390210860158,0.04047390210860158
AE-JD19-45,exact_or_related,adjacent,83.07914016701525,83.09514784885249,0.016007681837237442,0.016007681837237442
AE-JD19-46,exact_or_related,adjacent,79.41889699232225,79.43490467415948,0.016007681837237442,0.016007681837237442
AE-JD19-47,exact_or_related,adjacent,75.35100173467423,75.36700941651146,0.016007681837237442,0.016007681837237442
AE-JD19-48,adjacent,divergent,64.66524102550164,64.60875944155579,-0.05648158394585323,0.05648158394585323
AE-JD19-49,exact_or_related,adjacent,65.21452588960535,65.2305335714426,0.016007681837251653,0.016007681837251653
AE-JD19-50,adjacent,divergent,73.2388972129555,73.18241562900965,-0.05648158394583902,0.05648158394583902
AE-JD19-51,exact_or_related,adjacent,60.523520659208785,60.53952834104603,0.016007681837244547,0.016007681837244547
AE-JD19-52,adjacent,divergent,78.08557260970365,78.0290910257578,-0.05648158394585323,0.05648158394585323
AE-JD19-53,adjacent,divergent,63.149826025514635,63.09334444156878,-0.05648158394585323,0.05648158394585323
AE-JD19-54,exact_or_related,adjacent,84.51452432053834,84.53053200237558,0.016007681837237442,0.016007681837237442
AE-JD19-55,divergent,exact_or_related,77.31870628504524,77.35918018715385,0.04047390210861579,0.04047390210861579
AE-JD19-56,exact_or_related,adjacent,79.25694762720747,79.2729553090447,0.016007681837237442,0.016007681837237442
AE-JD19-57,exact_or_related,adjacent,60.52973815468808,60.54574583652533,0.016007681837244547,0.016007681837244547
AE-JD19-58,exact_or_related,adjacent,64.38726484548707,64.4032725273243,0.016007681837237442,0.016007681837237442
AE-JD19-59,adjacent,divergent,69.61772225791283,69.56124067396698,-0.05648158394585323,0.05648158394585323
AE-JD19-60,adjacent,divergent,67.49317543409188,67.43669385014604,-0.05648158394583902,0.05648158394583902
AE-JD19-61,exact_or_related,adjacent,73.09934619100642,73.11535387284366,0.016007681837237442,0.016007681837237442
AE-JD19-62,exact_or_related,adjacent,74.7902028471884,74.80621052902563,0.016007681837237442,0.016007681837237442
AE-JD19-63,adjacent,divergent,68.51426010152657,68.45777851758072,-0.05648158394585323,0.05648158394585323
AE-JD19-64,adjacent,divergent,73.43491273615254,73.37843115220669,-0.05648158394585323,0.05648158394585323
AE-JD19-65,adjacent,divergent,70.37908373285985,70.322602148914,-0.05648158394585323,0.05648158394585323
AE-JD19-66,divergent,exact_or_related,73.96723062388776,74.00770452599636,0.04047390210860158,0.04047390210860158
AE-JD19-67,exact_or_related,adjacent,79.78506643326678,79.80107411510402,0.016007681837237442,0.016007681837237442
AE-JD19-68,exact_or_related,adjacent,67.98615222996717,68.00215991180441,0.016007681837237442,0.016007681837237442
AE-JD19-69,divergent,exact_or_related,64.00787165468964,64.04834555679824,0.04047390210860158,0.04047390210860158
AE-JD19-70,divergent,exact_or_related,86.92467580279865,86.96514970490726,0.04047390210861579,0.04047390210861579
AE-JD19-71,divergent,exact_or_related,76.96100793147168,77.00148183358029,0.04047390210860158,0.04047390210860158
AE-JD19-72,exact_or_related,adjacent,79.43371995520252,79.44972763703976,0.016007681837237442,0.016007681837237442
AE-JD19-73,exact_or_related,adjacent,86.41486474256415,86.43087242440139,0.016007681837237442,0.016007681837237442
AE-JD19-74,exact_or_related,adjacent,79.39122564213947,79.40723332397671,0.016007681837237442,0.016007681837237442
AE-JD19-75,adjacent,divergent,72.65389302408329,72.59741144013744,-0.05648158394585323,0.05648158394585323
AE-JD19-76,exact_or_related,adjacent,74.31772397631156,74.33373165814879,0.016007681837237442,0.016007681837237442
AE-JD19-77,adjacent,divergent,78.3683974482275,78.31191586428166,-0.05648158394583902,0.05648158394583902
AE-JD19-78,exact_or_related,adjacent,69.49363552405833,69.50964320589557,0.016007681837237442,0.016007681837237442
AE-JD19-79,exact_or_related,adjacent,69.26155865090004,69.27756633273728,0.016007681837237442,0.016007681837237442
AE-JD19-80,exact_or_related,adjacent,55.312019436830276,55.32802711866752,0.016007681837244547,0.016007681837244547
AE-JD19-81,adjacent,divergent,62.31427566207228,62.25779407812643,-0.05648158394585323,0.05648158394585323
AE-JD19-82,adjacent,divergent,58.51292882644286,58.456447242497006,-0.05648158394585323,0.05648158394585323
AE-JD19-83,exact_or_related,adjacent,66.76805430778721,66.78406198962446,0.016007681837251653,0.016007681837251653
AE-JD19-84,adjacent,divergent,76.17645714612809,76.11997556218223,-0.05648158394585323,0.05648158394585323
AE-JD19-85,exact_or_related,adjacent,85.85768135085647,85.87368903269372,0.016007681837251653,0.016007681837251653
AE-JD19-86,exact_or_related,adjacent,73.77171670885404,73.7877243906913,0.016007681837251653,0.016007681837251653
AE-JD19-87,exact_or_related,adjacent,80.98490087051518,81.00090855235241,0.016007681837237442,0.016007681837237442
AE-JD19-88,divergent,exact_or_related,65.66663328260948,65.7071071847181,0.04047390210861579,0.04047390210861579
AE-JD19-89,exact_or_related,adjacent,69.69454314171666,69.7105508235539,0.016007681837237442,0.016007681837237442
AE-JD19-90,adjacent,divergent,61.54103009227713,61.48454850833129,-0.056481583945846126,0.056481583945846126
AE-JD19-91,exact_or_related,adjacent,68.58300232713782,68.59901000897506,0.016007681837237442,0.016007681837237442
AE-JD19-92,exact_or_related,adjacent,80.52970761289419,80.54571529473142,0.016007681837237442,0.016007681837237442
AE-JD19-93,exact_or_related,adjacent,82.00115509058197,82.01716277241921,0.016007681837237442,0.016007681837237442
AE-JD19-94,adjacent,divergent,69.50923732183172,69.45275573788587,-0.05648158394585323,0.05648158394585323
AE-JD19-95,divergent,exact_or_related,82.65268684608249,82.69316074819109,0.04047390210860158,0.04047390210860158
AE-JD19-96,exact_or_related,adjacent,77.5454987224626,77.56150640429983,0.016007681837237442,0.016007681837237442
AE-JD19-97,exact_or_related,adjacent,68.83056438266688,68.84657206450413,0.016007681837251653,0.016007681837251653
AE-JD19-98,divergent,exact_or_related,72.2959988315821,72.33647273369071,0.04047390210861579,0.04047390210861579
AE-JD19-99,exact_or_related,adjacent,76.85142271932045,76.86743040115769,0.016007681837237442,0.016007681837237442
AE-JD19-100,exact_or_related,adjacent,86.16017537097001,86.17618305280725,0.016007681837237442,0.016007681837237442
